id,t,y,treat
1,1,-.8284358881141809,1
1,2,.1518507620329322,1
1,3,-1.344131093852046,1
2,1,-.4549059895119787,1
2,2,-.8738658705944992,1
2,3,1.651375095466381,1
3,1,-1.56129558725463,1
3,2,-.267207570276842,1
3,3,.0720433578312414,1
4,1,-2.508275469153374,1
4,2,-2.871425402572593,1
4,3,.4549417446654427,1
5,1,1.031976084539966,1
5,2,.7785932532124571,1
5,3,-.3932138865024621,1
6,1,-.6861770182638939,1
6,2,.2574758048870896,1
6,3,1.975345847349517,1
7,1,1.394454816563899,1
7,2,2.671787789933194,1
7,3,2.490827395333751,1
8,1,-1.619085666759999,1
8,2,.3887850634090519,1
8,3,.6612150995090433,1
9,1,-.2128094482185109,1
9,2,1.336003270924459,1
9,3,1.344662591157985,1
10,1,.1695762990273725,1
10,2,1.53225738885719,1
10,3,2.109144572431794,1
11,1,1.994617014747762,1
11,2,1.36947972400956,1
11,3,1.617101054248071,1
12,1,1.718939739864144,1
12,2,2.309237376993265,1
12,3,1.619489117910486,1
13,1,1.106669972215027,1
13,2,-.9108923207968614,1
13,3,2.523917495305312,1
14,1,.2093406526757589,1
14,2,1.148583273778109,1
14,3,-1.25465277241218,1
15,1,.9249067870956583,1
15,2,1.055115830821954,1
15,3,1.15175497367307,1
16,1,.093981692387956,1
16,2,.2119431121411134,1
16,3,2.458086905386732,1
17,1,.925989810822352,1
17,2,1.437071446801253,1
17,3,1.304375459177633,1
18,1,-1.112311111716527,1
18,2,-1.153488851105922,1
18,3,-1.456802245032511,1
19,1,1.142746109589867,1
19,2,.3697994518710109,1
19,3,1.456862695768737,1
20,1,1.319892589770713,1
20,2,.8853708836730931,1
20,3,-.1605665792339153,1
21,1,.3244483361332743,1
21,2,.5122062011127821,1
21,3,.3085272681587011,1
22,1,1.91872069672266,1
22,2,2.722418291596827,1
22,3,4.073115368841379,1
23,1,.8958893677895916,1
23,2,.8308038833990039,1
23,3,.1132135604850513,1
24,1,.6767325176277126,1
24,2,1.296382527530127,1
24,3,5.013478833583742,1
25,1,.8902474877714026,1
25,2,-2.001996529050989,1
25,3,-1.850719798492233,1
26,1,.4355097934978593,1
26,2,-.7927686460585954,1
26,3,-.8652602261544502,1
27,1,-.9534413240254834,1
27,2,-.9407421840605301,1
27,3,-.02440626000089,1
28,1,-1.89744354042288,1
28,2,-.1176535033468691,1
28,3,.9508368145676905,1
29,1,1.816876085178338,1
29,2,-.8646711416792101,1
29,3,2.262289942676265,1
30,1,2.104954223947879,1
30,2,.6981807429347897,1
30,3,2.700843823767527,1
31,1,3.348167315726874,1
31,2,2.417548497510332,1
31,3,3.807748685048834,1
32,1,-.9643860195074122,1
32,2,-.5577444044368567,1
32,3,.8523019896353481,1
33,1,-.8355160615855268,1
33,2,-1.268558366760649,1
33,3,-.7588741629080207,1
34,1,-1.585267094625832,1
34,2,.119593442475792,1
34,3,1.486549463279583,1
35,1,1.013264235459211,1
35,2,-.1044126681366975,1
35,3,2.125627836215591,1
36,1,.5840984631979116,1
36,2,.5484384070013861,1
36,3,1.046614801692144,1
37,1,1.02143965879311,1
37,2,-.1205828504217964,1
37,3,.4274261999113896,1
38,1,-1.533542421245803,1
38,2,-1.670111065695475,1
38,3,2.362128552609699,1
39,1,.9328392879847672,1
39,2,1.076194885894812,1
39,3,.0694213550104376,1
40,1,-.3149115904653002,1
40,2,-1.815334419810832,1
40,3,1.097896947300657,1
41,1,-.7458873805550441,1
41,2,.0282654833590514,1
41,3,-1.106178263934565,1
42,1,.2903291453920169,1
42,2,-1.244685538099028,1
42,3,.394624297803957,1
43,1,.6103454320088839,1
43,2,1.360331991037238,1
43,3,.7674040548350954,1
44,1,1.57935833317474,1
44,2,-.6305181067715383,1
44,3,1.491799974515144,1
45,1,.0302869874074593,1
45,2,.1575112599176964,1
45,3,-.1483310038703546,1
46,1,-.6873080010346242,1
46,2,.2919848337751971,1
46,3,-.0561595686179951,1
47,1,.8043289005392615,1
47,2,-.0463646455732077,1
47,3,2.500859864996662,1
48,1,1.145929966721638,1
48,2,.771698339078225,1
48,3,2.334331162721921,1
49,1,.2768192041885418,1
49,2,.5417066753907851,1
49,3,-.1120507889578924,1
50,1,-.026086009740797,1
50,2,-.0100227908782259,1
50,3,1.775654759218426,1
51,1,-.0383994476874211,1
51,2,.3072586949778395,1
51,3,.1828183641933435,1
52,1,.329658411420545,1
52,2,-1.442797626463944,1
52,3,-1.177923183201324,1
53,1,1.162783079503737,1
53,2,.3374545557020888,1
53,3,1.078160192597499,1
54,1,1.977032552149191,1
54,2,.2691084361827011,1
54,3,1.069843083817148,1
55,1,1.295647496676178,1
55,2,-.9089725012461748,1
55,3,1.085076898775783,1
56,1,3.114272712776244,1
56,2,2.338311057529596,1
56,3,1.728584038493002,1
57,1,.4385314859593145,1
57,2,.8112048325691336,1
57,3,.3492662163029656,1
58,1,-1.401529120519122,1
58,2,-1.518622410710144,1
58,3,-1.894546692303513,1
59,1,-1.390381372038556,1
59,2,.1146136241992495,1
59,3,1.011101664994784,1
60,1,.6479977248661503,1
60,2,.5543937679873938,1
60,3,1.736729729290349,1
61,1,-1.819777120010189,1
61,2,-.0153210125256558,1
61,3,1.826679369336132,1
62,1,-.8126002041320409,1
62,2,.1514061071118247,1
62,3,1.700514133581871,1
63,1,1.972625621987108,1
63,2,.9838156026217946,1
63,3,1.975970409161813,1
64,1,-1.452958907116669,1
64,2,1.260185976348731,1
64,3,.6274203435174378,1
65,1,2.096703390027309,1
65,2,2.945533712755279,1
65,3,1.423102458329375,1
66,1,-1.164135434231527,1
66,2,-1.433400105036495,1
66,3,3.441611507396302,1
67,1,.4686669981938829,1
67,2,1.946489776056674,1
67,3,1.617153327169628,1
68,1,1.447246388223379,1
68,2,-.4017081374233708,1
68,3,1.038006255595183,1
69,1,-1.049899253143796,1
69,2,1.098945871843724,1
69,3,2.221580021390465,1
70,1,-2.976631670872608,1
70,2,-1.595756599616785,1
70,3,-1.560897221456608,1
71,1,2.626327233684282,1
71,2,-.6461452971336674,1
71,3,2.673029067409672,1
72,1,-.2405504278375098,1
72,2,1.564682184449075,1
72,3,.7742950236229779,1
73,1,-1.779915662660804,1
73,2,-.427517567601866,1
73,3,2.121507236092485,1
74,1,-3.854150967995137,1
74,2,-2.298754464010363,1
74,3,-.382068347155017,1
75,1,.2811816504495325,1
75,2,-1.291517364027302,1
75,3,.9047814442194488,1
76,1,.8111401378810343,1
76,2,1.011533954897566,1
76,3,2.638187469260502,1
77,1,.4229843990372865,1
77,2,-.326113178115699,1
77,3,.5200330854682598,1
78,1,-3.601017622326289,1
78,2,-2.184111449412474,1
78,3,-2.164284949587898,1
79,1,.7921786144873042,1
79,2,-1.224230529296629,1
79,3,1.355619854930493,1
80,1,-.7427176304071168,1
80,2,.8464862775146358,1
80,3,.6466513311750786,1
81,1,1.279581448450417,1
81,2,1.051647875183963,1
81,3,.3089013240646368,1
82,1,-1.503703439050302,1
82,2,-.5927977769750485,1
82,3,.8427731581232989,1
83,1,-2.864765574331827,1
83,2,-2.991747516899054,1
83,3,.1249451352654004,1
84,1,-1.228337250111649,1
84,2,-.5102140052593391,1
84,3,1.086619101031277,1
85,1,.8132953161738616,1
85,2,.0431541829203386,1
85,3,1.447528163514655,1
86,1,-.7932448417598419,1
86,2,-.8567683694852752,1
86,3,.2226217445624648,1
87,1,-1.63659129469692,1
87,2,-1.641037899603237,1
87,3,-1.213207361866782,1
88,1,-2.339468080272365,1
88,2,.2974432460616125,1
88,3,.5642916470608278,1
89,1,1.667638441016157,1
89,2,-.9730548048234909,1
89,3,2.167202224988218,1
90,1,-.302713957396219,1
90,2,-3.157140065587388,1
90,3,-.0797172532416101,1
91,1,-.8365662586218026,1
91,2,.8916250904703349,1
91,3,.5243506584556676,1
92,1,1.164100382839005,1
92,2,2.070720320590634,1
92,3,3.741767795423619,1
93,1,-1.523304555096952,1
93,2,-.6122861985231216,1
93,3,.8880418901489737,1
94,1,2.045625192263247,1
94,2,3.40070382110207,1
94,3,3.886842814761087,1
95,1,-.8910926047044583,1
95,2,1.258568785828232,1
95,3,.4889408987368413,1
96,1,-.472574070594791,1
96,2,2.155673418567618,1
96,3,2.482620733328718,1
97,1,-1.486366376989599,1
97,2,-.8074276671770876,1
97,3,-3.085985521200269,1
98,1,.8756450558865777,1
98,2,.3710174263532792,1
98,3,.4614519196378988,1
99,1,2.54214997026838,1
99,2,.7568353099631053,1
99,3,2.333057815519442,1
100,1,.3354256181495615,1
100,2,-1.388379068474783,1
100,3,1.734078226160727,1
101,1,-.8343626862140013,1
101,2,-.9439239469035619,1
101,3,2.394600420462559,1
102,1,.7455687417446861,1
102,2,.5770360585530421,1
102,3,1.538350064478717,1
103,1,-.0293337736152515,1
103,2,-1.436997463376691,1
103,3,-2.056211793876857,1
104,1,.2193553962359147,1
104,2,.2548488118672458,1
104,3,2.461332384142784,1
105,1,-.6131351591023488,1
105,2,-.0187061677041134,1
105,3,2.846754245261347,1
106,1,-1.383724025860413,1
106,2,-.2066866049034879,1
106,3,1.476032704122823,1
107,1,2.434421220550904,1
107,2,.7487164823577099,1
107,3,1.46924165355827,1
108,1,.3472647409309471,1
108,2,-.0154956660666984,1
108,3,.4718083838883032,1
109,1,1.066490798662103,1
109,2,-.4013315548506902,1
109,3,2.893053310287986,1
110,1,2.474955086968531,1
110,2,.1996814405455604,1
110,3,1.769399040796011,1
111,1,.9334803409370005,1
111,2,-.0086178702973527,1
111,3,1.75571760551684,1
112,1,-2.126773779184687,1
112,2,-.8537739032275933,1
112,3,1.81433611676327,1
113,1,-.1256184658834532,1
113,2,1.779302571423238,1
113,3,2.597233010101948,1
114,1,-.3606584330417614,1
114,2,1.475657263885657,1
114,3,2.614170784118002,1
115,1,.3015838310384381,1
115,2,-1.655818398623667,1
115,3,-.4559761518988798,1
116,1,-.7661839593020063,1
116,2,-.239158258199114,1
116,3,.6600124971788111,1
117,1,1.289868735768002,1
117,2,1.567749176816037,1
117,3,2.216508181602234,1
118,1,-.1095867171012233,1
118,2,1.972446670015528,1
118,3,1.427247129547419,1
119,1,1.035499845346501,1
119,2,.9122859535348455,1
119,3,2.35331204926857,1
120,1,1.876335782781557,1
120,2,-.0369256002128774,1
120,3,1.126097793991467,1
121,1,1.694084076143448,1
121,2,2.629257730325719,1
121,3,2.842038233936139,1
122,1,2.072089622868298,1
122,2,.899668875922117,1
122,3,1.599653176802657,1
123,1,-.6128942319167392,1
123,2,1.375776771898548,1
123,3,.8548985200489275,1
124,1,.0144807296004971,1
124,2,-.7031041346058586,1
124,3,-.1550561760723137,1
125,1,-1.141406024277696,1
125,2,-1.049396719845874,1
125,3,-1.111795961973155,1
126,1,1.035371105939437,1
126,2,-.4359011801997105,1
126,3,1.187131784415007,1
127,1,-1.308057537142638,1
127,2,-.9720482681126044,1
127,3,-.3339716341980894,1
128,1,.0979562100508252,1
128,2,.1796594017372732,1
128,3,-1.384309075114459,1
129,1,2.364217862054592,1
129,2,3.546747152855142,1
129,3,4.496276087106102,1
130,1,-1.343417797673435,1
130,2,-.5540344284452077,1
130,3,1.184039638309289,1
131,1,-.0122401956530325,1
131,2,-1.044387167860459,1
131,3,.3082268030811488,1
132,1,.2927834154385496,1
132,2,-.8686167602087482,1
132,3,1.048558942488524,1
133,1,-.1287551085156271,1
133,2,1.761912828303151,1
133,3,4.089869318943201,1
134,1,.5798472047166091,1
134,2,-.1664493625088412,1
134,3,.7645569771406986,1
135,1,.7997693107632264,1
135,2,-3.274968535877961,1
135,3,-.3307158488439887,1
136,1,-.1608849647545935,1
136,2,-.7131352465224869,1
136,3,1.468102590498206,1
137,1,1.162521954981628,1
137,2,1.536458299188519,1
137,3,2.373645446048883,1
138,1,1.610481802182532,1
138,2,.2439007134778394,1
138,3,-.3863549164442551,1
139,1,2.222637273994186,1
139,2,2.901072331000737,1
139,3,1.44708018708362,1
140,1,-.2220481433517593,1
140,2,-2.418307610519408,1
140,3,-.0037960177381896,1
141,1,-.2203286367687943,1
141,2,.2316118148645421,1
141,3,.5565859908380326,1
142,1,-.7238901892595825,1
142,2,.2821228488892545,1
142,3,.8699513742931189,1
143,1,-.6376781688804499,1
143,2,-.5775236026043082,1
143,3,.9720645040036102,1
144,1,.7645693175637266,1
144,2,-.050190920635245,1
144,3,1.174950209414673,1
145,1,-.4614874087441161,1
145,2,1.380363878763005,1
145,3,-.307709443581285,1
146,1,1.743951206260645,1
146,2,.1002700965224764,1
146,3,1.597186988702222,1
147,1,3.725197437198925,1
147,2,4.414946589145718,1
147,3,3.409488706864455,1
148,1,-.5020168347656877,1
148,2,-2.87799737681522,1
148,3,.4144620696368584,1
149,1,1.146799505712642,1
149,2,.7023302853329427,1
149,3,3.577126307814856,1
150,1,-.2383110179831135,1
150,2,-.9403695292677232,1
150,3,.9692267176126931,1
151,1,-2.101211069563568,1
151,2,-3.035478982713861,1
151,3,-.1470730783175689,1
152,1,-1.737376839046358,1
152,2,-1.54213294848502,1
152,3,.746774760308873,1
153,1,.7997332468046248,1
153,2,.108218882405335,1
153,3,.1024244233168514,1
154,1,.0750172448600306,1
154,2,-.5173775955328666,1
154,3,-3.123796144336568,1
155,1,-.0438281678281873,1
155,2,.2748453699226692,1
155,3,-.6000540867489934,1
156,1,-1.28008922393496,1
156,2,2.031150729901026,1
156,3,.9243679158296515,1
157,1,-.3089769129956649,1
157,2,.9021404389672232,1
157,3,-.3122026917047239,1
158,1,2.6301274975203,1
158,2,1.556173636128259,1
158,3,.5519896527848125,1
159,1,-1.16960534185771,1
159,2,-1.126012551221031,1
159,3,-1.069783153751478,1
160,1,.5601966277325285,1
160,2,-2.549160918869471,1
160,3,.4952834704931825,1
161,1,-1.922597101756585,1
161,2,-1.799404388896494,1
161,3,-.6206204759092682,1
162,1,.0202108077563979,1
162,2,-.6963642350222535,1
162,3,-1.270462440244135,1
163,1,1.35854876334166,1
163,2,2.466724915668222,1
163,3,2.022911785031654,1
164,1,2.736292162227817,1
164,2,2.080103720477821,1
164,3,5.940333891069884,1
165,1,-.0911957854216421,1
165,2,.6588249205073102,1
165,3,2.219739988251184,1
166,1,3.529864753103026,1
166,2,1.318851750623437,1
166,3,1.983264908166583,1
167,1,1.1025391050096,1
167,2,3.47167189558687,1
167,3,2.80085225029995,1
168,1,-.3004673211241495,1
168,2,-2.025651196303894,1
168,3,2.020145972561407,1
169,1,2.290672064757374,1
169,2,-.4253699099421078,1
169,3,1.946812525242297,1
170,1,-.744951635842996,1
170,2,.7619308316124015,1
170,3,.9156404027114994,1
171,1,-2.445462291484179,1
171,2,-.5969790993936892,1
171,3,-.2599166782406537,1
172,1,1.009544142334606,1
172,2,.8802080112225088,1
172,3,-.0793836456833385,1
173,1,-1.724493844671326,1
173,2,.7457012637887042,1
173,3,1.737103569369848,1
174,1,.7603503526190357,1
174,2,1.000645644593555,1
174,3,.5207635913346025,1
175,1,2.081261321579548,1
175,2,.6436280241237686,1
175,3,.6562630369065359,1
176,1,.1690389131671804,1
176,2,-1.019842386068261,1
176,3,2.022847166596942,1
177,1,.9846349973447212,1
177,2,2.113603989030389,1
177,3,.5272912236104476,1
178,1,-1.797502679173502,1
178,2,-1.236348696724513,1
178,3,-2.339864458631002,1
179,1,-.0902935547868172,1
179,2,.8664396679752764,1
179,3,-1.053253147739378,1
180,1,.9446908025392,1
180,2,2.214593099308604,1
180,3,-.1294868328632934,1
181,1,-2.414754677054498,1
181,2,-1.585923256288664,1
181,3,-2.478052396772015,1
182,1,-2.613135533369909,1
182,2,-.1780148034127164,1
182,3,.6561861580250528,1
183,1,.3689190006715253,1
183,2,.1316309217534354,1
183,3,-.3661763609700753,1
184,1,-1.353843329954365,1
184,2,-.9137286761675389,1
184,3,.5001692227486119,1
185,1,.4557739128045875,1
185,2,.6830555180105992,1
185,3,1.090890931906361,1
186,1,-.2507494750573645,1
186,2,-.9808296728052022,1
186,3,.2269807794354905,1
187,1,.7601997786662968,1
187,2,-.0131919570430692,1
187,3,2.17938966490492,1
188,1,1.466974100800038,1
188,2,-.5597403305303207,1
188,3,-2.089913169150595,1
189,1,.9170746044544835,1
189,2,.7035612536889203,1
189,3,3.032659746821868,1
190,1,-.7483510997110666,1
190,2,.9959568758870965,1
190,3,.2318715810945084,1
191,1,-.0276111381924633,1
191,2,.9456060123548611,1
191,3,3.403970668527138,1
192,1,-.5444917226268304,1
192,2,1.395891720916548,1
192,3,2.405199667516266,1
193,1,-.0610574654070367,1
193,2,-1.003398658756472,1
193,3,.7956750734520555,1
194,1,-.7503785326937018,1
194,2,2.462920091786867,1
194,3,1.529829022538598,1
195,1,-1.291171820421972,1
195,2,1.458648368036821,1
195,3,2.194391313259858,1
196,1,-.242879197261892,1
196,2,-.1009636065413491,1
196,3,-1.460073575599472,1
197,1,.9086974222918223,1
197,2,-.9724355735215799,1
197,3,-.53517098009401,1
198,1,-3.479839554521818,1
198,2,-4.062231843436771,1
198,3,-.3928915487406519,1
199,1,-1.647184998919102,1
199,2,-1.293828714882135,1
199,3,.5181697895310566,1
200,1,-.2317097953259528,1
200,2,1.489982053961742,1
200,3,-2.105202203069281,1
201,1,.0369618121475431,1
201,2,-.1934939264173294,1
201,3,1.289330230263044,1
202,1,2.047441966002111,1
202,2,-.039510149183799,1
202,3,1.202225144343851,1
203,1,.7707838278993444,1
203,2,-.3670596481546939,1
203,3,1.851708685070032,1
204,1,-.3847240779264465,1
204,2,.5896311509285403,1
204,3,1.072293455875184,1
205,1,.7207988466232984,1
205,2,-.0688536012827159,1
205,3,1.021628284955405,1
206,1,-.3761848864472863,1
206,2,.7693193205265383,1
206,3,1.798923113701144,1
207,1,1.814688172184098,1
207,2,.5332561697863137,1
207,3,1.694317528665762,1
208,1,-.1422791865621238,1
208,2,1.022751281936821,1
208,3,1.377134664494159,1
209,1,-1.589140714581361,1
209,2,-.3218654702617112,1
209,3,2.566988338711082,1
210,1,.1612495906073043,1
210,2,-.2133381239020894,1
210,3,.2453834601329418,1
211,1,-2.076823038198206,1
211,2,-2.205656393564308,1
211,3,.1670990592933337,1
212,1,2.472804874967762,1
212,2,1.16591046321927,1
212,3,3.011342084825607,1
213,1,-.87462989452572,1
213,2,1.191612570310378,1
213,3,-.7393999609515263,1
214,1,-.9869647467528839,1
214,2,.7770997530733726,1
214,3,1.254956881259919,1
215,1,.8520740065491306,1
215,2,-.2215725788262801,1
215,3,1.586349634677252,1
216,1,-.194368871520566,1
216,2,.5045637374242282,1
216,3,.3453472386124922,1
217,1,1.632131843588675,1
217,2,.3584020932946542,1
217,3,.6202936357718437,1
218,1,-.1314343278400553,1
218,2,.3136226023256179,1
218,3,1.758681775767793,1
219,1,.9225666006990088,1
219,2,-.1223812261088413,1
219,3,1.353311649245129,1
220,1,.3639286292373101,1
220,2,-.8084097424684753,1
220,3,-.7240651657642565,1
221,1,.3639307954491861,1
221,2,-1.134182017496112,1
221,3,-1.818156967049493,1
222,1,-1.691591094072744,1
222,2,1.259273728658293,1
222,3,-.8903273649258614,1
223,1,-2.764366870813651,1
223,2,.4617265096838146,1
223,3,-.6275961862984035,1
224,1,.1779328039565709,1
224,2,-.7674864817255764,1
224,3,-2.186144022822787,1
225,1,1.593020385421699,1
225,2,1.630824306764937,1
225,3,2.451602141139479,1
226,1,-.8186698349232268,1
226,2,-.4283657793906942,1
226,3,-.1278264854010203,1
227,1,.0913146534928326,1
227,2,2.466547460680889,1
227,3,1.632676977792869,1
228,1,-.1402276828919687,1
228,2,-.625408493583782,1
228,3,-1.11291992781869,1
229,1,-.4827199296731133,1
229,2,2.186568026592943,1
229,3,2.306435715295613,1
230,1,.7836798616629487,1
230,2,1.641642974293809,1
230,3,2.410524298709631,1
231,1,2.925185225626547,1
231,2,.3911622467268785,1
231,3,2.256691829758742,1
232,1,-.2245791562356506,1
232,2,-.5349314433170387,1
232,3,1.379654875425489,1
233,1,-.1164622371046324,1
233,2,.9561357645534303,1
233,3,.8560443923347351,1
234,1,.6956653922323868,1
234,2,.6571703536011477,1
234,3,.9322404897662081,1
235,1,.9242036066421401,1
235,2,.2229690271131508,1
235,3,-.2452928803154942,1
236,1,-2.01594155931028,1
236,2,.9735413593681745,1
236,3,-.2946466521030193,1
237,1,-.2255350622546974,1
237,2,-.6226451959884098,1
237,3,-2.015799834687425,1
238,1,-1.888458616386316,1
238,2,-.3229159898158416,1
238,3,1.629590508852185,1
239,1,1.213840191164242,1
239,2,-1.055972716666671,1
239,3,.4122577129979135,1
240,1,1.108263485153095,1
240,2,2.257608770555869,1
240,3,.84200807802434,1
241,1,-1.720384602738438,1
241,2,-.4543744309896309,1
241,3,-.9979524723760697,1
242,1,.3435235149885738,1
242,2,1.224146719802536,1
242,3,.1013842228592651,1
243,1,-.8654659050839654,1
243,2,-1.364720995073636,1
243,3,1.610599506575119,1
244,1,2.109871959071524,1
244,2,1.758201466787022,1
244,3,-1.327138548496765,1
245,1,-2.271461765712236,1
245,2,-2.055887975555507,1
245,3,.749454525015971,1
246,1,-1.527260678116535,1
246,2,-1.175577184609627,1
246,3,.2322623926492104,1
247,1,-3.461893518867296,1
247,2,-3.951731326735441,1
247,3,.1020051665252463,1
248,1,-1.002905611336635,1
248,2,-1.934019165641304,1
248,3,-1.77032266629355,1
249,1,1.151820015288986,1
249,2,3.732246273989412,1
249,3,1.451646297379309,1
250,1,-1.988812056207009,1
250,2,-3.064547117471301,1
250,3,-1.465980574106222,1
251,1,-.4146447965095239,1
251,2,-.0464242645150969,1
251,3,.9120355419854187,1
252,1,.6654101388967075,1
252,2,1.66152460603794,1
252,3,4.258553836736986,1
253,1,1.786704400183568,1
253,2,1.773558198361812,1
253,3,.9281142776385092,1
254,1,-.4332833047628661,1
254,2,1.763942294987684,1
254,3,2.47127027725444,1
255,1,-2.133273879502001,1
255,2,1.60359502131254,1
255,3,.4264441179980317,1
256,1,-.1088709851877152,1
256,2,-.1200201448555319,1
256,3,.5700934955324275,1
257,1,-.1018200889545504,1
257,2,-1.201360018097837,1
257,3,-1.590928301053307,1
258,1,.5559551658525671,1
258,2,1.71997190581334,1
258,3,1.602113761315814,1
259,1,-.8651007711801857,1
259,2,-.9175715891931953,1
259,3,.4009177398144745,1
260,1,2.424712753299699,1
260,2,.8860588105342755,1
260,3,1.738502317175434,1
261,1,.8355920134792175,1
261,2,1.62896728724742,1
261,3,2.942296686913703,1
262,1,-2.503494335294489,1
262,2,-.5615453499882641,1
262,3,1.785997981848104,1
263,1,.0760435808521354,1
263,2,-1.35628072285336,1
263,3,.9012214576195191,1
264,1,.5859545703684925,1
264,2,.6212692084869524,1
264,3,1.564070681982874,1
265,1,-1.275498542856585,1
265,2,-.6106249696842201,1
265,3,-.281979036382205,1
266,1,.8718888212218237,1
266,2,-.145112563348776,1
266,3,1.494281340295123,1
267,1,-3.700687571862481,1
267,2,-.9665633576653785,1
267,3,-.4627499385367814,1
268,1,3.096109372654838,1
268,2,1.768943598940568,1
268,3,2.758318798616997,1
269,1,1.947167807030702,1
269,2,2.183644895376837,1
269,3,3.919352310839912,1
270,1,1.023842700611913,1
270,2,.7193809130382659,1
270,3,1.624866357436009,1
271,1,-2.450868522219075,1
271,2,-1.385771045665674,1
271,3,-.5074245774559966,1
272,1,1.681984804713204,1
272,2,.7617176230883224,1
272,3,2.155221208742661,1
273,1,-.4569114285338878,1
273,2,-.3304752075054462,1
273,3,-.2193158057221156,1
274,1,.6732499395386842,1
274,2,.7924960371315513,1
274,3,-.0645621525846924,1
275,1,.7907312444916137,1
275,2,2.114662967760564,1
275,3,3.878123285194993,1
276,1,-.6393536135949239,1
276,2,1.623190972664619,1
276,3,-2.110047857835963,1
277,1,1.558000021448562,1
277,2,1.487581588494248,1
277,3,1.766724317280958,1
278,1,-1.366811597306181,1
278,2,-.6078859602989243,1
278,3,-.9079782230679107,1
279,1,1.658262760708011,1
279,2,1.455807201673832,1
279,3,.6438104022750242,1
280,1,1.348559867668691,1
280,2,2.039784877761533,1
280,3,3.975956359869728,1
281,1,-.0072262796787868,1
281,2,-.0900640200355722,1
281,3,1.630206756828437,1
282,1,1.101946934826245,1
282,2,.250757927452097,1
282,3,2.7779520773231,1
283,1,.1800364278042346,1
283,2,-.7225814280903089,1
283,3,-1.592595588797627,1
284,1,-2.06481815089244,1
284,2,.0997161449905044,1
284,3,-.4112607393399674,1
285,1,.544031164616074,1
285,2,-1.391324314848061,1
285,3,.0303148830877707,1
286,1,.8926671432795066,1
286,2,.2883072821919881,1
286,3,1.88357474684845,1
287,1,-.3675265745218189,1
287,2,-.7487434073638114,1
287,3,2.189512018055586,1
288,1,-.8953475920774066,1
288,2,.3406755695898952,1
288,3,.5442304916812074,1
289,1,-1.706896463194409,1
289,2,-1.212349049942277,1
289,3,-1.807896771754874,1
290,1,1.750101430858951,1
290,2,1.550611265395631,1
290,3,-.7190269970278481,1
291,1,-1.07238287716374,1
291,2,-1.66567468671287,1
291,3,-.2027401632930975,1
292,1,1.911328324822908,1
292,2,.8999895726245731,1
292,3,1.378262949475098,1
293,1,-.2324825432298387,1
293,2,.3691527086778872,1
293,3,3.02288451021814,1
294,1,-2.335226767297536,1
294,2,.4973056364314973,1
294,3,.2417012438465878,1
295,1,1.124602920015873,1
295,2,-.0540429706565876,1
295,3,1.108203291936379,1
296,1,-1.068011708037314,1
296,2,-.5639786956494567,1
296,3,.3751437199506037,1
297,1,-.1470076928040245,1
297,2,3.167648810166011,1
297,3,3.030626859068396,1
298,1,-1.25836073143137,1
298,2,-1.144156577554042,1
298,3,-1.279585383172231,1
299,1,.2174297992775035,1
299,2,.8002558663967535,1
299,3,.5545174009038532,1
300,1,1.517315206924934,1
300,2,-1.221285211704488,1
300,3,.6875307258830972,1
301,1,-1.963162935058401,1
301,2,-.7128406397514325,1
301,3,-.086066797450552,1
302,1,-1.362800574446715,1
302,2,-.0077256000973829,1
302,3,-.6263492042285363,1
303,1,-.852037364382468,1
303,2,-.008806220056779,1
303,3,-.0798289775337048,1
304,1,1.854989616238337,1
304,2,.2615085292110111,1
304,3,3.864464645456446,1
305,1,-1.02216107883165,1
305,2,-.5353926265236321,1
305,3,-.915081959626862,1
306,1,-1.910711816463725,1
306,2,-1.397058678813852,1
306,3,-1.446238159787681,1
307,1,.5740425176977364,1
307,2,1.851334372109803,1
307,3,.3435166547900836,1
308,1,2.027024331492767,1
308,2,.9347761756117998,1
308,3,1.208042355061442,1
309,1,.2290128118264044,1
309,2,2.366038507817566,1
309,3,1.541666702074665,1
310,1,-3.336196333900097,1
310,2,.2595921255562064,1
310,3,-1.510282322915054,1
311,1,-.1776743643575872,1
311,2,-.5683646978922521,1
311,3,2.398665901196674,1
312,1,-1.324936443649635,1
312,2,.0880719773474838,1
312,3,-.4952090862828185,1
313,1,1.613882884098002,1
313,2,3.226046640464805,1
313,3,2.814065369076694,1
314,1,2.553565063831524,1
314,2,-.489304127435422,1
314,3,-.5674971125056443,1
315,1,-.0851652816909416,1
315,2,-1.525981864536535,1
315,3,-.6496376920229493,1
316,1,2.508806225916419,1
316,2,.8242188017347107,1
316,3,1.466993198750516,1
317,1,.0934091180336206,1
317,2,.6357180813485187,1
317,3,.3482284406635713,1
318,1,1.130902759143549,1
318,2,.5341324168917598,1
318,3,2.302956307015021,1
319,1,1.857092596774901,1
319,2,.4546059146396814,1
319,3,1.928128279559419,1
320,1,.8956923144731895,1
320,2,1.843338878399468,1
320,3,1.80464274996835,1
321,1,.4827267436876441,1
321,2,-.3008614555929086,1
321,3,3.104899211854038,1
322,1,-1.435351682781913,1
322,2,.2179241592625102,1
322,3,.6208876465657722,1
323,1,.4071273178428916,1
323,2,2.537228879381394,1
323,3,2.495886082515093,1
324,1,-2.541896148565282,1
324,2,-.7643247267506185,1
324,3,.7640113990226713,1
325,1,.9359782704473909,1
325,2,1.951552495963633,1
325,3,1.191527917436446,1
326,1,2.689887618424858,1
326,2,2.871251266977256,1
326,3,4.857549204588672,1
327,1,-1.472917279898327,1
327,2,.9605726090593911,1
327,3,.3409482060317592,1
328,1,1.447552066999244,1
328,2,1.303928822451998,1
328,3,3.410360648372611,1
329,1,-.5498324317374079,1
329,2,-.1891709173478895,1
329,3,2.06774967348832,1
330,1,.2434604899953268,1
330,2,1.706678384996184,1
330,3,2.401449165745942,1
331,1,-2.563128878159396,1
331,2,-1.894294702605932,1
331,3,.7784652372607614,1
332,1,2.161037132897427,1
332,2,1.100924766886428,1
332,3,4.499526564254201,1
333,1,.8289653303700998,1
333,2,.6250227684254483,1
333,3,2.49775585156457,1
334,1,-.3064548011711421,1
334,2,-.4555264881193413,1
334,3,-.503355695944251,1
335,1,1.189171106302629,1
335,2,.3709559137125847,1
335,3,.0140446390322326,1
336,1,.0656900607179974,1
336,2,.1977791687002156,1
336,3,2.633538306320599,1
337,1,1.716942500369587,1
337,2,1.419390770343751,1
337,3,1.406626538319247,1
338,1,-.2267404897920302,1
338,2,-.0716923455265102,1
338,3,-.0426283266487634,1
339,1,-.9959869445146758,1
339,2,-1.005453514689276,1
339,3,1.685777154610885,1
340,1,1.91609776003648,1
340,2,2.338041345699322,1
340,3,1.923933257468028,1
341,1,.8403086663389383,1
341,2,-.8532409316648106,1
341,3,.9603266928665353,1
342,1,.1800067794146898,1
342,2,-1.396781966197605,1
342,3,1.134100794640919,1
343,1,-.7412940151284011,1
343,2,-.6736061582407588,1
343,3,.9026432695301179,1
344,1,-2.082969729431186,1
344,2,-1.326454096440582,1
344,3,-.2077409105968553,1
345,1,1.630995619390969,1
345,2,1.081695167761711,1
345,3,1.861294227047058,1
346,1,2.397446831979882,1
346,2,-.6070125984649006,1
346,3,2.093362879266137,1
347,1,-2.556990147344077,1
347,2,.1949044782922166,1
347,3,-1.286290034322099,1
348,1,-2.399564557270334,1
348,2,-.7579545035463994,1
348,3,-1.944925275413915,1
349,1,-1.956303180506454,1
349,2,-.4246979304351337,1
349,3,1.961056896477092,1
350,1,-.4492079086736191,1
350,2,-2.08037611948749,1
350,3,-.4134706710517624,1
351,1,2.597003843426113,1
351,2,.086515104717439,1
351,3,1.688567074090064,1
352,1,-.4249324601723963,1
352,2,.1001262115916219,1
352,3,2.590621737341331,1
353,1,1.05249959223666,1
353,2,.865416536858392,1
353,3,3.095011740688409,1
354,1,-1.362005813697585,1
354,2,.0670840151082178,1
354,3,-1.038299166550753,1
355,1,.742790897607403,1
355,2,2.970973420079437,1
355,3,4.4600790097291,1
356,1,-1.498392231162768,1
356,2,-.1577141666160062,1
356,3,-.4481711350307093,1
357,1,.4878074824023687,1
357,2,-2.382075466226071,1
357,3,-1.020112398553501,1
358,1,-.0157564224894586,1
358,2,3.261816695698559,1
358,3,4.782110313427897,1
359,1,-.234189215257249,1
359,2,-.3432115850156373,1
359,3,-.0900678962564017,1
360,1,1.131599249605886,1
360,2,.1451403064281416,1
360,3,.6872360019695789,1
361,1,-1.909969375569728,1
361,2,1.648933952342479,1
361,3,-.7464742665345445,1
362,1,.6371730957253716,1
362,2,3.40931447033148,1
362,3,2.888993863096862,1
363,1,.8652657259689944,1
363,2,-2.747050971344246,1
363,3,1.128560091716089,1
364,1,1.179816542588495,1
364,2,.4476005846685695,1
364,3,-.043975331999653,1
365,1,2.08140112261991,1
365,2,1.764921407553713,1
365,3,4.497294379196623,1
366,1,-.5946397981573339,1
366,2,-.5289953887592259,1
366,3,.5738411821702246,1
367,1,-.0460752849311396,1
367,2,.0789026733787483,1
367,3,-.8900964405244947,1
368,1,-.3012170086280084,1
368,2,-2.384691141380458,1
368,3,-.6157732649084871,1
369,1,.6395087735132888,1
369,2,2.282876190424509,1
369,3,1.116536547731077,1
370,1,1.615461921411071,1
370,2,.5132845326969226,1
370,3,1.726327035897403,1
371,1,-1.135311301287776,1
371,2,-.7437136145674761,1
371,3,-.5665889047265054,1
372,1,.3896098443296614,1
372,2,1.450730780271495,1
372,3,1.365910846691228,1
373,1,1.123793165300095,1
373,2,.0570201588636332,1
373,3,2.635787053406694,1
374,1,-1.344128054077859,1
374,2,-2.666003778493991,1
374,3,.5725815166278183,1
375,1,3.69492579049411,1
375,2,2.564183684684352,1
375,3,5.18632305561849,1
376,1,1.846528178551005,1
376,2,-.5898002456699809,1
376,3,.8089209950661825,1
377,1,-1.125188144000413,1
377,2,.3977813096550098,1
377,3,-1.433593696317018,1
378,1,2.160336031940825,1
378,2,.5511068619324915,1
378,3,3.497935642745517,1
379,1,-2.864870213683542,1
379,2,-.7422400828389217,1
379,3,-1.966178085928677,1
380,1,.5231736873300272,1
380,2,-.9442055174869136,1
380,3,1.657087901437141,1
381,1,1.042140985648725,1
381,2,.1703169324479297,1
381,3,.5224103724182444,1
382,1,1.444868203788606,1
382,2,-.7121918588944122,1
382,3,-.3763782500774456,1
383,1,-2.310357456574375,1
383,2,.3566445916323422,1
383,3,-1.174795796661083,1
384,1,-.5031831864478667,1
384,2,-.4739044901800314,1
384,3,-1.33945112462162,1
385,1,.0397810129533914,1
385,2,.1687305795018238,1
385,3,.3133816090923368,1
386,1,-.7058477579064532,1
386,2,.1842405538227114,1
386,3,.9065207679316087,1
387,1,-.1526899588105857,1
387,2,-2.563455698817157,1
387,3,-.7759784050351509,1
388,1,1.146412845597414,1
388,2,.5451946425320738,1
388,3,.4902751500037946,1
389,1,-.8208136655318413,1
389,2,-.4345265450030902,1
389,3,.2960932293343521,1
390,1,-1.022323162584711,1
390,2,-.6200162809692102,1
390,3,1.490678552162102,1
391,1,-.2159148657321233,1
391,2,-1.192902243701361,1
391,3,1.166830645043117,1
392,1,-2.504542828657539,1
392,2,-1.079857619428085,1
392,3,.3872690520619806,1
393,1,1.917829993172081,1
393,2,-.7954752320308418,1
393,3,1.859598240359199,1
394,1,-2.566507907830786,1
394,2,.7845026287219039,1
394,3,1.161201561208803,1
395,1,.4293942740153665,1
395,2,-1.167179283337997,1
395,3,-.802711355529263,1
396,1,-1.877205578065289,1
396,2,-.6997757188976115,1
396,3,-.1489719602440887,1
397,1,1.203152401195984,1
397,2,-1.10535085638804,1
397,3,-.006461028327051,1
398,1,.9123446778651123,1
398,2,-.5782630511647433,1
398,3,.2863215297600563,1
399,1,-.3324241886113406,1
399,2,2.482036220704968,1
399,3,3.00090740339451,1
400,1,1.742390404965668,1
400,2,.2533194219259443,1
400,3,1.219831087213871,1
401,1,1.077326193359976,1
401,2,-1.173545654403905,1
401,3,.3366747502293967,1
402,1,.4634098142075527,1
402,2,.5974216017128905,1
402,3,1.498372495139944,1
403,1,.4521027155436392,1
403,2,1.418776603337923,1
403,3,2.898934708178863,1
404,1,.7609018195979627,1
404,2,.4354424723118405,1
404,3,.2155656802891848,1
405,1,.7936726700537324,1
405,2,.3436744912087927,1
405,3,1.462477778506624,1
406,1,.0189299467584357,1
406,2,.1060120647935852,1
406,3,1.829500372725951,1
407,1,-1.544439797518117,1
407,2,-.3829268229375005,1
407,3,.1413943806333768,1
408,1,.2776122063803541,1
408,2,1.593155781289082,1
408,3,2.035920538940151,1
409,1,2.92815784589281,1
409,2,2.603183406146438,1
409,3,.6866185374735908,1
410,1,-.384650028687504,1
410,2,-1.5719919535949,1
410,3,.9658593500404475,1
411,1,-1.457885063130858,1
411,2,1.066390488930701,1
411,3,2.379467784749895,1
412,1,-.0803617249682883,1
412,2,1.032069285179239,1
412,3,-.7623356076050688,1
413,1,-.6935470146885858,1
413,2,-1.012491820095681,1
413,3,1.191389301928104,1
414,1,.9406907709084924,1
414,2,1.846102166338492,1
414,3,4.037783338678489,1
415,1,-.7899513651467959,1
415,2,.2476381733206712,1
415,3,1.565089755233738,1
416,1,-.9054169319209121,1
416,2,.2783478615988837,1
416,3,2.298838844684631,1
417,1,.8925547755581905,1
417,2,.2045717573180008,1
417,3,1.561057311441638,1
418,1,2.728851256270118,1
418,2,2.241468609282697,1
418,3,1.654832683376642,1
419,1,-1.892689024546471,1
419,2,1.375688032860635,1
419,3,4.403714400367842,1
420,1,1.414706525112704,1
420,2,1.162274515442409,1
420,3,.7519827358616604,1
421,1,1.017148703599416,1
421,2,.3090534489456433,1
421,3,1.551073636699184,1
422,1,.1963385538729382,1
422,2,.0232161616488174,1
422,3,1.229010338056304,1
423,1,-.2102495592055057,1
423,2,1.858688939321164,1
423,3,2.248290039470313,1
424,1,-.8489684726732571,1
424,2,.9918052334224632,1
424,3,-.6611015216690772,1
425,1,-1.036046628071311,1
425,2,-.392100047096565,1
425,3,2.004883056281956,1
426,1,-.535998825242069,1
426,2,.2509358882354742,1
426,3,1.447896450623903,1
427,1,-.4432241521142298,1
427,2,-.8187780280630856,1
427,3,2.483100132718006,1
428,1,.7667789794821281,1
428,2,3.225810506250598,1
428,3,2.129517884328316,1
429,1,-2.093124103241693,1
429,2,.0565749854911968,1
429,3,-1.136311901145192,1
430,1,.8486427054484662,1
430,2,.4571287576029289,1
430,3,2.848616642120857,1
431,1,1.726779349653982,1
431,2,-.7302276500901157,1
431,3,-1.831014781672681,1
432,1,1.71394878608068,1
432,2,.800505461265423,1
432,3,.6692947342511762,1
433,1,.476517819717066,1
433,2,.6331544688445332,1
433,3,-.8673008172703721,1
434,1,-.8669502839508557,1
434,2,-.8660238372291479,1
434,3,-1.006956146589007,1
435,1,-.302283292936212,1
435,2,-1.722348030197494,1
435,3,-.5485770987992042,1
436,1,-.5735697687205241,1
436,2,1.164397437518632,1
436,3,1.002593258100083,1
437,1,-.8921300937623662,1
437,2,.2010852665750985,1
437,3,-.3047944141111453,1
438,1,-.5974420055582501,1
438,2,-1.012893097001319,1
438,3,.4475582784016196,1
439,1,2.766345619403364,1
439,2,-.1314145501947382,1
439,3,-.1285307908476547,1
440,1,-.452556966160626,1
440,2,-1.060938039451082,1
440,3,1.810055688102814,1
441,1,.4178729582983662,1
441,2,.9784460460208722,1
441,3,-.0311500268111808,1
442,1,-.9381318437820165,1
442,2,.2181662251124709,1
442,3,-.6502029889656005,1
443,1,.9028283835130096,1
443,2,2.585462600595445,1
443,3,2.990568539923317,1
444,1,.3606820092995378,1
444,2,-1.554203878515001,1
444,3,.7331863173278133,1
445,1,-.4917754697292964,1
445,2,.7591425295358947,1
445,3,.6024182860554236,1
446,1,-1.732915675485811,1
446,2,-1.800265399444672,1
446,3,.665373848889621,1
447,1,-.3230642323502585,1
447,2,-.095235521644945,1
447,3,1.545581447480514,1
448,1,-1.314854796158292,1
448,2,-.430499066230094,1
448,3,2.272592793993654,1
449,1,-.1259372648806163,1
449,2,-3.050977338161244,1
449,3,.6076254625942422,1
450,1,1.004486761668796,1
450,2,.6644690504836503,1
450,3,4.086736580000427,1
451,1,-2.449808539167144,1
451,2,-1.358244167759274,1
451,3,-.5486746092261228,1
452,1,.8671861529443402,1
452,2,.0993440814609658,1
452,3,.2773924156599693,1
453,1,-.8242745845235662,1
453,2,-.8403976054822548,1
453,3,.5697929378524893,1
454,1,.1901161703447648,1
454,2,.6675720206213906,1
454,3,2.652721862953608,1
455,1,.7345506001321231,1
455,2,.1932124742868013,1
455,3,-2.180589614520837,1
456,1,1.22626038625865,1
456,2,1.547068752508139,1
456,3,3.223554677867026,1
457,1,-.1202705559688415,1
457,2,1.636075983885373,1
457,3,1.435363378031198,1
458,1,.8483200384387117,1
458,2,1.099730440549677,1
458,3,-1.220062647555943,1
459,1,-1.678553803004515,1
459,2,-.6288786852095991,1
459,3,-.5991146497509124,1
460,1,-.499746683332103,1
460,2,-.1451626790397478,1
460,3,-.4358514550098131,1
461,1,2.470943222721607,1
461,2,2.127006620644162,1
461,3,1.555124145442181,1
462,1,.5141131032250182,1
462,2,.5631798311043759,1
462,3,.3555560234786472,1
463,1,-.097682748973086,1
463,2,-1.034632412613865,1
463,3,1.317132677380498,1
464,1,-1.299525506086762,1
464,2,-.4737701998031855,1
464,3,2.353173904979759,1
465,1,.7692072444063116,1
465,2,2.149364942267573,1
465,3,.8761648403699556,1
466,1,-.030126617240257,1
466,2,1.420388885557806,1
466,3,3.328025189533081,1
467,1,-.6558194141592932,1
467,2,.0094021040071328,1
467,3,-1.264202321197733,1
468,1,-1.610349018480413,1
468,2,.7578712040019597,1
468,3,.4252940970444099,1
469,1,-.8436194587466921,1
469,2,-1.146320684678434,1
469,3,.8258837944322772,1
470,1,1.30210051168368,1
470,2,-.0183438600050517,1
470,3,3.274703129097488,1
471,1,-3.093379320274191,1
471,2,-.2475030629305601,1
471,3,-3.091974907280071,1
472,1,-1.352604845747731,1
472,2,-1.174697474468814,1
472,3,-.2449550417141009,1
473,1,1.543961905272108,1
473,2,1.207004200749871,1
473,3,.9631169526965843,1
474,1,-1.218149665315779,1
474,2,2.209551955849234,1
474,3,-.2331702590204065,1
475,1,-1.511551198749937,1
475,2,-1.602653297309149,1
475,3,-1.168823280133718,1
476,1,-.552434478928065,1
476,2,1.613505126160931,1
476,3,1.719264882856997,1
477,1,-.330635880928114,1
477,2,.2025598024236219,1
477,3,-.2833436259700834,1
478,1,.0270390852453825,1
478,2,-1.47640758792803,1
478,3,2.047831625803551,1
479,1,-3.563668236960044,1
479,2,-1.85418378736851,1
479,3,-.7562146059621999,1
480,1,2.222399150726081,1
480,2,.9717189971969961,1
480,3,.5745189779725808,1
481,1,1.58936831550247,1
481,2,1.542717797955266,1
481,3,2.475211787120504,1
482,1,-.59203975794549,1
482,2,-1.624629968389358,1
482,3,.0168991741564714,1
483,1,-2.924367702610027,1
483,2,1.35935977266687,1
483,3,.7308043746813757,1
484,1,1.948526373769454,1
484,2,1.118678852302185,1
484,3,.339556762558639,1
485,1,-.5301414071960968,1
485,2,-.5052866320863029,1
485,3,3.406232051775188,1
486,1,-1.774057647856104,1
486,2,-.2976666528633782,1
486,3,-.2211526459880302,1
487,1,-1.708224615168474,1
487,2,-2.097767572262291,1
487,3,.4774868470888304,1
488,1,1.88656974907344,1
488,2,.3418793709081831,1
488,3,1.362295897344463,1
489,1,-2.395540787723477,1
489,2,-.7747902590866357,1
489,3,-1.715080235042011,1
490,1,2.39308102979665,1
490,2,1.684815826074506,1
490,3,2.139959582150303,1
491,1,.1679301699977442,1
491,2,-.0115354497140348,1
491,3,1.477018179544829,1
492,1,-1.574129253814752,1
492,2,-1.844866795993694,1
492,3,-.5783088319309798,1
493,1,-1.272620454781922,1
493,2,1.335861293708427,1
493,3,3.955006202652671,1
494,1,-1.059524227270218,1
494,2,-.1898734534716728,1
494,3,-.5319010905700424,1
495,1,.421747342204038,1
495,2,.9740313988625127,1
495,3,-.2508415423209685,1
496,1,-1.016031039244398,1
496,2,-1.807733847223606,1
496,3,.3669355023486822,1
497,1,1.245109821622401,1
497,2,-.1659433684708643,1
497,3,1.400319998093959,1
498,1,-.1887291812380553,1
498,2,.9922539258654239,1
498,3,3.74849219533522,1
499,1,-.3339422376606196,1
499,2,2.526182417076814,1
499,3,.1387370245983914,1
500,1,.8814840380514761,1
500,2,1.328687805951173,1
500,3,.7722708505127386,1
501,1,-1.507868125906141,1
501,2,-.2534391919152892,1
501,3,-.5469549120975843,1
502,1,.7351603273562691,1
502,2,-.3300799951708343,1
502,3,.4655215387288046,1
503,1,.5359296398327432,1
503,2,1.3710803728014,1
503,3,1.928078094899226,1
504,1,-.4626076067257823,1
504,2,-.0009686928872545,1
504,3,1.997861247555688,1
505,1,-1.920646375517262,1
505,2,-2.85663424103639,1
505,3,-2.311856494465045,1
506,1,2.241390055845454,1
506,2,.3542195696727763,1
506,3,1.193346121394233,1
507,1,1.681169924486297,1
507,2,2.283866089526941,1
507,3,2.121150629522102,1
508,1,-2.05771981837314,1
508,2,.0979518727969683,1
508,3,-.9986028803780888,1
509,1,-1.547807473819217,1
509,2,-1.463384170188201,1
509,3,.636382805054055,1
510,1,-.1891593361427628,1
510,2,1.08194097715179,1
510,3,1.19857779960395,1
511,1,-.3610081623065191,1
511,2,-2.990562642624451,1
511,3,-.1132659730117564,1
512,1,.5258645182815777,1
512,2,-1.441226480948555,1
512,3,.9057244078105788,1
513,1,1.137873064258961,1
513,2,1.986520924724237,1
513,3,2.948842980966743,1
514,1,.9818264763538146,1
514,2,-.2850344113199784,1
514,3,-.7013659593044497,1
515,1,-.0250183558003678,1
515,2,1.26731786618415,1
515,3,3.827796834231219,1
516,1,1.07456987322003,1
516,2,1.82483891196237,1
516,3,3.606788867062149,1
517,1,-.5278567539268222,1
517,2,1.138833675132245,1
517,3,1.693521526733139,1
518,1,-1.206115963967541,1
518,2,-.3265374276062218,1
518,3,.1126690024622817,1
519,1,1.797266843054599,1
519,2,1.317972757046698,1
519,3,2.289161221985493,1
520,1,2.94608203210724,1
520,2,.9406736729272156,1
520,3,3.552285404535264,1
521,1,.2959026371263302,1
521,2,.6765149149813968,1
521,3,.21975153009234,1
522,1,-1.731145411296428,1
522,2,-.6380193435174341,1
522,3,.1526047133270896,1
523,1,-.8771289090408282,1
523,2,.4317378385027155,1
523,3,-.0770350636688331,1
524,1,-.2229486065364104,1
524,2,2.107708563091423,1
524,3,1.822399082883825,1
525,1,-2.929030849733917,1
525,2,-1.474062570357953,1
525,3,-1.905853478046726,1
526,1,-2.268401022136874,1
526,2,1.370277361530974,1
526,3,-.9753879812603025,1
527,1,1.897894429323692,1
527,2,1.316252129586271,1
527,3,2.378814756343947,1
528,1,-.6170323570287239,1
528,2,-.2197339047757035,1
528,3,.3961546841654797,1
529,1,-2.497428243401089,1
529,2,-2.431605411608675,1
529,3,-1.08814914061489,1
530,1,.4146395857585177,1
530,2,-.8649745768761441,1
530,3,-.4259247104597685,1
531,1,-1.914075872369934,1
531,2,-.6907596481253011,1
531,3,.5461941661529348,1
532,1,1.025024983162837,1
532,2,.5730726105301542,1
532,3,-.0431771648258051,1
533,1,-1.230312496679316,1
533,2,-.9064092989303094,1
533,3,-.3873473097473233,1
534,1,.5510022856069505,1
534,2,.9224964306543921,1
534,3,1.672920124805942,1
535,1,.201071638085806,1
535,2,.254838895450588,1
535,3,2.058680540168129,1
536,1,-.5097960094743674,1
536,2,1.389266112287853,1
536,3,.5887726877850116,1
537,1,.3955718015544291,1
537,2,-.1394704828349402,1
537,3,.2319574142997318,1
538,1,.5701613719303786,1
538,2,1.126697635242319,1
538,3,2.347473082067877,1
539,1,.0715859377570772,1
539,2,1.33820069164875,1
539,3,1.319151989008185,1
540,1,2.550341026436441,1
540,2,-.171372512691562,1
540,3,1.404947394863224,1
541,1,-2.026473464935842,1
541,2,-.2353978038847504,1
541,3,.710916484081789,1
542,1,.0183887023416464,1
542,2,-.302963862004083,1
542,3,2.864176416175799,1
543,1,1.489873255308973,1
543,2,.4505984362348131,1
543,3,2.06438746017884,1
544,1,1.171435839231111,1
544,2,2.353760356796061,1
544,3,3.081082256494057,1
545,1,-1.680357713864383,1
545,2,-.1431490519686982,1
545,3,1.326527642119781,1
546,1,-.4847907807417189,1
546,2,-.2967823499573545,1
546,3,3.429236378690541,1
547,1,.6688471702519314,1
547,2,1.418653728258455,1
547,3,-.637261737932782,1
548,1,2.276088564190402,1
548,2,.7548441268110524,1
548,3,1.192744820749118,1
549,1,.22714813832776,1
549,2,2.666427620579118,1
549,3,1.208773949971674,1
550,1,-.7109065440376049,1
550,2,.3998394433321787,1
550,3,.2732942763790456,1
551,1,.2194093586238127,1
551,2,2.60932470684183,1
551,3,1.408223721289863,1
552,1,1.470439912291556,1
552,2,2.11813035012179,1
552,3,3.008454308482231,1
553,1,-.2090480570605029,1
553,2,1.785505013641402,1
553,3,-1.627145401626,1
554,1,-.3702186025870557,1
554,2,1.537274370118739,1
554,3,4.402343505262916,1
555,1,.4331272783815224,1
555,2,1.448068354241387,1
555,3,.7048843670171048,1
556,1,.4284063075468408,1
556,2,-.1738402560214822,1
556,3,.5546412927066895,1
557,1,.541306033696747,1
557,2,-.7358209909179475,1
557,3,1.94178103893633,1
558,1,-.9301147338633493,1
558,2,-1.320251884413414,1
558,3,1.018800390704486,1
559,1,-1.377377667280973,1
559,2,.4927532624713115,1
559,3,1.20483259078341,1
560,1,.639272401872466,1
560,2,-.5876395250008327,1
560,3,1.483221386945116,1
561,1,.5519068755705744,1
561,2,-.0106706379788944,1
561,3,-.7589627444990635,1
562,1,.8091296761283127,1
562,2,.7090210132064728,1
562,3,1.036480273347348,1
563,1,-.4252893415388949,1
563,2,-1.0775477208772,1
563,3,.4992012766874112,1
564,1,-1.341009353210347,1
564,2,-1.289821099320766,1
564,3,.6581344645970864,1
565,1,1.583759259768385,1
565,2,1.932663312633967,1
565,3,.8080102502089448,1
566,1,-2.736698071769144,1
566,2,-.1072484015397405,1
566,3,-.6058014446232599,1
567,1,-1.05568608767752,1
567,2,-.0664868118878855,1
567,3,1.931405843625209,1
568,1,.4940760293909857,1
568,2,1.435170002660088,1
568,3,-.1718343773396819,1
569,1,.9207135492011758,1
569,2,1.43145457612592,1
569,3,.9245730048558152,1
570,1,.9734418949906306,1
570,2,1.587016216683532,1
570,3,.7255746021334246,1
571,1,-.6508045753277498,1
571,2,-.7219967275020807,1
571,3,-1.143920954508276,1
572,1,1.328231666653094,1
572,2,.0530942849750131,1
572,3,2.522770724550833,1
573,1,-1.355065664973784,1
573,2,-1.59914194541816,1
573,3,.6419960761623776,1
574,1,-.7182351857613818,1
574,2,-1.726864044824731,1
574,3,1.703774065291906,1
575,1,-.9790934979469123,1
575,2,.4718030787005671,1
575,3,-.902565026355212,1
576,1,-1.950392032061981,1
576,2,-1.4153858476616,1
576,3,-.383087497677135,1
577,1,1.526878226461101,1
577,2,.9844869212469995,1
577,3,3.150928565077135,1
578,1,.4707530317279347,1
578,2,2.493147603037889,1
578,3,1.332087513111043,1
579,1,.5900305920673525,1
579,2,.3346854964142791,1
579,3,.7777040153016452,1
580,1,1.477253300992762,1
580,2,2.797030304518919,1
580,3,1.149955271759858,1
581,1,-.1356135799962655,1
581,2,.5454437192045101,1
581,3,.2025840294840022,1
582,1,1.50425696839612,1
582,2,1.129250498306182,1
582,3,.5325107001494376,1
583,1,-.475976115831729,1
583,2,1.326430196345974,1
583,3,-.8762008625320785,1
584,1,-.4017928527547614,1
584,2,.8154525840936777,1
584,3,1.613142862841593,1
585,1,-1.826239272535666,1
585,2,.0298287773288793,1
585,3,-.17871109548225,1
586,1,-1.420447930581657,1
586,2,.0933979588074632,1
586,3,2.029765259427719,1
587,1,-1.452132507749793,1
587,2,-1.255266777307358,1
587,3,2.888673096502064,1
588,1,1.660958902069976,1
588,2,1.20037420965428,1
588,3,1.785447525401703,1
589,1,-2.247305805179881,1
589,2,-.7802955249052239,1
589,3,-1.200458279012708,1
590,1,1.455505468246374,1
590,2,1.565793217663542,1
590,3,2.561233353168069,1
591,1,-.2568546507555767,1
591,2,1.807269894799552,1
591,3,1.629438861937335,1
592,1,-.3103506206576173,1
592,2,.0391948863047785,1
592,3,2.946155340533593,1
593,1,1.778167482003866,1
593,2,2.30009430828858,1
593,3,.8812181096675271,1
594,1,.6994783275436769,1
594,2,-.1148448919376754,1
594,3,.4533889730651184,1
595,1,-.2382324538343177,1
595,2,.291659935009113,1
595,3,2.516319732038617,1
596,1,-1.350323595599635,1
596,2,-.3164093898934925,1
596,3,.8206052688447578,1
597,1,-.6488270733307878,1
597,2,.2284794877975807,1
597,3,-.5366468711885375,1
598,1,1.833758652844683,1
598,2,.8328420598308443,1
598,3,2.03226557324127,1
599,1,-1.512165757504573,1
599,2,-2.711055231453282,1
599,3,-1.155843694209951,1
600,1,-1.35369786020597,1
600,2,.0544455673439331,1
600,3,.6017517047213858,1
601,1,1.793548724143889,1
601,2,-2.098780923524751,1
601,3,2.008160107524851,1
602,1,-.5596123508014236,1
602,2,.565481536705229,1
602,3,1.131906092548951,1
603,1,1.605065137710986,1
603,2,-.9204816581187498,1
603,3,.5227167640118286,1
604,1,-.4859447038871705,1
604,2,.3163535256783507,1
604,3,1.600316944743992,1
605,1,-1.099787202595508,1
605,2,.1800492417307216,1
605,3,-1.30922390657679,1
606,1,-.9520390620559349,1
606,2,1.692349352792042,1
606,3,.3250905843671207,1
607,1,-.0284779274448126,1
607,2,2.638004906621459,1
607,3,3.345147934080658,1
608,1,.4543197870447945,1
608,2,-.1928188425881746,1
608,3,-.868131369979231,1
609,1,1.09589223750826,1
609,2,.9816772378989892,1
609,3,-.3400455249724586,1
610,1,-1.706352984178981,1
610,2,1.631220212187614,1
610,3,.4724919498096668,1
611,1,-.3317824651709411,1
611,2,-.6365013515625535,1
611,3,1.892554417488788,1
612,1,.7593599723475603,1
612,2,-.2028374111452283,1
612,3,-.7353961720031404,1
613,1,-.5733350523721172,1
613,2,.3952393242696509,1
613,3,-.0839960298886606,1
614,1,.8723092978993858,1
614,2,-.5300951290367819,1
614,3,-.0242356847483465,1
615,1,1.085814933747446,1
615,2,1.753471631868541,1
615,3,1.222121203452497,1
616,1,-.3835809073881327,1
616,2,.7920919062314851,1
616,3,-.4170687377095684,1
617,1,.8730525366811923,1
617,2,.5552076323155511,1
617,3,2.306247851871827,1
618,1,.4041598093290263,1
618,2,.4338993953406112,1
618,3,.1283036287679011,1
619,1,2.619413925848214,1
619,2,2.783144839765403,1
619,3,2.329137145926621,1
620,1,1.82669071907288,1
620,2,-.4053902202973181,1
620,3,1.591312298818857,1
621,1,-2.12388005411238,1
621,2,.2344834367798543,1
621,3,-.4667210596489525,1
622,1,.007424980221403,1
622,2,1.576612207795465,1
622,3,2.253277728638416,1
623,1,-.2008161246270315,1
623,2,-.6993805628754857,1
623,3,2.579526651015139,1
624,1,-.6114538472827411,1
624,2,.3803140919847979,1
624,3,.0106936113790901,1
625,1,1.144241247162743,1
625,2,.592002847315133,1
625,3,1.019985451420814,1
626,1,-.9297373347244728,1
626,2,.4483697725016721,1
626,3,.6098257437003554,1
627,1,1.766835116248346,1
627,2,2.573211035366634,1
627,3,1.742231497431277,1
628,1,-1.386649942663733,1
628,2,-1.081336959285091,1
628,3,1.17425305015683,1
629,1,-1.323515833391042,1
629,2,-.9692299713689316,1
629,3,1.031669205584894,1
630,1,1.568880982485303,1
630,2,.0055865801007386,1
630,3,2.863596511419536,1
631,1,.0970997541502933,1
631,2,-.6935100582657707,1
631,3,2.68000614796347,1
632,1,1.348418523367509,1
632,2,.7076674014151103,1
632,3,1.668561762446355,1
633,1,1.128223729270908,1
633,2,-.1700444890423408,1
633,3,1.540604838200024,1
634,1,.6930054638225144,1
634,2,1.000888849215116,1
634,3,2.583791970941288,1
635,1,-1.7475966421197,1
635,2,-2.85215016264375,1
635,3,-.3624513922201761,1
636,1,.2571082476733686,1
636,2,-1.11123917709408,1
636,3,-.9408852358183882,1
637,1,-1.934889073181646,1
637,2,-.2380984322242319,1
637,3,-2.974854953391747,1
638,1,.430839463336562,1
638,2,2.14729274680959,1
638,3,1.727274415082868,1
639,1,.6755813438293035,1
639,2,.7932262009928549,1
639,3,-.6367814102810004,1
640,1,-.2324533991515916,1
640,2,1.139579132353492,1
640,3,3.908319375764502,1
641,1,.2343666207733967,1
641,2,.4319608379654815,1
641,3,-.6420007411198063,1
642,1,-2.18883414321222,1
642,2,.5338455640089026,1
642,3,-.9209815704105432,1
643,1,-.9085523256137689,1
643,2,-1.218272704907225,1
643,3,-.5687174018699561,1
644,1,2.400202261936873,1
644,2,2.383740359621852,1
644,3,.2016075618571049,1
645,1,-.4160646101007462,1
645,2,.2665666745398837,1
645,3,1.685304806441238,1
646,1,-1.01963114678458,1
646,2,-.0364842888364003,1
646,3,2.557753159562071,1
647,1,1.150431423239164,1
647,2,-1.297887237578485,1
647,3,1.235364563291784,1
648,1,-.6598260825788308,1
648,2,-.8933176328479345,1
648,3,-2.042060724928587,1
649,1,.0281430605277764,1
649,2,-.9929288140274461,1
649,3,.6517962406967523,1
650,1,3.228161257953001,1
650,2,1.106373268180922,1
650,3,5.429365409515046,1
651,1,-1.914841217482232,1
651,2,-2.5596605246241,1
651,3,-2.283593198299061,1
652,1,1.472035582013475,1
652,2,2.411942432365574,1
652,3,.5936203189779504,1
653,1,-.347009527975872,1
653,2,.0006732505169959,1
653,3,.8136050856727834,1
654,1,-1.443012190903473,1
654,2,-1.785071303536473,1
654,3,2.032211226712787,1
655,1,-1.054739412690506,1
655,2,-2.570841447270691,1
655,3,.4968788641028619,1
656,1,-.5993663758372784,1
656,2,-1.179618947457702,1
656,3,-.9395034049585987,1
657,1,-.188369344374511,1
657,2,-.4291082375453948,1
657,3,-.4749017815755688,1
658,1,-1.696541221407682,1
658,2,.4795102597378348,1
658,3,1.773448100771242,1
659,1,.7926528669304311,1
659,2,1.421359473846538,1
659,3,1.236901162673026,1
660,1,2.370861637587149,1
660,2,2.556689327562754,1
660,3,1.805855149137211,1
661,1,-1.3057263598428,1
661,2,1.623629334443347,1
661,3,.3744740021212501,1
662,1,.0612711112143734,1
662,2,-.1562233593843254,1
662,3,1.566865381766309,1
663,1,-.7412292322622327,1
663,2,1.642138339361366,1
663,3,-1.429092800810162,1
664,1,-.3923437467590838,1
664,2,.0225353467204247,1
664,3,2.485300183003688,1
665,1,-.0013002972783971,1
665,2,-.5610260491421513,1
665,3,1.022920761616389,1
666,1,.2880313889464547,1
666,2,-.1003868559263427,1
666,3,-.0764668803911341,1
667,1,-.0496782493039988,1
667,2,-1.576640175645701,1
667,3,3.569198591577552,1
668,1,-1.299800851104439,1
668,2,1.316421613521418,1
668,3,.954059356137906,1
669,1,.6653649474758894,1
669,2,-.3373676753857567,1
669,3,1.335828870895406,1
670,1,-.2904390800237536,1
670,2,-1.11030586364722,1
670,3,-1.516973295810211,1
671,1,-2.973653125456477,1
671,2,.0288413461245076,1
671,3,.3353474258996641,1
672,1,.5861925083132573,1
672,2,.3848686288728657,1
672,3,.5534070961710782,1
673,1,-.2879931387390168,1
673,2,.8860332416230645,1
673,3,-1.184017111030445,1
674,1,2.026396342756947,1
674,2,1.70120595095318,1
674,3,.7190630229731233,1
675,1,1.108886624620993,1
675,2,.6149865907843102,1
675,3,1.588335341618639,1
676,1,-1.832447641539679,1
676,2,-1.941889275995726,1
676,3,.3584238427845763,1
677,1,-1.037864714064851,1
677,2,-.8364146621587415,1
677,3,-1.291351890937534,1
678,1,.1541361209394355,1
678,2,1.298478162264719,1
678,3,1.705812007876653,1
679,1,.0677800698328507,1
679,2,-.2845845549204616,1
679,3,.3160768997186981,1
680,1,3.30260188186563,1
680,2,2.240095992020118,1
680,3,.6946868799268756,1
681,1,-.7814684226772451,1
681,2,.7532796676563857,1
681,3,.1979195422287637,1
682,1,1.071625768835043,1
682,2,2.432903325507194,1
682,3,1.037271958285086,1
683,1,-1.25723917537741,1
683,2,-1.615655246383846,1
683,3,-1.745882314550921,1
684,1,1.026580432375051,1
684,2,3.43741222857295,1
684,3,2.68613341933788,1
685,1,-.6261411427378483,1
685,2,-1.806430267703899,1
685,3,-1.3693961040101,1
686,1,-2.183362774111001,1
686,2,-1.732985873155661,1
686,3,-1.364876575477817,1
687,1,.4559896742647469,1
687,2,-.1935172281231214,1
687,3,-2.262184095813223,1
688,1,2.383821791622898,1
688,2,-.5282462001406674,1
688,3,1.359945022487028,1
689,1,-.9523624353427972,1
689,2,.8156103878919387,1
689,3,2.030285846197895,1
690,1,-.778992309264317,1
690,2,-1.435424299302002,1
690,3,-1.188810837812861,1
691,1,.0516586157984436,1
691,2,-1.279158563673701,1
691,3,-1.811062399402777,1
692,1,-3.943370718535303,1
692,2,-1.50008392717106,1
692,3,-.8569077101973828,1
693,1,1.420046271299214,1
693,2,-.5409182106398601,1
693,3,-2.036116043450404,1
694,1,-1.349378951427685,1
694,2,.3316007304372202,1
694,3,-1.265501238620945,1
695,1,-.624418691713222,1
695,2,.8330480896137676,1
695,3,.4080318776921776,1
696,1,-.4278792424694484,1
696,2,1.496924899944344,1
696,3,1.673169318017638,1
697,1,1.501844013703348,1
697,2,.0867206456893468,1
697,3,2.699652423187674,1
698,1,2.088615788703868,1
698,2,.6947051244437579,1
698,3,3.597076585657911,1
699,1,-.1429455462305841,1
699,2,1.270659382246211,1
699,3,1.359460249706386,1
700,1,-2.105943241267791,1
700,2,-1.975538575670249,1
700,3,-1.364244540169536,1
701,1,.2741418779174901,1
701,2,3.156870251198713,1
701,3,.5167417789949367,1
702,1,-.7783020720242948,1
702,2,.5015557511299329,1
702,3,1.145137692380279,1
703,1,-.4297757971675704,1
703,2,.0409522452131408,1
703,3,.6983425357207386,1
704,1,2.45729069192087,1
704,2,1.3758918498992,1
704,3,3.893810200121847,1
705,1,-.933763499827523,1
705,2,-1.541444150058159,1
705,3,-.8263927466205285,1
706,1,-1.862924939266033,1
706,2,-1.377135745712386,1
706,3,1.751381814268068,1
707,1,1.147416571543271,1
707,2,.6611742251849917,1
707,3,1.293262289542525,1
708,1,-2.961063556489265,1
708,2,-1.392977285037455,1
708,3,-1.86605699303692,1
709,1,1.086084271674335,1
709,2,1.419867472959322,1
709,3,3.264097649016868,1
710,1,-1.307355805553203,1
710,2,-1.275910025860361,1
710,3,-.859398787403008,1
711,1,.3716932144744585,1
711,2,1.22427649697692,1
711,3,.3503157094332966,1
712,1,-1.525097960667837,1
712,2,-.0859958403259498,1
712,3,.2541800568639152,1
713,1,.5601809435489149,1
713,2,.681937466030872,1
713,3,3.113390053702467,1
714,1,2.10489701886391,1
714,2,1.800976605104508,1
714,3,.5760248221066838,1
715,1,-1.217739540277343,1
715,2,-.6816174111454811,1
715,3,-.6212123563762622,1
716,1,.1768439425937152,1
716,2,3.42667611210799,1
716,3,2.370573115117451,1
717,1,1.075468585104166,1
717,2,.4471642856075929,1
717,3,1.782701269755644,1
718,1,.032875613697633,1
718,2,-.9087220125465796,1
718,3,.5632164244892376,1
719,1,-.1429230836258155,1
719,2,-2.337108430314516,1
719,3,.6422110531151668,1
720,1,1.677706382689333,1
720,2,.4759901795289445,1
720,3,.8638742878718203,1
721,1,-1.591118851459445,1
721,2,-.6820528146904284,1
721,3,-2.422479489884729,1
722,1,3.25454341140895,1
722,2,3.433012959956726,1
722,3,5.138894557650518,1
723,1,.356433666511754,1
723,2,-1.928875577121103,1
723,3,.4212028788278985,1
724,1,-2.657651940648686,1
724,2,-.5697197334457064,1
724,3,-.8582269973377433,1
725,1,-.8430805824601887,1
725,2,1.347946228544416,1
725,3,.7953056289061228,1
726,1,1.209243263166249,1
726,2,1.309292404380584,1
726,3,2.212326663099629,1
727,1,-.331476216424867,1
727,2,-1.175550486663071,1
727,3,-1.406401171407187,1
728,1,.4884079691746107,1
728,2,1.052452129469656,1
728,3,3.605720512814806,1
729,1,.2979347538117235,1
729,2,.136786795850469,1
729,3,.1963082533760645,1
730,1,2.15088717525191,1
730,2,.160279688072714,1
730,3,3.388913101022358,1
731,1,.806035644767641,1
731,2,1.25514060745061,1
731,3,1.835491017964659,1
732,1,-2.268925966017911,1
732,2,-1.208928069827649,1
732,3,-.8044641886805074,1
733,1,.0083654571577739,1
733,2,-.4985268157267561,1
733,3,-1.188989457257687,1
734,1,-3.402457862294813,1
734,2,-.2827102976076399,1
734,3,-.0851557964603935,1
735,1,1.073821193654707,1
735,2,-.3047913310073344,1
735,3,1.363292978896468,1
736,1,-.6720346553123917,1
736,2,-1.069123750606572,1
736,3,4.043135352638179,1
737,1,-2.722096264951839,1
737,2,.8655011881108745,1
737,3,.5921030067262916,1
738,1,-1.472336285744457,1
738,2,1.465602749209279,1
738,3,1.353900699840409,1
739,1,-.073113426027836,1
739,2,-.4714040641770575,1
739,3,.2418520288158984,1
740,1,-.3659670915185402,1
740,2,-.7959192101668231,1
740,3,.4421749764039449,1
741,1,-.1429586273370071,1
741,2,1.498083875171319,1
741,3,.0021549884721411,1
742,1,.4501442662899844,1
742,2,.2959009365590006,1
742,3,.4992091363830667,1
743,1,-1.149988745905405,1
743,2,-2.285951840630033,1
743,3,.4469424215074815,1
744,1,-.822382547389761,1
744,2,-1.567835941829922,1
744,3,-.1427778797485406,1
745,1,.8416824369808955,1
745,2,2.985495563399454,1
745,3,1.092404103124485,1
746,1,-.7303907508921801,1
746,2,1.536163540646003,1
746,3,1.097397023514851,1
747,1,-.3007831924834066,1
747,2,1.163304641218162,1
747,3,2.104012769208752,1
748,1,-.3788136936112708,1
748,2,2.061949734261573,1
748,3,1.385347409626484,1
749,1,-1.085140103523472,1
749,2,-2.313577449439659,1
749,3,-3.015815779364212,1
750,1,-.2969151893476895,1
750,2,.6783942371278882,1
750,3,1.135360273226329,1
751,1,-1.377451731003831,1
751,2,-.5708803259658305,1
751,3,-.0219983982997353,1
752,1,.4955042801458604,1
752,2,.5098442847591695,1
752,3,.6024834631105235,1
753,1,2.608047023811849,1
753,2,-1.721501818943218,1
753,3,1.355230572673909,1
754,1,-.5888008136599935,1
754,2,-.5628594109301153,1
754,3,2.273019506346051,1
755,1,.4856974698134617,1
755,2,.7913003885320761,1
755,3,1.537654825974519,1
756,1,-.5475341684002151,1
756,2,-3.351300958881103,1
756,3,-1.615234791994621,1
757,1,.9088807971362581,1
757,2,-.2917678265460436,1
757,3,1.161930403220954,1
758,1,-.1067260281455791,1
758,2,-2.590232036649091,1
758,3,-2.03907492099924,1
759,1,-.3332787506206546,1
759,2,-.9495740809221507,1
759,3,.7913239865885141,1
760,1,-2.121726523582145,1
760,2,-3.535891070207631,1
760,3,-.6241131824696938,1
761,1,-.7420111805300976,1
761,2,.2163131038971756,1
761,3,-.6627785285695447,1
762,1,.2021793800567225,1
762,2,.5514182981041011,1
762,3,1.854527818037027,1
763,1,2.003279753913145,1
763,2,-1.32910471330101,1
763,3,1.003395960047385,1
764,1,.2255054128162293,1
764,2,2.375895781508695,1
764,3,3.196709039718403,1
765,1,-.3050337967951495,1
765,2,-1.496856397824278,1
765,3,-.2728856477329973,1
766,1,-.0433264381088333,1
766,2,-2.053237844813562,1
766,3,-1.308592131185299,1
767,1,1.135156765574639,1
767,2,-.6825036216416577,1
767,3,2.378889994805556,1
768,1,-2.252699062996379,1
768,2,-1.156228477793601,1
768,3,-1.07350525404352,1
769,1,.8899973765911168,1
769,2,2.41303796463635,1
769,3,1.771606892456556,1
770,1,-.9721833787361047,1
770,2,1.468520446911147,1
770,3,.7691378134558646,1
771,1,-1.930374406301758,1
771,2,-.7992671511661994,1
771,3,.6705409206343504,1
772,1,1.619865245319106,1
772,2,3.262357106899751,1
772,3,2.613407431180623,1
773,1,-.6927313477225772,1
773,2,.3677264003502951,1
773,3,1.988286093691591,1
774,1,2.197963313662144,1
774,2,-1.181443702466854,1
774,3,1.28023656913677,1
775,1,-1.056932477759952,1
775,2,-1.524267638090212,1
775,3,2.061264239765073,1
776,1,-.0738885067202008,1
776,2,-.9634892495293167,1
776,3,-.6090190021465482,1
777,1,-1.0265443158636,1
777,2,-1.593744387278255,1
777,3,.1014379661259789,1
778,1,1.444440710568825,1
778,2,1.710917473728217,1
778,3,1.744008941185139,1
779,1,.2810220865736819,1
779,2,.3402189169691371,1
779,3,.4286387768722015,1
780,1,1.252363879919821,1
780,2,.4864585460500395,1
780,3,.4485668836030985,1
781,1,1.259625502435439,1
781,2,.9125783482866211,1
781,3,.4074702527080702,1
782,1,-1.716758154800153,1
782,2,.5256516403977531,1
782,3,-.9339251504554902,1
783,1,-3.465006084531358,1
783,2,-2.322135335465954,1
783,3,-4.22171494258069,1
784,1,-.3082642948005585,1
784,2,1.046285471855067,1
784,3,.6815445823481936,1
785,1,-.8111547783719875,1
785,2,-1.192801969205804,1
785,3,2.715575503027527,1
786,1,-1.563900714109692,1
786,2,-1.512231344686318,1
786,3,2.759403222133834,1
787,1,-.3469938767549578,1
787,2,.090570852787265,1
787,3,-.4612921162738525,1
788,1,.2810945361391708,1
788,2,-.4391903984963574,1
788,3,3.794154542037797,1
789,1,-1.275452427532103,1
789,2,-.1602129790725403,1
789,3,-1.329269367437426,1
790,1,.0096382662143459,1
790,2,-1.432466327835181,1
790,3,.3207057058565312,1
791,1,1.995195777399718,1
791,2,1.237245526861125,1
791,3,1.843422307049082,1
792,1,4.455909127323588,1
792,2,4.12638604100158,1
792,3,2.949149866142233,1
793,1,-.3657253138082008,1
793,2,-.4320708179037792,1
793,3,1.209108778060133,1
794,1,.9398423269536209,1
794,2,.8171508692866229,1
794,3,.2533228763607063,1
795,1,-.6044954144387455,1
795,2,-1.755957182188562,1
795,3,-1.626176751333662,1
796,1,-.7546867707443722,1
796,2,-.9276883978816071,1
796,3,-1.089783403936272,1
797,1,-2.350651732969384,1
797,2,-.3452226590022796,1
797,3,.774549800252876,1
798,1,1.721184953504254,1
798,2,2.020589494308448,1
798,3,1.840569295804542,1
799,1,-1.232492049234218,1
799,2,-.4117965666823032,1
799,3,-1.34463032940404,1
800,1,.511672892399564,1
800,2,.9059491957229447,1
800,3,1.998070529669241,1
801,1,2.734512138609828,1
801,2,.2109994640905684,1
801,3,2.380400732765718,1
802,1,-2.494878950880927,1
802,2,-3.057586448054074,1
802,3,-3.356570440866352,1
803,1,.1893254284180867,1
803,2,.2840888974424247,1
803,3,-.8000054839489456,1
804,1,-2.990354226775609,1
804,2,-.1925150378565688,1
804,3,-1.470722351805242,1
805,1,1.109580232467084,1
805,2,2.060753999680953,1
805,3,1.365263304996889,1
806,1,.9080454006276972,1
806,2,-.2306143286729494,1
806,3,2.616556539761191,1
807,1,-.0448081958674763,1
807,2,1.11858534913672,1
807,3,-.8452184166698236,1
808,1,.2996337906457253,1
808,2,.3163007610364548,1
808,3,2.300981607158647,1
809,1,3.082860079968207,1
809,2,-.3552633916031781,1
809,3,2.572952695225379,1
810,1,.313761754259799,1
810,2,1.256761002744414,1
810,3,.1310869816356981,1
811,1,-3.196220658045465,1
811,2,.0114813070080448,1
811,3,-1.161066584425173,1
812,1,.217218551512806,1
812,2,1.376505390652299,1
812,3,2.264368586365717,1
813,1,.6694093125568237,1
813,2,.9447584355424699,1
813,3,-.0600035208211911,1
814,1,.2515480686834538,1
814,2,1.478427624990367,1
814,3,1.379404787478233,1
815,1,-1.871511070668218,1
815,2,-1.503572398104114,1
815,3,-1.618878929569737,1
816,1,.1765624974843708,1
816,2,1.009776753623491,1
816,3,-.1034880255671317,1
817,1,-2.581611977078504,1
817,2,.4261521032461339,1
817,3,.4225970706367284,1
818,1,-.0361116139077178,1
818,2,-2.150720332555477,1
818,3,-.9132584000208919,1
819,1,1.444428020034221,1
819,2,.3407217647886785,1
819,3,-.436096873778171,1
820,1,.9034460737743131,1
820,2,.6230641744988479,1
820,3,2.110138329673025,1
821,1,1.61340283971665,1
821,2,.4497584349862195,1
821,3,.0694756328136105,1
822,1,-.0446898370986419,1
822,2,-2.545895259836112,1
822,3,-.9418266355876395,1
823,1,2.644649843569415,1
823,2,4.20757299679635,1
823,3,2.268351696713158,1
824,1,-2.84311975246384,1
824,2,-1.175186880435898,1
824,3,-2.260885440577082,1
825,1,1.125509350821349,1
825,2,-1.355435892019597,1
825,3,3.399973512131373,1
826,1,-2.020787396822637,1
826,2,.361530689669165,1
826,3,1.868018820088176,1
827,1,-.3596868191051723,1
827,2,1.764138909242404,1
827,3,-.1721139229049606,1
828,1,-3.471245806608064,1
828,2,-1.842572130336619,1
828,3,-1.095864367511536,1
829,1,-1.776455692112858,1
829,2,-1.187563048224104,1
829,3,-.1428432172442062,1
830,1,1.535655209020077,1
830,2,2.362413587684133,1
830,3,3.172119360808137,1
831,1,.3302168506392956,1
831,2,1.348493025228279,1
831,3,.810167935954975,1
832,1,-.1619225686246555,1
832,2,.1869177054478193,1
832,3,2.85370526984268,1
833,1,4.021978289693449,1
833,2,1.104821767609584,1
833,3,-.8129289679273368,1
834,1,-1.134494266534792,1
834,2,-1.153826723544764,1
834,3,-.9028615679573653,1
835,1,1.579366988729609,1
835,2,1.763601882886315,1
835,3,.8270887499412637,1
836,1,.3984503919829508,1
836,2,1.839954775026968,1
836,3,.5725158383971773,1
837,1,-1.494732349588407,1
837,2,1.516949127731817,1
837,3,.5545035766053448,1
838,1,1.259381375623908,1
838,2,2.867440771924761,1
838,3,3.953574541106497,1
839,1,-1.013015028912876,1
839,2,-1.526216003810668,1
839,3,-.5879644886937685,1
840,1,-1.582763971632772,1
840,2,.2241735705085952,1
840,3,-.5702177704690619,1
841,1,3.219978018517708,1
841,2,3.15407296004946,1
841,3,3.175471061315943,1
842,1,.3577288391748711,1
842,2,-.1627829391035735,1
842,3,.0574137823300792,1
843,1,-1.201782160174309,1
843,2,-.6829500051792723,1
843,3,-.2397654286228391,1
844,1,-.4870484523413132,1
844,2,.1848161213209695,1
844,3,2.29570737971614,1
845,1,-.8555942348414451,1
845,2,.2863336772301938,1
845,3,-1.058658841351877,1
846,1,.593423680280845,1
846,2,1.147033301198746,1
846,3,2.382482001869549,1
847,1,-.8602721663026542,1
847,2,-.8494952042189987,1
847,3,.3167484100336833,1
848,1,-.7637440425750519,1
848,2,-.479609281089392,1
848,3,-1.035975820165614,1
849,1,-1.634182231334798,1
849,2,.1841538624035937,1
849,3,1.394594043189246,1
850,1,.6736882433208359,1
850,2,1.093992022419722,1
850,3,1.178406780700632,1
851,1,-.1145760273119067,1
851,2,-.5249670085599865,1
851,3,2.426635110604852,1
852,1,-1.57514397511228,1
852,2,-.7555527457806372,1
852,3,-1.894667219283167,1
853,1,.620513917238411,1
853,2,1.626430591530605,1
853,3,.3919397298063791,1
854,1,2.415121504545246,1
854,2,.2712446282263408,1
854,3,1.753690882271334,1
855,1,-1.767091374191164,1
855,2,-.7649127865135616,1
855,3,-.8063368903440269,1
856,1,-.8478359278168516,1
856,2,1.113697639450423,1
856,3,-1.503868510631652,1
857,1,1.773275337353965,1
857,2,.4529921607565101,1
857,3,1.266242397065475,1
858,1,-1.115890217351233,1
858,2,-.765470738061383,1
858,3,.5361959036322683,1
859,1,.9796584551020862,1
859,2,.1741682757074159,1
859,3,.2820375662805474,1
860,1,1.951582286125405,1
860,2,1.53169205836002,1
860,3,1.80114191132585,1
861,1,-.23605618613548,1
861,2,-1.01772726493048,1
861,3,.2292226730461968,1
862,1,.0354662029158651,1
862,2,1.186410511809535,1
862,3,2.311937729414429,1
863,1,-1.811160467877291,1
863,2,-1.190009599116661,1
863,3,.7832449620530445,1
864,1,-1.000365367897109,1
864,2,.1214204462824228,1
864,3,-1.043406516356973,1
865,1,-1.757668263422093,1
865,2,.4012527176503449,1
865,3,.6142267453706023,1
866,1,-.5139595179843539,1
866,2,-1.210162130661796,1
866,3,1.401634936208132,1
867,1,-.6045747583143992,1
867,2,.0706487209688738,1
867,3,.3732419084035729,1
868,1,.1294622887485871,1
868,2,.09277575796615,1
868,3,-.4673435585480168,1
869,1,-.5300914542795523,1
869,2,-.0284493330982617,1
869,3,.5007506975739003,1
870,1,-.6988492999536167,1
870,2,.5311875824079683,1
870,3,1.144730113208374,1
871,1,-.4227826719863329,1
871,2,-.1736343942219738,1
871,3,1.257211911188078,1
872,1,-1.555991150971034,1
872,2,-.1537384112555513,1
872,3,1.918533965074148,1
873,1,.7490320011055105,1
873,2,-1.754967900210757,1
873,3,.1093502395306069,1
874,1,-.8873281280561258,1
874,2,1.156649878456908,1
874,3,2.114486706866164,1
875,1,-2.813482831338582,1
875,2,-1.609491702723667,1
875,3,-1.801143102497933,1
876,1,-.3496425598747931,1
876,2,-1.215914879383143,1
876,3,.0515859334162276,1
877,1,-1.402900427264376,1
877,2,.0737657340951086,1
877,3,-1.388557826072832,1
878,1,.8762410932175898,1
878,2,2.114788745210887,1
878,3,2.436606968616882,1
879,1,-.7572232006876874,1
879,2,-.5864762934496708,1
879,3,1.032432163572667,1
880,1,.6018892019239903,1
880,2,-1.646472687340867,1
880,3,.76341869183619,1
881,1,1.667316243904105,1
881,2,-.0600487880296959,1
881,3,.1876596726076835,1
882,1,-.0243620500372944,1
882,2,.4975561226983057,1
882,3,.2327867389077465,1
883,1,2.502617859752357,1
883,2,1.066789752925128,1
883,3,1.45820612605617,1
884,1,.6352567383400699,1
884,2,-.3600279236520651,1
884,3,-.823728187650144,1
885,1,-1.014638292520023,1
885,2,-.6146269477583137,1
885,3,.9884422431614709,1
886,1,2.414870626308907,1
886,2,2.05258565943761,1
886,3,1.267944859362545,1
887,1,-.609476488509359,1
887,2,.64786052844227,1
887,3,.7288670873048162,1
888,1,.0755337279063264,1
888,2,1.669765232765559,1
888,3,2.157284737935865,1
889,1,3.168942754667692,1
889,2,3.563925217194086,1
889,3,2.762572460212155,1
890,1,.3890090129570604,1
890,2,-.433079806378216,1
890,3,3.297185572517568,1
891,1,.8190791351189921,1
891,2,.1040646517439661,1
891,3,2.176309527980758,1
892,1,1.559677636755031,1
892,2,1.416891366829107,1
892,3,3.264293579278984,1
893,1,1.14202231043224,1
893,2,2.252276767365758,1
893,3,1.99910594956686,1
894,1,-1.541743442561275,1
894,2,-.7244703347834252,1
894,3,-1.410563872552929,1
895,1,-1.931971403487093,1
895,2,-1.043779961543012,1
895,3,-.7734451187437188,1
896,1,1.012072453906768,1
896,2,.1958180931102061,1
896,3,.769179011330372,1
897,1,-1.573945034329778,1
897,2,-.8731104487109593,1
897,3,-1.715732188153409,1
898,1,-1.736294691824772,1
898,2,-.2173037270815651,1
898,3,1.039749696336844,1
899,1,2.348098334754686,1
899,2,3.412169907537219,1
899,3,1.820000857540499,1
900,1,-.3711878541026353,1
900,2,-.669015010895313,1
900,3,1.358399297924396,1
901,1,1.273455970841926,1
901,2,2.1122156234801,1
901,3,1.234042222089327,1
902,1,.2465564254168985,1
902,2,-.3061844901293076,1
902,3,.8800226355765745,1
903,1,-3.065982368962625,1
903,2,-1.285145812636347,1
903,3,-.5955297942067055,1
904,1,1.026649844369575,1
904,2,-.761563153447534,1
904,3,2.201898746572992,1
905,1,-1.698145074265168,1
905,2,-.1188134139221976,1
905,3,2.090796024044024,1
906,1,-.7211587373494857,1
906,2,1.256196752408388,1
906,3,.3071063508199783,1
907,1,-1.753324680062814,1
907,2,-.5681426410133275,1
907,3,.2405093920775457,1
908,1,.525866410989051,1
908,2,1.267939409463224,1
908,3,4.475559555099673,1
909,1,1.308268284791529,1
909,2,1.262025326177777,1
909,3,1.680883895229383,1
910,1,-.2268156915312741,1
910,2,1.009448216369545,1
910,3,-.5123770753977129,1
911,1,-2.476442285981796,1
911,2,-1.939121745144107,1
911,3,-3.00674344940998,1
912,1,2.188176624395167,1
912,2,-.5616490262678572,1
912,3,.8300550505645139,1
913,1,.0375786262735067,1
913,2,-.0721784673009628,1
913,3,.6755398642597854,1
914,1,.547766707361526,1
914,2,2.430951765805444,1
914,3,2.870764564297232,1
915,1,.5973711156187245,1
915,2,2.169369477767869,1
915,3,.6410077721529899,1
916,1,-2.096739687201344,1
916,2,-.4191765542441438,1
916,3,-.2209318678024104,1
917,1,.6551339806753378,1
917,2,.8561610413476994,1
917,3,-1.478571176531342,1
918,1,1.949265554537591,1
918,2,.4695316181528628,1
918,3,2.922623618757217,1
919,1,2.809968043908747,1
919,2,.1971195590751063,1
919,3,3.605231356130829,1
920,1,-.3765276215379916,1
920,2,-1.159593875008463,1
920,3,.197370903660931,1
921,1,-.216415752192452,1
921,2,1.884687453081118,1
921,3,2.154777247241867,1
922,1,3.916189473248809,1
922,2,-.0408580425515921,1
922,3,2.542416268369511,1
923,1,1.882623918123114,1
923,2,3.198855190125427,1
923,3,.671911498527723,1
924,1,-1.296611664450115,1
924,2,-.5351155375923402,1
924,3,1.160490476691938,1
925,1,-.0841799539620379,1
925,2,.5031101137822219,1
925,3,1.917724300248497,1
926,1,.016681837166005,1
926,2,.1613169162571685,1
926,3,.7627804228314599,1
927,1,.9781293839235293,1
927,2,2.017198720920056,1
927,3,2.69117672419897,1
928,1,.8570117860288892,1
928,2,.8038453301155253,1
928,3,3.41562534029813,1
929,1,.3672096762015651,1
929,2,1.360118045339851,1
929,3,.2050575863847954,1
930,1,-2.280304373504633,1
930,2,.2369692672446571,1
930,3,-1.988911460017398,1
931,1,1.075714742821106,1
931,2,.9200323400486365,1
931,3,-.3253878837457104,1
932,1,-.3837554788410065,1
932,2,-1.157577271964374,1
932,3,2.083810129259539,1
933,1,1.473451429957306,1
933,2,2.825960405755468,1
933,3,1.996591674421371,1
934,1,.2684954738811506,1
934,2,.7824194377532121,1
934,3,2.940395997119942,1
935,1,-.1726260672719362,1
935,2,-.0400559036490735,1
935,3,1.615314950087586,1
936,1,1.194476785256603,1
936,2,.4862377735101112,1
936,3,1.835524511819692,1
937,1,-1.165972127460891,1
937,2,-.6822708849830126,1
937,3,-1.074111542262946,1
938,1,.6186115350862564,1
938,2,.3795292127448668,1
938,3,-.4779481283204405,1
939,1,1.416596727258116,1
939,2,1.935685214964816,1
939,3,3.237168419276614,1
940,1,.2263772850665817,1
940,2,.9376737018025878,1
940,3,.4459211863076659,1
941,1,.3520393662418505,1
941,2,.7332632900843925,1
941,3,1.508285383452043,1
942,1,.6825669652406843,1
942,2,-.6173046843328535,1
942,3,.7713896151099842,1
943,1,-.0491205879346611,1
943,2,-.6921618927083243,1
943,3,.4713383027553419,1
944,1,-1.384470478392871,1
944,2,-.9543283042721916,1
944,3,-1.04746069182995,1
945,1,1.700038164800325,1
945,2,-.5933210396685243,1
945,3,.68507450607598,1
946,1,.0011887986107519,1
946,2,-.1737823874270957,1
946,3,-2.165817762831028,1
947,1,1.160897168163155,1
947,2,1.333540346937603,1
947,3,1.576886596534377,1
948,1,-.1352985971424343,1
948,2,.8793187033908667,1
948,3,2.442649955175681,1
949,1,-.4141898824758896,1
949,2,.7965852656657375,1
949,3,-.1194660830015449,1
950,1,-.5094761575218576,1
950,2,-.0342248467594633,1
950,3,.8240058345637122,1
951,1,-.0007528875359516,1
951,2,-1.335523430655996,1
951,3,2.218640993369888,1
952,1,.7259635639345865,1
952,2,1.667578779438813,1
952,3,2.762748473580425,1
953,1,-.9628335383814264,1
953,2,-.6902902769565599,1
953,3,-.0016749801430946,1
954,1,.6592470431026671,1
954,2,1.850106303300826,1
954,3,4.471454484730488,1
955,1,.2578842305114558,1
955,2,.621881955789783,1
955,3,-.109977707822237,1
956,1,1.520347507891542,1
956,2,-.9612509129408084,1
956,3,.5160007323467076,1
957,1,.1382154727902012,1
957,2,.6028705546410986,1
957,3,1.421871932233674,1
958,1,1.69463148746061,1
958,2,-1.058153682154376,1
958,3,2.666298730076979,1
959,1,.7967218579093219,1
959,2,-.9970258333038886,1
959,3,.6030353084715273,1
960,1,-.2773078395618488,1
960,2,.7397558403547855,1
960,3,1.553677244500615,1
961,1,-.4258035661382128,1
961,2,-1.449177114602311,1
961,3,-.5983400263607875,1
962,1,-1.380253711023718,1
962,2,-3.065188847946172,1
962,3,-.6946170806284429,1
963,1,-.9604657840360791,1
963,2,-1.9466748401363,1
963,3,-1.27218049950458,1
964,1,.0291815475633897,1
964,2,-.0034529002395761,1
964,3,.6106930849873655,1
965,1,.2612139245508709,1
965,2,2.471231853797187,1
965,3,3.605504413016481,1
966,1,-.2133292843873988,1
966,2,2.319277211473214,1
966,3,3.973820636386528,1
967,1,.7709971415163082,1
967,2,1.634029824393413,1
967,3,3.026231867119503,1
968,1,-.3299939120495199,1
968,2,.5910437493650349,1
968,3,5.095998495470011,1
969,1,.649241933941244,1
969,2,2.099954004087254,1
969,3,2.765222968773177,1
970,1,2.649125314124609,1
970,2,2.66959875636532,1
970,3,2.944526562483515,1
971,1,1.778849992618899,1
971,2,.2516501178986508,1
971,3,.2535356781395537,1
972,1,-.7284880263868549,1
972,2,-1.235188605752502,1
972,3,.7091195169023522,1
973,1,-.5289330294738356,1
973,2,1.827791403939852,1
973,3,1.862811579599968,1
974,1,1.494836132057575,1
974,2,1.337189156282448,1
974,3,2.873178779670445,1
975,1,-.6914756888262337,1
975,2,1.023702127010796,1
975,3,.7317069120906424,1
976,1,-.0876214698042013,1
976,2,.7434017711317826,1
976,3,1.217588533543577,1
977,1,1.202521508480792,1
977,2,-1.999010919538967,1
977,3,1.461471231172801,1
978,1,-1.23911586538405,1
978,2,.1446108912457045,1
978,3,.6777536836572235,1
979,1,1.329518948421786,1
979,2,1.066334915852753,1
979,3,2.180604600254209,1
980,1,-.2832548291110442,1
980,2,2.393967827340143,1
980,3,.4750367402279637,1
981,1,-1.147251031482531,1
981,2,-1.878143476800273,1
981,3,-.0591942248480973,1
982,1,-1.518781687715698,1
982,2,-1.361017468082425,1
982,3,1.695415869797958,1
983,1,.0180505095904434,1
983,2,.545489226173183,1
983,3,1.763579916144368,1
984,1,-1.207557776796003,1
984,2,-.1183811701232224,1
984,3,-.2285668827446465,1
985,1,-1.116424740740034,1
985,2,-.6694011935215236,1
985,3,.5033150560597455,1
986,1,1.431585498606149,1
986,2,1.777760760313209,1
986,3,3.34807906369876,1
987,1,-.4122442770078708,1
987,2,.9681615309453606,1
987,3,1.181063730742141,1
988,1,2.8187121754752,1
988,2,1.784876681663158,1
988,3,3.710722001109786,1
989,1,1.066226532150794,1
989,2,-.6059114411683704,1
989,3,1.084106659955999,1
990,1,-2.733277027297345,1
990,2,-.4978894825311234,1
990,3,-.5320042572655062,1
991,1,-1.563982533989101,1
991,2,-1.906812366054285,1
991,3,-.577336925077548,1
992,1,1.200037373426991,1
992,2,1.317278108543065,1
992,3,2.368853226206957,1
993,1,1.724971074220746,1
993,2,.7657066879335974,1
993,3,2.916971163644159,1
994,1,-3.122574133822984,1
994,2,-1.575263903851822,1
994,3,3.300912223818073,1
995,1,.0588206819948123,1
995,2,-1.120252648346091,1
995,3,1.06767774562493,1
996,1,-.9136825841593674,1
996,2,.1153861247933792,1
996,3,-.4175214345461839,1
997,1,2.167440828706753,1
997,2,.075054352225041,1
997,3,2.270512338209315,1
998,1,2.010648633525909,1
998,2,2.34583073308855,1
998,3,-1.268245892260819,1
999,1,-1.252096648895402,1
999,2,-2.120193135166067,1
999,3,-1.417368582847593,1
1000,1,.4519054502282538,1
1000,2,1.926271205812616,1
1000,3,-.1296825847070022,1
1001,1,-.7382312675155661,0
1001,2,3.882399434356779,0
1001,3,1.233051678397272,0
1002,1,1.885023337243897,0
1002,2,2.006694785815728,0
1002,3,.6886555700505645,0
1003,1,-.9711008192084504,0
1003,2,1.319220528978926,0
1003,3,-.6445921698269754,0
1004,1,-1.207357482323073,0
1004,2,-.4802290516439742,0
1004,3,.4490267270693021,0
1005,1,-1.103776309688311,0
1005,2,.1986111100498753,0
1005,3,-1.270891538628885,0
1006,1,.0670025644219016,0
1006,2,2.145515997027958,0
1006,3,.0202424574894939,0
1007,1,-.2656337015439582,0
1007,2,.3351455190711721,0
1007,3,-1.244774498668507,0
1008,1,-2.060666820244609,0
1008,2,-.2557768459699097,0
1008,3,-.0745487505972884,0
1009,1,.2817203708917814,0
1009,2,.2880729921462672,0
1009,3,.3662888938531363,0
1010,1,.7356229172672871,0
1010,2,.1556323545796262,0
1010,3,-.4873773092286514,0
1011,1,.6425319329935427,0
1011,2,2.172579684176857,0
1011,3,2.375895191496717,0
1012,1,.9639319476329866,0
1012,2,-.2442736482361066,0
1012,3,.5908979622000482,0
1013,1,-.2002081101409751,0
1013,2,-1.536274392287671,0
1013,3,2.722059782815546,0
1014,1,.3029662632747453,0
1014,2,-.4852106398761344,0
1014,3,2.974301218585365,0
1015,1,-.0789604114595002,0
1015,2,1.337374817443306,0
1015,3,2.033459260077435,0
1016,1,-.2059466226229264,0
1016,2,-1.190934927577159,0
1016,3,.5909836572244357,0
1017,1,-.5166097876243942,0
1017,2,-1.716284866510734,0
1017,3,-1.546336453326311,0
1018,1,-2.643783582414735,0
1018,2,-1.117049916873349,0
1018,3,-1.250329009128267,0
1019,1,1.84315623762852,0
1019,2,1.476164523516744,0
1019,3,.4752866260651962,0
1020,1,-.3236358848243936,0
1020,2,.1479373197833058,0
1020,3,.3818473180068691,0
1021,1,-.353259164555013,0
1021,2,-.1470237452045267,0
1021,3,-.2485047816479121,0
1022,1,.27749187581595,0
1022,2,-.4184897824065357,0
1022,3,1.565348497034399,0
1023,1,.5425268733985475,0
1023,2,1.488606068228664,0
1023,3,1.695257272364126,0
1024,1,.6107531408871654,0
1024,2,3.710746695947414,0
1024,3,1.632603805218408,0
1025,1,-1.943699291293304,0
1025,2,-2.254257095440808,0
1025,3,.2215051910955602,0
1026,1,1.254843053463408,0
1026,2,2.230333380793685,0
1026,3,1.30420886503159,0
1027,1,-.8806073329022472,0
1027,2,.419936363176847,0
1027,3,-.9139193360339153,0
1028,1,.8822524049699343,0
1028,2,.6637014473776889,0
1028,3,1.45071832774141,0
1029,1,.3198968548602961,0
1029,2,1.718693770946981,0
1029,3,1.257781417610096,0
1030,1,-.4364975956761746,0
1030,2,.1395415106435864,0
1030,3,.9744881587594381,0
1031,1,-.9699962613100517,0
1031,2,-.6031659945851653,0
1031,3,.8308954023807197,0
1032,1,-2.196057955383944,0
1032,2,.6902233446615214,0
1032,3,-.0636968507900116,0
1033,1,-.5881664726160788,0
1033,2,-.4807704836141606,0
1033,3,2.008741548582524,0
1034,1,1.193493407182511,0
1034,2,-.3133165923645129,0
1034,3,.1931649853909547,0
1035,1,.8348846821490102,0
1035,2,.4908444029927592,0
1035,3,2.062957654363994,0
1036,1,.3162922247491223,0
1036,2,-.8724998478097306,0
1036,3,1.959109886357977,0
1037,1,-.1754217362225052,0
1037,2,-1.563540785215935,0
1037,3,-2.006338884238833,0
1038,1,.0168873795219445,0
1038,2,-1.95736317840135,0
1038,3,.8971192681473441,0
1039,1,-.7303666256217431,0
1039,2,1.703543846043459,0
1039,3,.6259157767485701,0
1040,1,-.0972279738393477,0
1040,2,.1027896491803006,0
1040,3,.2087802560335698,0
1041,1,-1.502104808525095,0
1041,2,1.186420415056678,0
1041,3,.4004334583688102,0
1042,1,.5406785181804528,0
1042,2,1.889852001557356,0
1042,3,2.650328456125142,0
1043,1,1.757781427616505,0
1043,2,-.1921019801393846,0
1043,3,.2850974666480132,0
1044,1,-1.445150882999869,0
1044,2,-.9702453659665251,0
1044,3,-1.959487980852904,0
1045,1,-1.494523409159191,0
1045,2,-.9029225706748403,0
1045,3,-.6754255178374399,0
1046,1,1.155103954387415,0
1046,2,1.530523034480625,0
1046,3,-.2167744482440086,0
1047,1,-.4939000084019086,0
1047,2,-.2277033700310686,0
1047,3,-1.633725308074492,0
1048,1,-.2995937405503928,0
1048,2,-.4008772684440242,0
1048,3,1.127711702088898,0
1049,1,-1.702127556833043,0
1049,2,.8520385138325735,0
1049,3,1.057038336527851,0
1050,1,-.5046800588644289,0
1050,2,3.147050993892914,0
1050,3,1.044713010930164,0
1051,1,-2.402536017143341,0
1051,2,.4331191218138337,0
1051,3,-.7103485616086862,0
1052,1,-1.485071622547581,0
1052,2,-1.248233392182466,0
1052,3,-1.081822024613182,0
1053,1,.949423071383058,0
1053,2,.3614567717942184,0
1053,3,1.340077384366435,0
1054,1,.372049850810849,0
1054,2,-.3500867274121725,0
1054,3,1.138509152051284,0
1055,1,-1.084521346972643,0
1055,2,-.3851917647464816,0
1055,3,.0906312509411693,0
1056,1,-.6651874602545107,0
1056,2,.566930007633091,0
1056,3,.6560899151306471,0
1057,1,.36643982776395,0
1057,2,-.3316044432145998,0
1057,3,-1.803472506881871,0
1058,1,1.305324054798997,0
1058,2,1.763511148078442,0
1058,3,.1759647885884427,0
1059,1,.41342067497834,0
1059,2,1.046705675681301,0
1059,3,-.6175413417981642,0
1060,1,2.130163611806813,0
1060,2,-.695270782221868,0
1060,3,2.421023505328754,0
1061,1,-1.24900360372591,0
1061,2,1.183535988554252,0
1061,3,1.833124167273619,0
1062,1,-.36841357056164,0
1062,2,-.3729712384342726,0
1062,3,-.0945516497384497,0
1063,1,-2.340151569817805,0
1063,2,-.7779711843795827,0
1063,3,-.1359250268582892,0
1064,1,3.202845927918625,0
1064,2,2.096519890209602,0
1064,3,1.59250510587686,0
1065,1,-1.869481661828647,0
1065,2,-1.785596715677302,0
1065,3,-.8469140573408461,0
1066,1,-.7553807010692166,0
1066,2,-.3581632085032451,0
1066,3,-1.60371175795205,0
1067,1,.4428276598594784,0
1067,2,.0587154088035143,0
1067,3,.2832200535837541,0
1068,1,.1210052799891073,0
1068,2,1.874709278930017,0
1068,3,1.132113162541813,0
1069,1,-.6278453866625952,0
1069,2,-.6759550819290385,0
1069,3,-.6355065145908809,0
1070,1,.217195574058703,0
1070,2,1.673846025936144,0
1070,3,-1.182689317204008,0
1071,1,.3609971106138792,0
1071,2,2.195365134288028,0
1071,3,1.997109473111109,0
1072,1,-.6863677687453049,0
1072,2,1.561415767745277,0
1072,3,.4435751570481432,0
1073,1,.7543895825704106,0
1073,2,2.723976448306051,0
1073,3,1.646713440936005,0
1074,1,-1.045808680324273,0
1074,2,-1.207621804849725,0
1074,3,-1.372459033214149,0
1075,1,-2.53218175269671,0
1075,2,-1.724053847266849,0
1075,3,-1.766067378677513,0
1076,1,.8418112365885453,0
1076,2,.7608997530982086,0
1076,3,1.829315956556855,0
1077,1,-.9896278143003064,0
1077,2,.3441304941061866,0
1077,3,-.505922507952784,0
1078,1,2.007673930004764,0
1078,2,-1.041661700067904,0
1078,3,1.315372269516678,0
1079,1,-1.162328715618599,0
1079,2,-1.497030955274966,0
1079,3,-.1083331458973516,0
1080,1,-2.154829101504049,0
1080,2,-.5334055547976201,0
1080,3,.6237615748020823,0
1081,1,1.234196702174807,0
1081,2,1.015862697056908,0
1081,3,1.293250146296721,0
1082,1,-.0554020000411096,0
1082,2,2.855460966503609,0
1082,3,1.045925042683493,0
1083,1,-.2355698176766959,0
1083,2,.2548222027211698,0
1083,3,-.205061496218343,0
1084,1,-.5816196535488027,0
1084,2,-.8324024533890697,0
1084,3,1.217115475539944,0
1085,1,.9750140040995635,0
1085,2,.649491210797708,0
1085,3,-.6595550954207761,0
1086,1,-.5815460801454772,0
1086,2,-.7348101616961368,0
1086,3,-.5339993711152038,0
1087,1,-1.052888813756569,0
1087,2,.1233218829780438,0
1087,3,.2467757172204101,0
1088,1,3.119379046529297,0
1088,2,.9693992755463434,0
1088,3,1.018039683292564,0
1089,1,.9290514647912557,0
1089,2,1.534008528426992,0
1089,3,1.903050971007866,0
1090,1,.2793022248985204,0
1090,2,-.003426096358095,0
1090,3,1.832794762505144,0
1091,1,3.289594049561349,0
1091,2,3.696702333976343,0
1091,3,2.152986098976372,0
1092,1,.126837458741206,0
1092,2,-1.599520765663783,0
1092,3,-.6476492432025452,0
1093,1,-1.728152149971296,0
1093,2,.3644974493803865,0
1093,3,-.5897804321298625,0
1094,1,-1.097243951828941,0
1094,2,-2.081308863811097,0
1094,3,-1.796023664551928,0
1095,1,-1.042155993604907,0
1095,2,.6812476765581976,0
1095,3,1.029529614489007,0
1096,1,-.7644911147466631,0
1096,2,-.496363836853487,0
1096,3,-1.529411172096134,0
1097,1,1.814180183495391,0
1097,2,.4405280157156056,0
1097,3,-.2099807547377883,0
1098,1,-.9052077448931051,0
1098,2,1.116856766591377,0
1098,3,1.304748681330755,0
1099,1,1.789733848063063,0
1099,2,.7732030742264074,0
1099,3,1.637267901518442,0
1100,1,2.138162026066045,0
1100,2,2.122646906553824,0
1100,3,.0282320405135732,0
1101,1,-.4149197277319285,0
1101,2,-1.204152678713914,0
1101,3,.0030358421173265,0
1102,1,1.964117918474122,0
1102,2,1.556037604158827,0
1102,3,-.0625015721594016,0
1103,1,-1.144524439983739,0
1103,2,-2.179001602397451,0
1103,3,-.9766700645521703,0
1104,1,-.9600508645377051,0
1104,2,-.2106401938577831,0
1104,3,-1.236873881298249,0
1105,1,1.076194626585499,0
1105,2,.8950101568782667,0
1105,3,-.1206784275837089,0
1106,1,-.0387949674382105,0
1106,2,.7677675726321103,0
1106,3,-.9788420265543145,0
1107,1,1.285410740350332,0
1107,2,1.576188056886145,0
1107,3,1.722216814767112,0
1108,1,.4455937447071632,0
1108,2,1.132015098331434,0
1108,3,2.432258484652725,0
1109,1,-.8362721808321956,0
1109,2,1.518246633686622,0
1109,3,.6182319961796505,0
1110,1,-.3170775354265973,0
1110,2,.4636632105970122,0
1110,3,-.9174944955825922,0
1111,1,.1469002429516549,0
1111,2,-1.61042371441094,0
1111,3,.1714990669793259,0
1112,1,-.3891445123378789,0
1112,2,2.937200867030596,0
1112,3,2.441986027021818,0
1113,1,1.098497720925934,0
1113,2,1.272493666853717,0
1113,3,-.341640592821153,0
1114,1,1.987853809805917,0
1114,2,-.8920685340901394,0
1114,3,.9063579383529221,0
1115,1,-.492902766645977,0
1115,2,.5824785931967997,0
1115,3,-.8552529779767097,0
1116,1,2.287720175375028,0
1116,2,1.452922068291493,0
1116,3,.5512209872280585,0
1117,1,-1.055839056207207,0
1117,2,-.0395387820072696,0
1117,3,.2368741936649281,0
1118,1,.0517402764832955,0
1118,2,.5498423657301664,0
1118,3,.9210007237587081,0
1119,1,-4.467385039666646,0
1119,2,-2.752591911453447,0
1119,3,-.9791524794921408,0
1120,1,-1.864121104064252,0
1120,2,-1.463209569038095,0
1120,3,-.9721445752673352,0
1121,1,.0208113141238644,0
1121,2,.2133309470490015,0
1121,3,.5168641412980035,0
1122,1,.2969067742809423,0
1122,2,1.3607694045244,0
1122,3,.8098946310183768,0
1123,1,.9703854124283284,0
1123,2,.2158004340179635,0
1123,3,-.1963775061221313,0
1124,1,2.144478866168353,0
1124,2,2.554441914672929,0
1124,3,-.0088988084534034,0
1125,1,-1.149325459911215,0
1125,2,-.2677971250049473,0
1125,3,-1.940073383254766,0
1126,1,-.3973110760526527,0
1126,2,1.341201705469337,0
1126,3,-.8695894247449543,0
1127,1,.1179373762716663,0
1127,2,-.9280045700049442,0
1127,3,-1.728303288802219,0
1128,1,1.372577390253493,0
1128,2,1.983712021172076,0
1128,3,2.512742692141306,0
1129,1,.3786180786683996,0
1129,2,.5771524307843685,0
1129,3,.2978204671610292,0
1130,1,1.050481720679947,0
1130,2,1.560641123773423,0
1130,3,.8729358795233149,0
1131,1,1.747960679709175,0
1131,2,3.747816704634881,0
1131,3,1.563365347618412,0
1132,1,-2.237802550746096,0
1132,2,.4009155402904796,0
1132,3,-1.534483180293086,0
1133,1,-1.578068241122376,0
1133,2,-3.392819712921129,0
1133,3,-1.743028924564123,0
1134,1,-.413581457008086,0
1134,2,.8985245487463192,0
1134,3,.1174838046376886,0
1135,1,-.698717368366651,0
1135,2,.5544957182519179,0
1135,3,.0135734243335063,0
1136,1,1.514507593125789,0
1136,2,.7971031405860376,0
1136,3,1.247890720687356,0
1137,1,.0421464841936598,0
1137,2,-.6978333431537156,0
1137,3,1.767955960401985,0
1138,1,-.5012391309899396,0
1138,2,-2.181829155869921,0
1138,3,-1.466517082927757,0
1139,1,-.1725536591937345,0
1139,2,-2.112712753675341,0
1139,3,-1.137177522339779,0
1140,1,2.591869212093619,0
1140,2,1.271398339414593,0
1140,3,1.215322107822722,0
1141,1,-1.496066043400728,0
1141,2,-2.288663973260696,0
1141,3,-.6466264557319451,0
1142,1,-.7210525697617687,0
1142,2,1.103029602654352,0
1142,3,.5453763971187576,0
1143,1,-.2769802128362267,0
1143,2,.6759749881985373,0
1143,3,-2.110217497518326,0
1144,1,-.9408015868077959,0
1144,2,.2547155237695536,0
1144,3,-.1286739593154252,0
1145,1,-1.025776332728629,0
1145,2,.1212353662189958,0
1145,3,1.075982328446811,0
1146,1,.2754212726438641,0
1146,2,-3.343952411884505,0
1146,3,-1.118224722420409,0
1147,1,-2.047457210857873,0
1147,2,-3.451955761716722,0
1147,3,-1.659084426600574,0
1148,1,.1300842971352398,0
1148,2,-.9904710087422414,0
1148,3,.6355190677592383,0
1149,1,-2.303059220884763,0
1149,2,-.2942920206675348,0
1149,3,-.5095232302708131,0
1150,1,1.895868690856489,0
1150,2,.3036213516285908,0
1150,3,.5743202764504433,0
1151,1,-1.860309221464497,0
1151,2,-2.51148930088378,0
1151,3,-1.384397156461025,0
1152,1,1.450169593765802,0
1152,2,-1.146500280302368,0
1152,3,-.0501855751326986,0
1153,1,1.884102891597619,0
1153,2,1.397108899508812,0
1153,3,2.579243558237519,0
1154,1,-.6946131397810844,0
1154,2,-2.261525793735041,0
1154,3,-3.032159202392255,0
1155,1,-1.054782663607835,0
1155,2,-.4541725039484396,0
1155,3,.3579593086176385,0
1156,1,1.949251027916522,0
1156,2,.5563475856679917,0
1156,3,1.37779461837739,0
1157,1,.7679742119758552,0
1157,2,.1963553145860812,0
1157,3,.7164501652636521,0
1158,1,.1334857895854173,0
1158,2,-1.401949816787403,0
1158,3,-1.136207223367423,0
1159,1,-.233184812137888,0
1159,2,-.5419943963831946,0
1159,3,1.212890434183711,0
1160,1,-1.460122576500209,0
1160,2,.3311281908204415,0
1160,3,.1292664048879052,0
1161,1,-.6066068865783388,0
1161,2,.7611835988963098,0
1161,3,.0462319117624733,0
1162,1,.9950237663036646,0
1162,2,.3772367625659195,0
1162,3,1.129366931988088,0
1163,1,-.4203516811253507,0
1163,2,-.5225838403436729,0
1163,3,-.1038050444704708,0
1164,1,.8283885115054931,0
1164,2,3.002173190826368,0
1164,3,2.541351074742692,0
1165,1,-1.841363674238613,0
1165,2,-1.443517392997648,0
1165,3,-2.088278975881773,0
1166,1,-2.127856419680773,0
1166,2,2.067956789021958,0
1166,3,-.0409839757684188,0
1167,1,-3.172714731812656,0
1167,2,-.3445031043593464,0
1167,3,-.6416660353965212,0
1168,1,.574897495556579,0
1168,2,.8645100542564564,0
1168,3,1.009431653502389,0
1169,1,-3.547608138410312,0
1169,2,-.8061366749258759,0
1169,3,-2.703205855765453,0
1170,1,-2.177246420793293,0
1170,2,-.2531083373449474,0
1170,3,-.2513902158103944,0
1171,1,.9491381809608547,0
1171,2,-.9811557451390318,0
1171,3,2.290005415485359,0
1172,1,-.0572238140707666,0
1172,2,2.008245079511607,0
1172,3,1.616863337036423,0
1173,1,1.217569314166371,0
1173,2,-.3859233340514313,0
1173,3,.8656771269034957,0
1174,1,-2.397739580972437,0
1174,2,-.4871803922714122,0
1174,3,-2.028435898622538,0
1175,1,2.389059269357602,0
1175,2,-1.801637979367893,0
1175,3,.148405939263169,0
1176,1,.312267742884538,0
1176,2,-1.286180246009681,0
1176,3,-.6332854042581455,0
1177,1,-.6008207146691877,0
1177,2,-1.016645253730201,0
1177,3,-2.457663240517938,0
1178,1,-1.80179359971271,0
1178,2,-1.082700638462784,0
1178,3,.2767492498328867,0
1179,1,-.6269224840977333,0
1179,2,1.588336528386333,0
1179,3,-.6157729738196029,0
1180,1,-.4212765725252173,0
1180,2,.1429923100919615,0
1180,3,.4483297920493007,0
1181,1,-.2466271361652421,0
1181,2,-1.081053987927512,0
1181,3,1.590656408026072,0
1182,1,-1.549376722619235,0
1182,2,.1344601305541197,0
1182,3,-1.840180264328265,0
1183,1,-1.569862708911235,0
1183,2,-1.607639510664912,0
1183,3,-1.289928683722059,0
1184,1,.7039675209949156,0
1184,2,.8449918327269146,0
1184,3,1.591767990073063,0
1185,1,-.2642308282073671,0
1185,2,2.335320248768356,0
1185,3,.9954048737275324,0
1186,1,-1.229121513331304,0
1186,2,-1.628456860983218,0
1186,3,.4025536191995582,0
1187,1,-.4817663127447138,0
1187,2,1.948479948515094,0
1187,3,1.704799923891614,0
1188,1,-.4009392519295432,0
1188,2,-1.553859922396092,0
1188,3,.7263305052289349,0
1189,1,2.219385198897208,0
1189,2,-.9266450018267247,0
1189,3,-.547994458305584,0
1190,1,2.49093014811283,0
1190,2,3.267755710761778,0
1190,3,4.133482660209794,0
1191,1,1.968815963852025,0
1191,2,-.5209832905183891,0
1191,3,2.521168633197546,0
1192,1,-1.123541682421574,0
1192,2,.3669791589133407,0
1192,3,-1.880776674631384,0
1193,1,.1819129939946089,0
1193,2,-1.572065036645672,0
1193,3,-1.183239486791189,0
1194,1,1.955625843158286,0
1194,2,2.174059745320627,0
1194,3,.6204763407667577,0
1195,1,.0996931998014394,0
1195,2,-.7580472099989848,0
1195,3,1.37491464122637,0
1196,1,.419336508145484,0
1196,2,2.556670306506412,0
1196,3,1.989933957588159,0
1197,1,.687814370678508,0
1197,2,-.2159925452803612,0
1197,3,2.269947899050031,0
1198,1,.5457811773569331,0
1198,2,.8796831945931911,0
1198,3,.1913078030784823,0
1199,1,-.7059455589725472,0
1199,2,1.117236421437161,0
1199,3,1.793307782973297,0
1200,1,.5191882008890791,0
1200,2,-.526611179527042,0
1200,3,.4717183055575591,0
1201,1,1.527624370546435,0
1201,2,2.012906762054927,0
1201,3,2.549985260044977,0
1202,1,1.64805421325593,0
1202,2,.5091123805656944,0
1202,3,1.325773365690039,0
1203,1,3.604868727480424,0
1203,2,1.56296905508211,0
1203,3,1.655462416722735,0
1204,1,-1.424283274449225,0
1204,2,-.3597688154746549,0
1204,3,.3255730471377943,0
1205,1,.2263858420895999,0
1205,2,-.0044082630402796,0
1205,3,-.6301478611549749,0
1206,1,1.664385266472421,0
1206,2,-.5347900270080121,0
1206,3,1.568061046787599,0
1207,1,1.515965664585217,0
1207,2,.6444203866766379,0
1207,3,1.037652182601918,0
1208,1,-.9758352919324138,0
1208,2,1.011746165673979,0
1208,3,.1056943732955938,0
1209,1,2.020624641125892,0
1209,2,.2680265629114718,0
1209,3,1.597553796626385,0
1210,1,.744534258089996,0
1210,2,.101122550355817,0
1210,3,2.574422020087098,0
1211,1,1.266408552684263,0
1211,2,1.135570784063429,0
1211,3,2.249605290832257,0
1212,1,-1.286496532667159,0
1212,2,.2539904433018158,0
1212,3,.823257753497675,0
1213,1,.9310393282792684,0
1213,2,.7226360009822996,0
1213,3,.2732374792853258,0
1214,1,-.4648175649531905,0
1214,2,-1.020990815214126,0
1214,3,2.077752592426116,0
1215,1,.9809269144710264,0
1215,2,-1.456570316752259,0
1215,3,-1.672593735382032,0
1216,1,-.4957927143548211,0
1216,2,-.257526964467835,0
1216,3,.0508366413640923,0
1217,1,-.6521541156862759,0
1217,2,-1.0958926816898,0
1217,3,-.3147286690310215,0
1218,1,-.8192375655205847,0
1218,2,-2.441424335843799,0
1218,3,-1.768252197581534,0
1219,1,1.039026246080842,0
1219,2,.4431171046632474,0
1219,3,1.95883255449831,0
1220,1,-1.868829903786721,0
1220,2,-.3482139883099582,0
1220,3,-.9096264416400871,0
1221,1,.3625846608692113,0
1221,2,-1.909012290641954,0
1221,3,1.646143006980555,0
1222,1,.2564425549426029,0
1222,2,-.5193162840990101,0
1222,3,-.0838485432078184,0
1223,1,-1.04700144067899,0
1223,2,.0916605599642585,0
1223,3,-.084654678738165,0
1224,1,1.75240094241094,0
1224,2,-.1598466342806397,0
1224,3,2.26817139627125,0
1225,1,-.6744187458419231,0
1225,2,-1.977451349756019,0
1225,3,-1.341010341574594,0
1226,1,.8485319616450904,0
1226,2,.733656547327014,0
1226,3,.7526658325736146,0
1227,1,-1.193090838283844,0
1227,2,-.3651013159107379,0
1227,3,.3264552504693355,0
1228,1,-1.744508807042854,0
1228,2,-1.120908019696064,0
1228,3,-1.813240704767788,0
1229,1,-1.520757220070683,0
1229,2,-.4923265908960484,0
1229,3,.1837279202963821,0
1230,1,1.162006926828822,0
1230,2,-.6030239533612965,0
1230,3,.3429926004520629,0
1231,1,.1272922964602101,0
1231,2,-.4303387463136883,0
1231,3,.4970838655538649,0
1232,1,-.7046396288773247,0
1232,2,-.0871309011658565,0
1232,3,.3904216791846792,0
1233,1,-.6655488987881522,0
1233,2,-.7739128008148931,0
1233,3,-.4086877758043059,0
1234,1,.9000714916886886,0
1234,2,.539503105386097,0
1234,3,2.363577850670232,0
1235,1,.1149478518566741,0
1235,2,1.681075788654181,0
1235,3,.2559418967899809,0
1236,1,1.084797944021742,0
1236,2,-.3815743045351765,0
1236,3,1.804506000353924,0
1237,1,-1.183096880522903,0
1237,2,-1.305681302826833,0
1237,3,.7767863646560792,0
1238,1,-.4864134569736329,0
1238,2,-1.554706487712666,0
1238,3,-2.03030165583644,0
1239,1,1.435015869484052,0
1239,2,2.716394666370878,0
1239,3,2.871761010002361,0
1240,1,-.3623259442789142,0
1240,2,1.426498717351761,0
1240,3,1.897241757820533,0
1241,1,-.4592439878513861,0
1241,2,1.68222708785199,0
1241,3,1.090546158239837,0
1242,1,-2.343688867460317,0
1242,2,-.997232364079836,0
1242,3,-.8421876933842549,0
1243,1,.4959603931252061,0
1243,2,.0668331786854979,0
1243,3,-.7445018104432668,0
1244,1,-1.021452094162115,0
1244,2,-1.611219693703056,0
1244,3,.0217275641729683,0
1245,1,1.010520823804569,0
1245,2,2.874782863625597,0
1245,3,1.869355085542149,0
1246,1,.877139794908004,0
1246,2,.6440273743388952,0
1246,3,1.876504348199545,0
1247,1,-.9770845332186648,0
1247,2,.000521297298779,0
1247,3,-.1106507188432686,0
1248,1,.842415443779531,0
1248,2,1.201989159035671,0
1248,3,.4773628866189623,0
1249,1,-.0833832644560889,0
1249,2,-.2066728131550039,0
1249,3,2.455996531744288,0
1250,1,3.482424006098423,0
1250,2,1.664858090366872,0
1250,3,-.0429944963638744,0
1251,1,.3552233173145656,0
1251,2,1.951740177497657,0
1251,3,-1.586093184205995,0
1252,1,2.068867536774178,0
1252,2,2.147517540941597,0
1252,3,3.492265532213844,0
1253,1,2.116924529685974,0
1253,2,3.348695185557289,0
1253,3,4.184160148635309,0
1254,1,1.118050189268073,0
1254,2,1.055492323320888,0
1254,3,1.573503851451381,0
1255,1,1.103444210858708,0
1255,2,.9889112728165267,0
1255,3,.3497636304330756,0
1256,1,-.6130594695377656,0
1256,2,.829265290718836,0
1256,3,.8007053760171019,0
1257,1,.7604111888324165,0
1257,2,.6548130103434014,0
1257,3,1.101668592845465,0
1258,1,-.1391879478135036,0
1258,2,.6941062556767996,0
1258,3,2.597055359187484,0
1259,1,1.499142953114229,0
1259,2,.6990649888221454,0
1259,3,2.060084326928941,0
1260,1,-2.334990470551081,0
1260,2,-1.535431123853856,0
1260,3,-1.371529863307717,0
1261,1,-1.085207068264547,0
1261,2,-1.594033887280023,0
1261,3,.1665095707330343,0
1262,1,.080601847145747,0
1262,2,2.02560960756782,0
1262,3,2.11538708118942,0
1263,1,-.3307076975009151,0
1263,2,1.817616471654173,0
1263,3,.2379172411896913,0
1264,1,1.210692306994069,0
1264,2,.6788662341477386,0
1264,3,-.4446135236316956,0
1265,1,-1.998386126231752,0
1265,2,1.071151913092682,0
1265,3,-.6542264934407329,0
1266,1,-.2077953194888228,0
1266,2,-.6804685275718283,0
1266,3,1.373630967787731,0
1267,1,.3183340492985147,0
1267,2,1.281433050735182,0
1267,3,-.8632229286943836,0
1268,1,-.4340654000462105,0
1268,2,-.5371851210686844,0
1268,3,1.284246665636971,0
1269,1,-2.409448216218987,0
1269,2,-1.427633446139738,0
1269,3,-2.513689298904354,0
1270,1,.9449699978485734,0
1270,2,-.3830126053893051,0
1270,3,1.512096345128427,0
1271,1,-.9596069699600304,0
1271,2,-.1601403222521949,0
1271,3,-.4917086998071012,0
1272,1,.9604385170506025,0
1272,2,.4224459824044229,0
1272,3,.386496983899542,0
1273,1,2.123181948981625,0
1273,2,1.429558169665738,0
1273,3,2.293311890034738,0
1274,1,-.7565167966567161,0
1274,2,-.0946574733863943,0
1274,3,.4967594100308055,0
1275,1,1.894282270337613,0
1275,2,1.848967307550154,0
1275,3,3.044054925653745,0
1276,1,-.0218999502881491,0
1276,2,.2932242041701264,0
1276,3,-.0309477088993839,0
1277,1,.0810746174276736,0
1277,2,-.7248647415489109,0
1277,3,-1.340546225874842,0
1278,1,-.2643397985084115,0
1278,2,-1.25612914779903,0
1278,3,.647009131484188,0
1279,1,.9636778844950372,0
1279,2,1.780829316385319,0
1279,3,1.135775580310493,0
1280,1,.8370882088620262,0
1280,2,-.4843956635379415,0
1280,3,1.658015720693725,0
1281,1,.5483642540134024,0
1281,2,1.623672925635341,0
1281,3,.8587406277718004,0
1282,1,3.826744255585062,0
1282,2,3.072088937235632,0
1282,3,3.162161431365507,0
1283,1,-.207018782856955,0
1283,2,.1987281450828998,0
1283,3,-.2057748346298816,0
1284,1,.6486157126155816,0
1284,2,1.683377860583387,0
1284,3,1.008442620693086,0
1285,1,-1.263157060943946,0
1285,2,.7152527077508315,0
1285,3,-.9559253261585337,0
1286,1,.4793833680202381,0
1286,2,-.2807261289878756,0
1286,3,1.022749170681105,0
1287,1,-.4147078619412345,0
1287,2,.724687273029474,0
1287,3,2.104841960017416,0
1288,1,1.369551948766459,0
1288,2,-.0983709385995148,0
1288,3,.059729989738854,0
1289,1,-.2453246566546832,0
1289,2,-2.259419281914652,0
1289,3,-1.012150036247327,0
1290,1,2.483244735025889,0
1290,2,1.912426446807245,0
1290,3,2.841885221865926,0
1291,1,2.163373862970039,0
1291,2,.7220203477681849,0
1291,3,1.631076344289764,0
1292,1,.7256206480068346,0
1292,2,-.6829363245872011,0
1292,3,-.9643853425985354,0
1293,1,.8249875803194444,0
1293,2,1.82479048843166,0
1293,3,-.2605029323409483,0
1294,1,-.7652428102972663,0
1294,2,.4265168132726311,0
1294,3,1.101594817655692,0
1295,1,1.666604943458132,0
1295,2,1.677525610970942,0
1295,3,3.866000957935779,0
1296,1,-1.519046209447628,0
1296,2,-1.36908182828646,0
1296,3,.0779426354850556,0
1297,1,.2928062317070399,0
1297,2,-.8310916395648016,0
1297,3,-.9175027259264339,0
1298,1,-1.431631211142042,0
1298,2,-2.978741690885768,0
1298,3,.1275528215486494,0
1299,1,-.4538571827568446,0
1299,2,1.130610557414862,0
1299,3,.9870581973754157,0
1300,1,-2.131005834259334,0
1300,2,-.4164294990243989,0
1300,3,.071404083205801,0
1301,1,-.6488523433050483,0
1301,2,-1.512987503536928,0
1301,3,-1.135787757651448,0
1302,1,.5620547851982026,0
1302,2,.9346313498049711,0
1302,3,1.76712708697579,0
1303,1,.7429959301991786,0
1303,2,.4288769115422683,0
1303,3,.7906499989680598,0
1304,1,-.7093464933004693,0
1304,2,1.267005887997812,0
1304,3,-.3356111804495521,0
1305,1,2.299386814469268,0
1305,2,3.058896373512016,0
1305,3,1.300109593581864,0
1306,1,-.2717516118361288,0
1306,2,.3115713905740197,0
1306,3,-.6837305955082027,0
1307,1,1.219006094629733,0
1307,2,-1.075257717564686,0
1307,3,-.5984924567378263,0
1308,1,-.4542866493380598,0
1308,2,2.774758660490425,0
1308,3,1.526989394289173,0
1309,1,-.8236722526623261,0
1309,2,.1132351261226945,0
1309,3,-.980277156365532,0
1310,1,-.3436295900878665,0
1310,2,-.0117572086421072,0
1310,3,-3.676639235451372,0
1311,1,-.3469218425752185,0
1311,2,.024032859704148,0
1311,3,.5809359460599587,0
1312,1,-.4591696579084914,0
1312,2,-2.3207680727389,0
1312,3,-2.121633437548538,0
1313,1,.8977957092344424,0
1313,2,1.330592132336121,0
1313,3,1.771910090252563,0
1314,1,-.1420375437326344,0
1314,2,-2.388710855545914,0
1314,3,-1.121324437668061,0
1315,1,-3.655309714494889,0
1315,2,-1.337776988641729,0
1315,3,.7104281061669298,0
1316,1,-.5884093096056825,0
1316,2,-1.121696853613402,0
1316,3,1.260109624546756,0
1317,1,1.598426176421493,0
1317,2,.3577514291998489,0
1317,3,1.736247869490254,0
1318,1,.792758616407522,0
1318,2,-.1501813281339813,0
1318,3,1.652865530670494,0
1319,1,-.1086923631251454,0
1319,2,-.3026008784897073,0
1319,3,-.7072602604368821,0
1320,1,.7970492373818407,0
1320,2,-2.4966342819398,0
1320,3,-1.754467723852532,0
1321,1,2.639254757370987,0
1321,2,1.687233284703806,0
1321,3,1.57775347728765,0
1322,1,-1.001869242141944,0
1322,2,-1.607426324470392,0
1322,3,-1.480200821659006,0
1323,1,.3299119019639339,0
1323,2,-.2180026703761951,0
1323,3,-.0251992838065525,0
1324,1,.3809580627294666,0
1324,2,-.9781682215544119,0
1324,3,.1083521466870454,0
1325,1,-.1930809718329339,0
1325,2,.2485475556318986,0
1325,3,-.674000820398749,0
1326,1,.6704031106921129,0
1326,2,3.093330753716049,0
1326,3,1.602641720780119,0
1327,1,1.773720193003407,0
1327,2,.4527696961991796,0
1327,3,1.238311423089115,0
1328,1,-.8873309590560694,0
1328,2,1.366317506007802,0
1328,3,.5693889249318289,0
1329,1,-1.996599905245484,0
1329,2,-2.705429316370314,0
1329,3,-1.950136378500816,0
1330,1,1.983766421300761,0
1330,2,1.089175286771009,0
1330,3,1.997700709105599,0
1331,1,1.432799136743323,0
1331,2,1.07167393633254,0
1331,3,.2622354244757002,0
1332,1,-2.639742865088813,0
1332,2,.0277909531670554,0
1332,3,.2074712201543438,0
1333,1,1.488638006560356,0
1333,2,1.081658520854878,0
1333,3,-.2360886275244389,0
1334,1,3.059625996082457,0
1334,2,1.881952100980192,0
1334,3,3.558821623541144,0
1335,1,1.958786798176345,0
1335,2,.3604901760101318,0
1335,3,.9273150172544289,0
1336,1,-1.477244672286607,0
1336,2,-1.666609200662994,0
1336,3,-2.582167677468695,0
1337,1,-1.146394014540935,0
1337,2,-2.179487105409561,0
1337,3,1.192714985696753,0
1338,1,.2897896937642935,0
1338,2,-.9724650324512538,0
1338,3,-.3209170901595535,0
1339,1,.7672540667155484,0
1339,2,3.944641987403852,0
1339,3,1.541321450680364,0
1340,1,-.9974582753868357,0
1340,2,-.2668049391023837,0
1340,3,.9454593992528644,0
1341,1,-.9321000639095762,0
1341,2,.2996277490516559,0
1341,3,2.322658625208489,0
1342,1,-1.964857110667882,0
1342,2,-1.23951414380604,0
1342,3,-1.730630308212392,0
1343,1,-.5193134340966068,0
1343,2,1.205189400228293,0
1343,3,1.38611941254046,0
1344,1,.2712736923509522,0
1344,2,-.381084915452816,0
1344,3,-.4341869458475046,0
1345,1,-.393179407949116,0
1345,2,.4327890701525851,0
1345,3,-.8840517477931701,0
1346,1,-4.24361986286408,0
1346,2,.5148568261030924,0
1346,3,-1.6785390313677,0
1347,1,-.8557850391329066,0
1347,2,.1958665448779018,0
1347,3,-.1056041608887277,0
1348,1,1.643873780442151,0
1348,2,.808057971778868,0
1348,3,.1492151690302259,0
1349,1,.801506780868531,0
1349,2,-1.300934838573415,0
1349,3,-.3746021577728756,0
1350,1,-.8263345910368647,0
1350,2,-1.066647647732814,0
1350,3,-.1168685203494206,0
1351,1,3.074686018163767,0
1351,2,1.660542876059039,0
1351,3,3.835449923390756,0
1352,1,-.0030582269377011,0
1352,2,1.634753894300575,0
1352,3,2.462456641342107,0
1353,1,-.6507359658587937,0
1353,2,-1.019753302743868,0
1353,3,-1.357335486596257,0
1354,1,-.7775089590312928,0
1354,2,1.131505919293247,0
1354,3,2.168491582079509,0
1355,1,-.3400789490827008,0
1355,2,-.8740670540164006,0
1355,3,.0025758310263727,0
1356,1,1.032455565158417,0
1356,2,-.6149596577397942,0
1356,3,.0170345174790025,0
1357,1,-.2530523940890323,0
1357,2,-.3226693134503186,0
1357,3,-.354956159931176,0
1358,1,.4808548480104843,0
1358,2,-.3091007786858448,0
1358,3,-1.239274688000651,0
1359,1,-.0297466899332728,0
1359,2,-.1826023100236051,0
1359,3,1.553682775418243,0
1360,1,-.299844504686368,0
1360,2,-.0326454810011509,0
1360,3,.2865167794798892,0
1361,1,.5110033899326702,0
1361,2,.4167931845460348,0
1361,3,-.1580883580139136,0
1362,1,1.364961213463519,0
1362,2,-.1479483064866055,0
1362,3,-.1868304877525625,0
1363,1,3.894188863890276,0
1363,2,2.487820799339571,0
1363,3,2.255229549233461,0
1364,1,1.083234662333098,0
1364,2,.2856980712500381,0
1364,3,-.4312945933797473,0
1365,1,3.228559368497844,0
1365,2,3.803087670896183,0
1365,3,3.11798482903159,0
1366,1,-.2986078097424066,0
1366,2,1.040480458600045,0
1366,3,2.916733928152895,0
1367,1,.9176332174311442,0
1367,2,2.671609036628658,0
1367,3,1.902928986138644,0
1368,1,-1.696441745245521,0
1368,2,-.1046095366185933,0
1368,3,.637657423579,0
1369,1,-3.729388102879181,0
1369,2,-.9722025087549574,0
1369,3,-1.536544172045732,0
1370,1,1.999337486850324,0
1370,2,.8777852801015149,0
1370,3,3.574476202618732,0
1371,1,3.544721563226947,0
1371,2,2.826434126189785,0
1371,3,1.670148992478989,0
1372,1,-.2947824898494933,0
1372,2,-.5105877697925149,0
1372,3,1.44645630720147,0
1373,1,-.965595213757537,0
1373,2,.7480526089754376,0
1373,3,1.000703080999204,0
1374,1,.8825383976400748,0
1374,2,.6371769070604025,0
1374,3,1.778537306628692,0
1375,1,1.327306384829349,0
1375,2,-.3563848975455076,0
1375,3,-1.411023951467647,0
1376,1,1.455762022669048,0
1376,2,-.8834550542348562,0
1376,3,-.9524046399722114,0
1377,1,1.109628437369764,0
1377,2,.2470001630479938,0
1377,3,1.887221385870946,0
1378,1,2.337198669901902,0
1378,2,-.1181153281833975,0
1378,3,3.125180043931867,0
1379,1,-.2201424163751378,0
1379,2,.0545210604709508,0
1379,3,.5321130926302633,0
1380,1,-1.600830285528082,0
1380,2,-.6663855832734894,0
1380,3,.6907581979977255,0
1381,1,-.5307820793823868,0
1381,2,1.075977387669429,0
1381,3,-.2657717522490859,0
1382,1,-.877547309071705,0
1382,2,1.095651869846444,0
1382,3,.0652508874643876,0
1383,1,.1566831097042797,0
1383,2,.0702754397632783,0
1383,3,-.7478143686145839,0
1384,1,.6349009993069816,0
1384,2,.4856417975464756,0
1384,3,-2.261778619000755,0
1385,1,-.3119686905908822,0
1385,2,-.0942150761587976,0
1385,3,.1030928997375866,0
1386,1,.9405370149725438,0
1386,2,1.70825454635501,0
1386,3,2.380052729374266,0
1387,1,-.6556670877823123,0
1387,2,-1.341948269906588,0
1387,3,.1209051707090543,0
1388,1,-4.533526302732097,0
1388,2,-1.496977492462909,0
1388,3,-.69768042566169,0
1389,1,.9583868140816468,0
1389,2,1.3775194674818,0
1389,3,2.881575822135851,0
1390,1,.4039132248568593,0
1390,2,.3817899163690434,0
1390,3,.8373281794986638,0
1391,1,1.083569687201478,0
1391,2,1.050152619029614,0
1391,3,1.05275626509093,0
1392,1,1.520562002142788,0
1392,2,-.5319633977520303,0
1392,3,.8832346753062699,0
1393,1,-.1000475067415155,0
1393,2,.3427109983681582,0
1393,3,1.523015745645432,0
1394,1,-2.146804025105798,0
1394,2,-1.62397670197931,0
1394,3,-.5641148942515414,0
1395,1,1.418902056721955,0
1395,2,2.003809209783601,0
1395,3,2.889337433814878,0
1396,1,.625578194906681,0
1396,2,.2337392883641642,0
1396,3,-1.778463281284567,0
1397,1,.4220268417601817,0
1397,2,.1218373574551971,0
1397,3,.8638952684528848,0
1398,1,1.366048552396683,0
1398,2,1.665278228300291,0
1398,3,1.723843921518629,0
1399,1,-.9799378880346794,0
1399,2,2.304072375433207,0
1399,3,.3032604231638353,0
1400,1,.327595377114573,0
1400,2,.0068146189566053,0
1400,3,2.630117091813899,0
1401,1,1.901046477989134,0
1401,2,3.220275283613527,0
1401,3,1.064437757946743,0
1402,1,-.7457473365724081,0
1402,2,1.787888124589532,0
1402,3,1.998675284838718,0
1403,1,-.4794957278284152,0
1403,2,.234005837237221,0
1403,3,-.7029676153231921,0
1404,1,1.076843206969125,0
1404,2,-.0685569659973919,0
1404,3,-.4241025273355644,0
1405,1,.7573936242374997,0
1405,2,-1.932266423256943,0
1405,3,-.9930178455850979,0
1406,1,-.3687329146466134,0
1406,2,.2539086822001412,0
1406,3,1.505886907480302,0
1407,1,-.1971705698060127,0
1407,2,-.7038274004457183,0
1407,3,-1.319925209865038,0
1408,1,-2.309839980364526,0
1408,2,-2.055372859018701,0
1408,3,-2.947018900139045,0
1409,1,.0646036873182678,0
1409,2,-1.689181792289548,0
1409,3,-.7562419583517401,0
1410,1,1.707736404837973,0
1410,2,1.423386521783295,0
1410,3,.873630915851233,0
1411,1,1.477831055043599,0
1411,2,.8705097976133295,0
1411,3,1.881509162267517,0
1412,1,.4857000336204383,0
1412,2,.9517351328825974,0
1412,3,-.2427801662422786,0
1413,1,-1.673202420188521,0
1413,2,-.5833336147567264,0
1413,3,-2.316143085548828,0
1414,1,1.858662049074443,0
1414,2,3.601135004647882,0
1414,3,6.257349872006008,0
1415,1,-1.969196204210907,0
1415,2,1.735420792900759,0
1415,3,1.452144415445386,0
1416,1,.7186409460481267,0
1416,2,-.8439435594340101,0
1416,3,-2.433524647955882,0
1417,1,1.928928370454859,0
1417,2,.8116389397060876,0
1417,3,2.770995075017717,0
1418,1,.3814078451070408,0
1418,2,-.5673368240387844,0
1418,3,.6223244163144368,0
1419,1,-1.556414229457444,0
1419,2,-.8383783402025005,0
1419,3,-1.200644885093831,0
1420,1,.6987658372775862,0
1420,2,-.7706223698899273,0
1420,3,.0716942410443064,0
1421,1,.4978421288868313,0
1421,2,3.43934346471046,0
1421,3,3.329387416104549,0
1422,1,.9882325690137619,0
1422,2,-.5943424662747224,0
1422,3,-.0312435716630534,0
1423,1,1.342357927025103,0
1423,2,1.278058539457531,0
1423,3,.495857352936691,0
1424,1,-3.927875951883285,0
1424,2,-.5430919306775435,0
1424,3,-1.660464499958277,0
1425,1,1.401144528753934,0
1425,2,1.778872437158297,0
1425,3,2.453926214668066,0
1426,1,-.7058515489864151,0
1426,2,1.22871660730261,0
1426,3,-.2838999863366209,0
1427,1,.2665580104404639,0
1427,2,-.7720815740079527,0
1427,3,1.882091468117844,0
1428,1,-.3171959938262416,0
1428,2,2.228333442350547,0
1428,3,1.794523582084238,0
1429,1,1.352616333543035,0
1429,2,.9016948310323674,0
1429,3,-.9124458130503772,0
1430,1,.4318352231285688,0
1430,2,1.651607200903219,0
1430,3,.366621514313876,0
1431,1,-3.264233343054082,0
1431,2,-.4799403397936763,0
1431,3,-1.641885132090223,0
1432,1,-.5714738350528137,0
1432,2,-1.661527302526151,0
1432,3,-.8700648288164496,0
1433,1,-.4829621734994239,0
1433,2,-1.955865883849323,0
1433,3,-1.038893349748104,0
1434,1,-2.527408851285596,0
1434,2,1.794376907478468,0
1434,3,-1.613307854730538,0
1435,1,-2.818679863802799,0
1435,2,-1.278867393436355,0
1435,3,-2.347364717708468,0
1436,1,1.40397135877984,0
1436,2,.3000971890104669,0
1436,3,2.125482792305905,0
1437,1,.2274467135365613,0
1437,2,-.4234141348465896,0
1437,3,-.0004253500928881,0
1438,1,-1.065603596921141,0
1438,2,.3478111123969598,0
1438,3,-.4255447603231188,0
1439,1,1.042277623255925,0
1439,2,-.1008281735155074,0
1439,3,1.172190905188845,0
1440,1,-.356500256968998,0
1440,2,-2.092966330203315,0
1440,3,-1.923991922518893,0
1441,1,1.748701257755526,0
1441,2,1.166615596253297,0
1441,3,1.496059834178431,0
1442,1,1.986750477299883,0
1442,2,2.24043689930544,0
1442,3,2.690867109127784,0
1443,1,-1.14250468778413,0
1443,2,.0482141993836754,0
1443,3,.2450004417752189,0
1444,1,-.1426229704056589,0
1444,2,1.192359110737312,0
1444,3,1.069839248503108,0
1445,1,.9041777672331255,0
1445,2,.0844745208672262,0
1445,3,1.578768699801639,0
1446,1,.7343101107909438,0
1446,2,1.188765603284846,0
1446,3,.3764203089169915,0
1447,1,-.3895449168919197,0
1447,2,-1.316637926401437,0
1447,3,1.413988866420079,0
1448,1,-.2256131873273775,0
1448,2,-.4089945789862351,0
1448,3,-.5257709244239268,0
1449,1,1.170897514687308,0
1449,2,1.092342801994336,0
1449,3,1.096436117516732,0
1450,1,-1.141551986361654,0
1450,2,1.093861626097952,0
1450,3,1.488184115422517,0
1451,1,-.9637519874358875,0
1451,2,.3455107907333681,0
1451,3,-.4924697037228876,0
1452,1,.6278117847618686,0
1452,2,.3574179797541713,0
1452,3,.9019009754451996,0
1453,1,4.031185995217274,0
1453,2,2.334071201258683,0
1453,3,2.525865776339776,0
1454,1,-1.493012196626275,0
1454,2,1.061119512526619,0
1454,3,.2942872358274468,0
1455,1,3.334072961903557,0
1455,2,2.7949234304311,0
1455,3,1.717305140536491,0
1456,1,-.6689512462981017,0
1456,2,-1.620647057879161,0
1456,3,-1.123336434494304,0
1457,1,-.5218656436695944,0
1457,2,.6474002091832167,0
1457,3,.619438209358794,0
1458,1,-1.965013423679377,0
1458,2,-.0436424513607143,0
1458,3,-1.132453853282871,0
1459,1,.8097040341755374,0
1459,2,.6400458771684123,0
1459,3,1.305819826541177,0
1460,1,.851604885381001,0
1460,2,1.502667235459456,0
1460,3,.8145416454519584,0
1461,1,1.178120929930103,0
1461,2,.7828615721639267,0
1461,3,2.048628337135752,0
1462,1,.4663508554921053,0
1462,2,.3642969320355109,0
1462,3,.1361005633759391,0
1463,1,.6889762624914116,0
1463,2,2.856860965128402,0
1463,3,.0854699493910285,0
1464,1,-1.600453645051979,0
1464,2,2.156192003521356,0
1464,3,.9216621882188353,0
1465,1,-1.649035700222828,0
1465,2,-.1776333892248891,0
1465,3,-2.435156936704635,0
1466,1,3.196497833474911,0
1466,2,2.568042660925902,0
1466,3,3.876597939110129,0
1467,1,-.0542145075212984,0
1467,2,1.512222257565326,0
1467,3,-.9253593597321742,0
1468,1,-1.540639990268272,0
1468,2,-.1094536378506243,0
1468,3,-.5078042350907022,0
1469,1,.8486459342762407,0
1469,2,-.4128656717861171,0
1469,3,-1.462768428070296,0
1470,1,-2.008473389886023,0
1470,2,-1.225646596316635,0
1470,3,-1.527300038062647,0
1471,1,-.5509474740836419,0
1471,2,.2855293203591091,0
1471,3,-.2054108180612416,0
1472,1,3.403134523166476,0
1472,2,4.113953894171507,0
1472,3,3.893191548042771,0
1473,1,.3364349685833176,0
1473,2,2.386527990201699,0
1473,3,1.610366456351096,0
1474,1,-.1015493937976925,0
1474,2,-1.337061768440645,0
1474,3,-.4111296425342004,0
1475,1,.2698189619204574,0
1475,2,.7574784734701058,0
1475,3,-1.151641838826174,0
1476,1,1.825044292923422,0
1476,2,.5352833760500779,0
1476,3,.3878530842452408,0
1477,1,.0652664729517085,0
1477,2,-.6010283150411041,0
1477,3,-.8208982912965368,0
1478,1,.8643581405871369,0
1478,2,.4806909509321433,0
1478,3,.1134307791153901,0
1479,1,2.292258833133746,0
1479,2,.4080282218032693,0
1479,3,2.338527086135869,0
1480,1,.565388349192294,0
1480,2,.8952046656353184,0
1480,3,1.565538365931366,0
1481,1,-.6349109660968413,0
1481,2,.6710382018791227,0
1481,3,.5602597990361021,0
1482,1,-.183106058861487,0
1482,2,-1.215351639534927,0
1482,3,-1.829332525785127,0
1483,1,2.549305798934022,0
1483,2,2.484281425296585,0
1483,3,3.250463478763074,0
1484,1,-.9875018214759472,0
1484,2,.0174042212940247,0
1484,3,-.367894799721793,0
1485,1,-.1703210573281275,0
1485,2,.5146135105458345,0
1485,3,-.8263415817512878,0
1486,1,1.251768731037358,0
1486,2,.2100732634427165,0
1486,3,1.753764053738603,0
1487,1,.7739887570241172,0
1487,2,.6228460312967591,0
1487,3,.3818321165192701,0
1488,1,-.0838305904120573,0
1488,2,-.7478616896281476,0
1488,3,1.204837762179581,0
1489,1,1.114876690150294,0
1489,2,1.780439096953147,0
1489,3,1.207408027532521,0
1490,1,.2195998759589885,0
1490,2,.6094928765366412,0
1490,3,.9960703461154871,0
1491,1,-1.267842657380483,0
1491,2,-1.925883645294984,0
1491,3,-1.652239351955379,0
1492,1,-.7416900269507661,0
1492,2,.7868151262955534,0
1492,3,.0674692711175762,0
1493,1,1.566176294380823,0
1493,2,2.065896287284677,0
1493,3,1.173322722759239,0
1494,1,1.431716957197837,0
1494,2,.4077202161573421,0
1494,3,1.934572608409012,0
1495,1,-2.560335007951688,0
1495,2,-1.837675044774126,0
1495,3,-1.243422296757655,0
1496,1,.4622959596742436,0
1496,2,1.076696618039241,0
1496,3,1.84854232824823,0
1497,1,.7124534613278977,0
1497,2,-.7290045552594084,0
1497,3,.2819198268841411,0
1498,1,1.137071561559187,0
1498,2,1.521652299627728,0
1498,3,1.294101247780297,0
1499,1,-1.58251938755361,0
1499,2,.9406702934121813,0
1499,3,1.624549431083666,0
1500,1,1.754343455798584,0
1500,2,.1430815107260288,0
1500,3,1.496044107843518,0
1501,1,-.5588361667978872,0
1501,2,.2860099029376171,0
1501,3,-.9493670936358103,0
1502,1,-.8584706381087108,0
1502,2,-1.107576186825242,0
1502,3,-1.595767449541492,0
1503,1,-1.900368490351004,0
1503,2,1.284090739817359,0
1503,3,2.654475691721285,0
1504,1,-1.742481232438325,0
1504,2,-1.964427455469943,0
1504,3,-1.045084909441978,0
1505,1,-1.47805540957597,0
1505,2,-2.057785908326553,0
1505,3,-.5324094464318547,0
1506,1,-.0383470552690066,0
1506,2,-.011265226787994,0
1506,3,1.092787945748949,0
1507,1,-1.717182985402652,0
1507,2,-2.018100898667822,0
1507,3,.751201397543478,0
1508,1,2.902387711195233,0
1508,2,.2263586813192154,0
1508,3,1.906941830676587,0
1509,1,.292706045398006,0
1509,2,.3653803990439979,0
1509,3,1.459070406602837,0
1510,1,-.2307164769069788,0
1510,2,1.139343891655666,0
1510,3,.8275350907977302,0
1511,1,-.0121762593128776,0
1511,2,1.647645710200079,0
1511,3,1.879314761584488,0
1512,1,-.2443734807882778,0
1512,2,.6362786884816616,0
1512,3,2.065364793270395,0
1513,1,.5539342176845918,0
1513,2,2.798062512527367,0
1513,3,.9425701663241797,0
1514,1,.3510715296867691,0
1514,2,1.069426872025196,0
1514,3,1.564077071149583,0
1515,1,-1.099053843312501,0
1515,2,-1.671516706962543,0
1515,3,-1.146236579915567,0
1516,1,-.6721044977033588,0
1516,2,.3245910602123771,0
1516,3,-.0255172517616676,0
1517,1,.477220419765049,0
1517,2,-1.117150915784148,0
1517,3,-.6323942778378414,0
1518,1,-1.362656709274364,0
1518,2,1.111960596105668,0
1518,3,.2745711168837165,0
1519,1,-1.289105864466001,0
1519,2,-1.272096889006962,0
1519,3,-.5976235603622005,0
1520,1,.1950920067719972,0
1520,2,.7895087164959341,0
1520,3,.9127171701670722,0
1521,1,.596141133316047,0
1521,2,-.1261788007081915,0
1521,3,.6655529203836845,0
1522,1,.9940017733787527,0
1522,2,-.1632013593159513,0
1522,3,-.4827418900667756,0
1523,1,-1.552201763596477,0
1523,2,-1.302852038226431,0
1523,3,.3162922516100806,0
1524,1,-.265306015479321,0
1524,2,-.4693171043579503,0
1524,3,2.672274914744507,0
1525,1,1.561138670690588,0
1525,2,2.855041936092445,0
1525,3,1.60253799586908,0
1526,1,-1.84218530477519,0
1526,2,2.196978895513461,0
1526,3,1.360429410894715,0
1527,1,-1.291156651456942,0
1527,2,-2.805961727810327,0
1527,3,-.3591454644080534,0
1528,1,-.02576881517714,0
1528,2,-1.810586915576138,0
1528,3,1.459634974737266,0
1529,1,.3310739510594325,0
1529,2,-.3082995374319564,0
1529,3,2.099996563868101,0
1530,1,-1.095002149263952,0
1530,2,-.6401622010667831,0
1530,3,.1059778250369169,0
1531,1,3.817548152781631,0
1531,2,1.122086491932587,0
1531,3,-.3168019636385978,0
1532,1,.1822588317599934,0
1532,2,-.2508108037393059,0
1532,3,.6862980693515162,0
1533,1,1.989900914080282,0
1533,2,1.751742151258403,0
1533,3,.6488901660745089,0
1534,1,.2642407044184324,0
1534,2,-.7032239648442337,0
1534,3,-.8255532306944955,0
1535,1,.0440432773106939,0
1535,2,.0704988617744412,0
1535,3,.5006358488105883,0
1536,1,1.310753960176215,0
1536,2,.0693936870734828,0
1536,3,1.435827329096168,0
1537,1,-1.012576083485714,0
1537,2,-1.040719753435697,0
1537,3,-1.054951362634089,0
1538,1,2.568291274989562,0
1538,2,3.072432573987655,0
1538,3,2.319118582540066,0
1539,1,.2578532778205638,0
1539,2,-1.691694848333371,0
1539,3,.4232787260712798,0
1540,1,.5763101410520336,0
1540,2,.4716814115593075,0
1540,3,.1662702544218525,0
1541,1,.3578526035340139,0
1541,2,1.00038522474946,0
1541,3,-.6831770796466643,0
1542,1,-1.559404727081353,0
1542,2,-.6204883308387548,0
1542,3,-2.008345558947253,0
1543,1,1.153091947213789,0
1543,2,3.525450210085926,0
1543,3,1.886456934619422,0
1544,1,2.220499401321558,0
1544,2,1.658792139448495,0
1544,3,3.052874120622332,0
1545,1,-.2990740346948336,0
1545,2,.8837016441725678,0
1545,3,-1.976039847902769,0
1546,1,-1.741741057513919,0
1546,2,.2688685915701949,0
1546,3,-1.749022586930695,0
1547,1,-.7845054875505878,0
1547,2,1.616033400121443,0
1547,3,.1260938636013388,0
1548,1,2.910871413745898,0
1548,2,2.465516759017182,0
1548,3,3.008853577861608,0
1549,1,.0702721328043246,0
1549,2,.1014822709841992,0
1549,3,.3983177006929475,0
1550,1,-.1248731279062629,0
1550,2,2.383614928058933,0
1550,3,.607498834620124,0
1551,1,.4297399076934104,0
1551,2,1.787069369360066,0
1551,3,2.143936173839172,0
1552,1,-2.467567011574823,0
1552,2,.467650350851038,0
1552,3,2.027433043344506,0
1553,1,2.413812870841311,0
1553,2,2.746117781214249,0
1553,3,3.427549923173748,0
1554,1,-2.069976028778824,0
1554,2,-.9286275229222201,0
1554,3,-1.34132732963057,0
1555,1,.7725183883046727,0
1555,2,.0533554584013153,0
1555,3,.5851931235957873,0
1556,1,.291304334701791,0
1556,2,1.120978219190287,0
1556,3,.1248279957194634,0
1557,1,.2844187078052174,0
1557,2,-1.574752406796391,0
1557,3,.1225569557927006,0
1558,1,.4507374329518911,0
1558,2,.3103250372151293,0
1558,3,1.77183956726939,0
1559,1,-1.665836048021246,0
1559,2,.2415055294031663,0
1559,3,-1.236992212935041,0
1560,1,-.7908117804029372,0
1560,2,-2.233230577299057,0
1560,3,.7973399040725387,0
1561,1,1.452017975057447,0
1561,2,1.726825556102393,0
1561,3,2.036046658464441,0
1562,1,.1049887399767685,0
1562,2,1.548491690457737,0
1562,3,.5584317810189058,0
1563,1,-4.198616328824185,0
1563,2,-2.513953748146634,0
1563,3,-.4972795778307597,0
1564,1,.301860703879814,0
1564,2,-.5725759767663212,0
1564,3,.069987898864466,0
1565,1,-1.805680415131908,0
1565,2,-.1801415735503822,0
1565,3,.1380226426973688,0
1566,1,-1.134193377779006,0
1566,2,.4239250226006406,0
1566,3,1.134818467888103,0
1567,1,.1869879655609263,0
1567,2,-1.309011787214018,0
1567,3,-1.768515181572587,0
1568,1,-.9128898398078049,0
1568,2,-.7839830862049296,0
1568,3,-1.291799698521469,0
1569,1,1.024652621973058,0
1569,2,1.130287381076361,0
1569,3,1.084390734407123,0
1570,1,-1.355820420349626,0
1570,2,-2.512712733990101,0
1570,3,-2.815743222552321,0
1571,1,2.260280884273369,0
1571,2,1.71707655203117,0
1571,3,3.147787349691749,0
1572,1,-1.744718679892861,0
1572,2,-.6254657334897112,0
1572,3,-.7266555008163307,0
1573,1,-1.698499301267884,0
1573,2,-.7774124712176153,0
1573,3,-.0728391352771703,0
1574,1,-1.155459773611646,0
1574,2,-.3942801122695934,0
1574,3,.3784526233337284,0
1575,1,-1.620673817280152,0
1575,2,2.186916548577235,0
1575,3,-.1833296488884452,0
1576,1,.1105508360769472,0
1576,2,.0401688456405395,0
1576,3,-.6053471082712302,0
1577,1,-.2558198161709911,0
1577,2,2.083129589961952,0
1577,3,.6688957814594845,0
1578,1,-.8594700568234257,0
1578,2,.2160840166374877,0
1578,3,-.7994189598146779,0
1579,1,1.955526367867536,0
1579,2,2.057063072775153,0
1579,3,-.3582581640437867,0
1580,1,.6715096830337234,0
1580,2,1.103126613277288,0
1580,3,2.094592753717024,0
1581,1,-2.016972087887391,0
1581,2,-2.528857218651154,0
1581,3,-1.336972069956541,0
1582,1,-.9970723837344229,0
1582,2,.3611085773925488,0
1582,3,1.518835001061805,0
1583,1,.2373678031898102,0
1583,2,-1.06006170104161,0
1583,3,.4547513171201409,0
1584,1,1.001899291017589,0
1584,2,3.245469564117539,0
1584,3,-.4095291537711396,0
1585,1,1.164690826758342,0
1585,2,1.942842664539159,0
1585,3,1.828900144269607,0
1586,1,.658854637938853,0
1586,2,2.083143062973218,0
1586,3,.2563406615432632,0
1587,1,1.115961206071871,0
1587,2,-.1693795314581031,0
1587,3,-.7523704956834993,0
1588,1,-1.169041621724976,0
1588,2,.9135761133397808,0
1588,3,.9990020171589119,0
1589,1,-1.072479538107071,0
1589,2,-.7429734462776676,0
1589,3,-.17756390848918,0
1590,1,-.3666877395788564,0
1590,2,.9274136558656429,0
1590,3,-1.305789703417241,0
1591,1,1.103298762046307,0
1591,2,.5604011982115387,0
1591,3,-1.049889829713973,0
1592,1,-1.11566690046316,0
1592,2,.061696603271261,0
1592,3,1.163463878300461,0
1593,1,.6080710934481482,0
1593,2,-1.511070519158151,0
1593,3,-.6626676327234877,0
1594,1,.8446520245071114,0
1594,2,-1.258816143791726,0
1594,3,-.9664059940107699,0
1595,1,-2.184801894865024,0
1595,2,-.3965125957167791,0
1595,3,-1.561930931912823,0
1596,1,-3.44649313896938,0
1596,2,-1.594982531543151,0
1596,3,-1.519199382421581,0
1597,1,1.7566629946644,0
1597,2,1.028229274609373,0
1597,3,1.176183682452757,0
1598,1,3.019463681598588,0
1598,2,.1660857084775591,0
1598,3,1.431073641171883,0
1599,1,-.5117495450253422,0
1599,2,.3584548835483264,0
1599,3,.7028567793399166,0
1600,1,-2.762886825981853,0
1600,2,-1.026525006952591,0
1600,3,-2.857365107627405,0
1601,1,-1.571060664259614,0
1601,2,-.7184902165544298,0
1601,3,-.3266122625866215,0
1602,1,1.675112820029018,0
1602,2,.0154806006280124,0
1602,3,2.150024199030018,0
1603,1,.1217162510840604,0
1603,2,2.483423283744269,0
1603,3,1.005771648233894,0
1604,1,-2.57099188360012,0
1604,2,-.6882887651749782,0
1604,3,-2.579969003603577,0
1605,1,1.073852007794888,0
1605,2,2.778501291706927,0
1605,3,1.890099615218745,0
1606,1,1.644321863245747,0
1606,2,3.538554180443774,0
1606,3,3.61293515336643,0
1607,1,.5259114063759812,0
1607,2,2.444916313343076,0
1607,3,.2834509961043071,0
1608,1,1.250493954811419,0
1608,2,1.237385568134364,0
1608,3,3.687675139983978,0
1609,1,-.1000207320787292,0
1609,2,-1.934408560213622,0
1609,3,-1.058938992126166,0
1610,1,-1.303979320394792,0
1610,2,-.7355265778909856,0
1610,3,1.120675251609854,0
1611,1,1.028337987481997,0
1611,2,1.384527836773046,0
1611,3,-.2938361290373387,0
1612,1,.5438932560671512,0
1612,2,1.730518394322121,0
1612,3,.6873871467319411,0
1613,1,-.1959099138163024,0
1613,2,.1619516967882593,0
1613,3,.3368998017819125,0
1614,1,-1.922467325500883,0
1614,2,-3.405612980707044,0
1614,3,-.6009605909570599,0
1615,1,-.1325340360140396,0
1615,2,-.9251445608755755,0
1615,3,1.118190097253967,0
1616,1,-.5898108992568196,0
1616,2,-.7585281327259232,0
1616,3,1.281308113841956,0
1617,1,-.6513345035680536,0
1617,2,-2.552782296360491,0
1617,3,-1.774195627920651,0
1618,1,1.286746762793374,0
1618,2,-1.146615151578633,0
1618,3,-1.682876659100033,0
1619,1,-1.38717640038488,0
1619,2,-.3540675662533918,0
1619,3,-.0096416980472351,0
1620,1,.9628703108778214,0
1620,2,-.314352337164558,0
1620,3,-.5728445390791282,0
1621,1,2.031085607969265,0
1621,2,.9843171248969462,0
1621,3,.4792153398382519,0
1622,1,1.785388021666822,0
1622,2,-.6308893769315245,0
1622,3,-.227166594604212,0
1623,1,-1.142625061246014,0
1623,2,-2.156004612157756,0
1623,3,-.7536810738700557,0
1624,1,.9147932143507032,0
1624,2,.0720852542838699,0
1624,3,.1020385713656916,0
1625,1,-.6135708850218904,0
1625,2,.0901497541880987,0
1625,3,1.137674133490177,0
1626,1,-.1172188729226166,0
1626,2,-1.393716195254619,0
1626,3,2.340817495020833,0
1627,1,-.5667722258931082,0
1627,2,-1.796100776953006,0
1627,3,.1218137456717057,0
1628,1,1.342522900033139,0
1628,2,-.0364545713493321,0
1628,3,.3786586664523104,0
1629,1,.2606495896967709,0
1629,2,-.4894598441861979,0
1629,3,.4230931163750203,0
1630,1,-3.342173685409305,0
1630,2,-1.647043851681804,0
1630,3,-2.011658413590047,0
1631,1,1.285759838110511,0
1631,2,1.586188311477041,0
1631,3,2.656576334593763,0
1632,1,2.022291939079249,0
1632,2,.5130018280554304,0
1632,3,-.0699738553087366,0
1633,1,-.7714595959427319,0
1633,2,-1.052027276428897,0
1633,3,-1.1161009681966,0
1634,1,.1614691801601523,0
1634,2,.9451531427691363,0
1634,3,1.410522528181309,0
1635,1,-.8055007160541441,0
1635,2,.4020376013150835,0
1635,3,-.2165277934243686,0
1636,1,-.0797825958749331,0
1636,2,.0942230986961407,0
1636,3,-3.403366383396729,0
1637,1,-.6984685941404707,0
1637,2,-1.837090367839816,0
1637,3,-.1066104798849968,0
1638,1,.5182052277020669,0
1638,2,.4101750303898895,0
1638,3,1.5896374654332,0
1639,1,1.407160732946048,0
1639,2,-.841406624540749,0
1639,3,-1.689789928200933,0
1640,1,.5477578250443832,0
1640,2,-.0034555116230568,0
1640,3,-1.374657767278203,0
1641,1,2.470828349820793,0
1641,2,1.967071815250135,0
1641,3,1.8309194429992,0
1642,1,.1686579694983366,0
1642,2,.530259265306523,0
1642,3,1.18716000293666,0
1643,1,-.8634466077264162,0
1643,2,-.8196805707447957,0
1643,3,.2338971140568168,0
1644,1,-.258020790917062,0
1644,2,-.1423834024400393,0
1644,3,1.338280170521084,0
1645,1,-.9471598058348889,0
1645,2,.4769670689357705,0
1645,3,.1855254794657721,0
1646,1,.1180887097724193,0
1646,2,1.222265615703704,0
1646,3,2.14933003266646,0
1647,1,-.8572898830284146,0
1647,2,-1.316033422164617,0
1647,3,.5786979540190191,0
1648,1,1.326430234535491,0
1648,2,1.065611088510019,0
1648,3,3.15575483839029,0
1649,1,-2.506124552846618,0
1649,2,.449754357956538,0
1649,3,-1.307653324163983,0
1650,1,.002279784911614,0
1650,2,1.726648863057867,0
1650,3,-.0215298056411455,0
1651,1,-1.068089731215403,0
1651,2,-1.012512726431767,0
1651,3,-.9392762543461556,0
1652,1,-.2243417038432847,0
1652,2,-.6283859002730918,0
1652,3,.0669733274099978,0
1653,1,-.129457895610837,0
1653,2,3.241793917689908,0
1653,3,1.5078856907901,0
1654,1,-.2327739534178843,0
1654,2,-1.758902009545613,0
1654,3,-.5189615242979516,0
1655,1,.5768871835159899,0
1655,2,.793991146236569,0
1655,3,.6397626565919685,0
1656,1,.733379579101358,0
1656,2,-.5084779837108794,0
1656,3,-.8987635722927145,0
1657,1,-.8819792862449927,0
1657,2,.4068811337388981,0
1657,3,-.8608457304508217,0
1658,1,1.749439591729932,0
1658,2,.7579348126222918,0
1658,3,1.615635223058898,0
1659,1,2.382154154127815,0
1659,2,2.033437190259331,0
1659,3,2.09100557141976,0
1660,1,-.6427119559940856,0
1660,2,1.84685852274838,0
1660,3,.1446025777195314,0
1661,1,-1.160946198564996,0
1661,2,-2.120550325812741,0
1661,3,.5352477006082101,0
1662,1,-.4399971030133972,0
1662,2,2.008269896255949,0
1662,3,-.5495487352532027,0
1663,1,-2.242252063591703,0
1663,2,-.9428653587297495,0
1663,3,.5087660791003649,0
1664,1,.4316669610206524,0
1664,2,1.590229981433362,0
1664,3,1.346600967927203,0
1665,1,1.286642435894269,0
1665,2,1.519331557151974,0
1665,3,4.586459411682513,0
1666,1,1.956006765208481,0
1666,2,2.574983393282823,0
1666,3,1.181380348865004,0
1667,1,-.0057221346566025,0
1667,2,-.3632421970912685,0
1667,3,1.303736027733827,0
1668,1,-1.120315869546274,0
1668,2,.1355404282055365,0
1668,3,-1.663074673951101,0
1669,1,-.7105542268540732,0
1669,2,1.15151962133681,0
1669,3,-.4001877834855125,0
1670,1,4.086134874526928,0
1670,2,1.094705663534892,0
1670,3,2.950150423426599,0
1671,1,-.1640093334582722,0
1671,2,.1854241537631086,0
1671,3,.2780429818071851,0
1672,1,-2.164669983419127,0
1672,2,.0832339313855181,0
1672,3,.3382638455431001,0
1673,1,2.77646051062233,0
1673,2,.7001836058212862,0
1673,3,2.654458375964751,0
1674,1,1.12443232577923,0
1674,2,.9636599482713757,0
1674,3,2.039914502432443,0
1675,1,.6040509719164558,0
1675,2,.8818729223119006,0
1675,3,1.434240577646215,0
1676,1,1.748858563957327,0
1676,2,1.251354280766818,0
1676,3,1.511891485805851,0
1677,1,.4592033766450214,0
1677,2,-1.374089010341597,0
1677,3,1.566408227105665,0
1678,1,-.1316371314773896,0
1678,2,.947526680217794,0
1678,3,-2.054923210268694,0
1679,1,-.2753737017400054,0
1679,2,-.7320091623848262,0
1679,3,-1.474308384235487,0
1680,1,-.161450714957835,0
1680,2,-.1653130233826048,0
1680,3,-1.335537041278192,0
1681,1,-.2572816240207805,0
1681,2,1.516898543022334,0
1681,3,-.8933042515571499,0
1682,1,.4616044059309223,0
1682,2,.6557492874796975,0
1682,3,-2.369619007552664,0
1683,1,.3075385970161824,0
1683,2,.3389738674206189,0
1683,3,-1.641994010818459,0
1684,1,-.3679435817103354,0
1684,2,.5351642978694833,0
1684,3,.967823700360688,0
1685,1,.9487706520407011,0
1685,2,.2635811923482788,0
1685,3,-.3134063371504593,0
1686,1,1.177380094092318,0
1686,2,1.471258590391681,0
1686,3,2.598252207479709,0
1687,1,.4793231553294068,0
1687,2,.1959414300649844,0
1687,3,.8565637690332304,0
1688,1,-.4010640787590104,0
1688,2,-.4623682102272048,0
1688,3,-.152934528830881,0
1689,1,-.0372270760464055,0
1689,2,1.347770566212662,0
1689,3,2.703829241399686,0
1690,1,-.4419991888451292,0
1690,2,.2343889914088623,0
1690,3,.9881760119377704,0
1691,1,1.078134708017411,0
1691,2,-1.188035131746326,0
1691,3,-.8922803464293637,0
1692,1,-.5587907433333944,0
1692,2,-1.100671368444297,0
1692,3,-.6453331402143884,0
1693,1,1.935268604988508,0
1693,2,2.856738604979235,0
1693,3,.0085814602359267,0
1694,1,2.924982051419772,0
1694,2,3.812602627047788,0
1694,3,1.494114189375197,0
1695,1,-2.170145492034025,0
1695,2,.1604656052542012,0
1695,3,.7844604849612735,0
1696,1,.7880085742043019,0
1696,2,3.521018129382891,0
1696,3,1.136403659486882,0
1697,1,-1.386108727676955,0
1697,2,-1.306930296565902,0
1697,3,-.4538234932115836,0
1698,1,.9511153316097664,0
1698,2,-.2204750316037753,0
1698,3,1.474461613882335,0
1699,1,-1.374717678506789,0
1699,2,-.1792035698811351,0
1699,3,-.8466192419638263,0
1700,1,-.9164286970602974,0
1700,2,-1.807945077830557,0
1700,3,-.6026911586532255,0
1701,1,.8571923441209802,0
1701,2,-.8167089892962225,0
1701,3,.018162593764806,0
1702,1,.8373688794208678,0
1702,2,.399876966852426,0
1702,3,-.3708529261165708,0
1703,1,1.563966279932565,0
1703,2,-.6750459818662917,0
1703,3,2.238976382677619,0
1704,1,-.4318407805154419,0
1704,2,.9538931811058291,0
1704,3,-.4177528801403272,0
1705,1,-.0540703474718081,0
1705,2,-.3579797902161288,0
1705,3,-1.485935361600944,0
1706,1,2.146810885074252,0
1706,2,2.217458845384363,0
1706,3,2.402733321261938,0
1707,1,1.426264362482837,0
1707,2,1.602734991831839,0
1707,3,.3509750181619296,0
1708,1,-.0094086670232514,0
1708,2,1.362137132859117,0
1708,3,-.0302705058137684,0
1709,1,1.217958697001167,0
1709,2,2.776403595510508,0
1709,3,-1.094852505774556,0
1710,1,-2.386570058904213,0
1710,2,.6699628346742584,0
1710,3,-.6344429981114462,0
1711,1,1.686668253889312,0
1711,2,1.987743814703943,0
1711,3,-.630378697513965,0
1712,1,.2178486846541138,0
1712,2,1.079282022233542,0
1712,3,.7741750598063747,0
1713,1,1.451826909307972,0
1713,2,1.425220345919823,0
1713,3,.0225749461847877,0
1714,1,2.146677223750956,0
1714,2,-.7216185958432551,0
1714,3,.3062018522659431,0
1715,1,1.006373450205899,0
1715,2,1.728948838252117,0
1715,3,1.953365580649438,0
1716,1,.1246072820034007,0
1716,2,-.0285431562793685,0
1716,3,.1135244387385124,0
1717,1,2.45352907675385,0
1717,2,1.328345904140686,0
1717,3,.4006680095316335,0
1718,1,1.712832862444631,0
1718,2,.3277661532800821,0
1718,3,-.5684645933315579,0
1719,1,-3.616503911025424,0
1719,2,-2.238180734658819,0
1719,3,-.2497002508593219,0
1720,1,-.4293865346038527,0
1720,2,-1.225809711480406,0
1720,3,.6406500988850902,0
1721,1,-.2743980321498237,0
1721,2,.3585166114481728,0
1721,3,-.1586027909622384,0
1722,1,-1.992952595849228,0
1722,2,1.751711293880437,0
1722,3,-1.548976721456997,0
1723,1,-.0192489532895552,0
1723,2,1.501764048693081,0
1723,3,-.0152286755105397,0
1724,1,.6622108930134937,0
1724,2,-.8608795718918354,0
1724,3,.0900377043692104,0
1725,1,-1.266847984267923,0
1725,2,2.02605589740931,0
1725,3,.4983094273371518,0
1726,1,.204054361618396,0
1726,2,-.4727468388561289,0
1726,3,.1692839709021598,0
1727,1,-.4436423818059809,0
1727,2,1.004448030610407,0
1727,3,1.213107516186013,0
1728,1,-1.201176007988008,0
1728,2,-1.716229002298049,0
1728,3,-1.98118800186535,0
1729,1,1.202425653937254,0
1729,2,-.1518565678437517,0
1729,3,1.203567378063111,0
1730,1,-2.955597618320316,0
1730,2,.0369222195940554,0
1730,3,-1.527593791692987,0
1731,1,.5575810375401856,0
1731,2,.9594131362316684,0
1731,3,.3618484891894361,0
1732,1,-.7121128454755095,0
1732,2,.1897160958777196,0
1732,3,-.2861912368705113,0
1733,1,.3382587543547861,0
1733,2,.9086251808175417,0
1733,3,1.291934352658052,0
1734,1,-.0160771085424579,0
1734,2,-1.569379921563851,0
1734,3,2.557202176356275,0
1735,1,-.888621545546296,0
1735,2,-1.11323075614226,0
1735,3,1.839341753872449,0
1736,1,.6298641874117312,0
1736,2,1.176731930701774,0
1736,3,1.010151538545967,0
1737,1,-1.219041488743688,0
1737,2,1.278185832996504,0
1737,3,-.532251150208409,0
1738,1,.4162134750769719,0
1738,2,1.399964885446463,0
1738,3,2.886906986302128,0
1739,1,-.1080897807759974,0
1739,2,1.26359206396245,0
1739,3,-1.058166351952023,0
1740,1,-.208321860879787,0
1740,2,1.20462986062073,0
1740,3,1.524124663599253,0
1741,1,.9726337799748819,0
1741,2,1.444206385620547,0
1741,3,1.268733824187389,0
1742,1,-.3788256907278757,0
1742,2,.7403350936421373,0
1742,3,-.3501858743109535,0
1743,1,1.493068826434543,0
1743,2,1.791481629435778,0
1743,3,1.593208943704034,0
1744,1,-2.14973670000316,0
1744,2,1.648133777187018,0
1744,3,.8045628084732215,0
1745,1,-.939605224337928,0
1745,2,-1.487479135008292,0
1745,3,-1.115698284316502,0
1746,1,.3067496089205445,0
1746,2,-1.072403803916049,0
1746,3,1.192086136762142,0
1747,1,.8700213969285246,0
1747,2,-.410641171189025,0
1747,3,3.133911679564487,0
1748,1,1.244511056226439,0
1748,2,.2078068221840735,0
1748,3,.4669893710378297,0
1749,1,-.04551466612163,0
1749,2,-1.497893864158898,0
1749,3,-.4955786477931797,0
1750,1,-1.719579899257037,0
1750,2,.3205066772715117,0
1750,3,-.264177319526588,0
1751,1,.1815015599895426,0
1751,2,-.775575470233998,0
1751,3,1.468913161653653,0
1752,1,-.4461212916408627,0
1752,2,-.0534518463091627,0
1752,3,.4233749372188074,0
1753,1,3.852613035903955,0
1753,2,3.578629717939787,0
1753,3,1.554796444804841,0
1754,1,-1.974314962041926,0
1754,2,-1.012883774213251,0
1754,3,.8980880302146986,0
1755,1,-.0175199674197777,0
1755,2,-1.697769965485227,0
1755,3,2.850004162768921,0
1756,1,2.05174104214142,0
1756,2,2.61096302324783,0
1756,3,2.743590781009164,0
1757,1,.6428499106473823,0
1757,2,-.6160625148903356,0
1757,3,.3800404405509034,0
1758,1,-2.71911304986932,0
1758,2,-2.138253690396852,0
1758,3,.2802512129186734,0
1759,1,-.0847761584484686,0
1759,2,-.2870310187743608,0
1759,3,.7367497634009402,0
1760,1,-.3000960582641425,0
1760,2,1.478172976425767,0
1760,3,1.016342603372949,0
1761,1,-1.266356181245502,0
1761,2,-2.064339236503574,0
1761,3,-.6761498786555431,0
1762,1,2.441498527380908,0
1762,2,.0130106457607475,0
1762,3,1.476898933522862,0
1763,1,.342335057161077,0
1763,2,1.990771861936343,0
1763,3,2.499784046731405,0
1764,1,-1.208040874628982,0
1764,2,-.4484829336952074,0
1764,3,3.386694788323448,0
1765,1,.0219922394662161,0
1765,2,.0795891093764029,0
1765,3,.3763712035659006,0
1766,1,-.5386746018172469,0
1766,2,.2042579899610422,0
1766,3,.2958924011636739,0
1767,1,-.6126426077723242,0
1767,2,.172178357101339,0
1767,3,.644732420321092,0
1768,1,2.00562081820076,0
1768,2,-.0306490673357965,0
1768,3,-.1245613899863942,0
1769,1,-2.324903390000801,0
1769,2,.488327130055647,0
1769,3,1.741479907769286,0
1770,1,1.490514660032699,0
1770,2,3.801772295513489,0
1770,3,.4863658139193549,0
1771,1,-4.30775298555044,0
1771,2,-2.761880022793538,0
1771,3,-3.335266269564976,0
1772,1,-.803047056923275,0
1772,2,-1.719924931081878,0
1772,3,-1.642441478238833,0
1773,1,-1.777812895554752,0
1773,2,-.0715796273529699,0
1773,3,-1.485469888484989,0
1774,1,-.7354149523262418,0
1774,2,1.316988156599719,0
1774,3,1.771289383953498,0
1775,1,-.6438977278323827,0
1775,2,1.469385274730242,0
1775,3,-.5967416631232876,0
1776,1,.9015437047763721,0
1776,2,.6414555120737218,0
1776,3,-.108340351450178,0
1777,1,.0612891045287016,0
1777,2,1.026796605306721,0
1777,3,1.769593783510171,0
1778,1,.5985704276664005,0
1778,2,1.686532608603101,0
1778,3,1.54330604884395,0
1779,1,-.7868255226110157,0
1779,2,-.3541330460523973,0
1779,3,-3.176804208032889,0
1780,1,1.038750114361621,0
1780,2,1.306253403975698,0
1780,3,.3786559488726981,0
1781,1,-1.207406285584359,0
1781,2,-.4582881816860237,0
1781,3,-1.973039076263255,0
1782,1,1.248256302557518,0
1782,2,1.139566428559787,0
1782,3,1.17556097389568,0
1783,1,.4033082365569018,0
1783,2,.5757977717472057,0
1783,3,-.0339977559346636,0
1784,1,1.745639891348519,0
1784,2,1.310744784012772,0
1784,3,.6774228597700233,0
1785,1,1.240829395338022,0
1785,2,.3229412345008923,0
1785,3,-.3595051516857772,0
1786,1,.1639239592992512,0
1786,2,-.8115187302057638,0
1786,3,.5563797809565043,0
1787,1,-1.223767620935155,0
1787,2,-.5723294708545017,0
1787,3,.115694964685402,0
1788,1,2.081945504494009,0
1788,2,.2680857995178466,0
1788,3,.0995728557228183,0
1789,1,2.095551278014692,0
1789,2,2.393693297541053,0
1789,3,1.115766788541628,0
1790,1,1.356849672588821,0
1790,2,.8346686960514984,0
1790,3,.4669387918469433,0
1791,1,-1.938190021837146,0
1791,2,-.9969763043153711,0
1791,3,.3741504579350765,0
1792,1,-1.328044116117384,0
1792,2,-1.265192468643351,0
1792,3,.6568063962163669,0
1793,1,-.5523031275134127,0
1793,2,.384207673176553,0
1793,3,1.176890097523285,0
1794,1,-.1921465795726875,0
1794,2,-.4334275500376525,0
1794,3,.6405903064354354,0
1795,1,-2.70163731558956,0
1795,2,-1.315306809616723,0
1795,3,-3.085404009480194,0
1796,1,1.316190562789837,0
1796,2,3.89701820735157,0
1796,3,.9114456060686659,0
1797,1,.7300213135189839,0
1797,2,.7269637208246704,0
1797,3,1.390806756207629,0
1798,1,-.6829658332112356,0
1798,2,.9401850340922706,0
1798,3,1.450218728737301,0
1799,1,-.0513219854987195,0
1799,2,1.309680186566177,0
1799,3,-1.093688409421405,0
1800,1,-1.2723556322402,0
1800,2,-2.601346821683684,0
1800,3,-.7153890311531751,0
1801,1,-.7770866565790262,0
1801,2,.9900916601104532,0
1801,3,1.607953395552467,0
1802,1,.1656437195317369,0
1802,2,1.421033091141768,0
1802,3,-.0176738385313454,0
1803,1,1.996640603685755,0
1803,2,2.217422514651972,0
1803,3,1.965100137753908,0
1804,1,-1.589388404744452,0
1804,2,-.7024949540173432,0
1804,3,-2.134731577456053,0
1805,1,-1.206688555840843,0
1805,2,-.1242384679116928,0
1805,3,-1.159202504223699,0
1806,1,-.5058656058010748,0
1806,2,-.2057297229799935,0
1806,3,.1371599462892523,0
1807,1,-1.141326774033949,0
1807,2,-.035581378169744,0
1807,3,1.040540952014841,0
1808,1,2.376116355529418,0
1808,2,1.341978899211905,0
1808,3,2.88635691940959,0
1809,1,-.3593757715831745,0
1809,2,-1.352780871924481,0
1809,3,.6251199756369411,0
1810,1,1.844036467980816,0
1810,2,.112707040705009,0
1810,3,2.229445100978591,0
1811,1,2.115851306168996,0
1811,2,1.537760288982541,0
1811,3,1.373021519069821,0
1812,1,-.0776512702403279,0
1812,2,-.0885138193918095,0
1812,3,-.5479486585941464,0
1813,1,-.5520731959959566,0
1813,2,.5357600577994742,0
1813,3,-2.172350282944593,0
1814,1,1.21000309214271,0
1814,2,2.74151085648912,0
1814,3,1.957822597431901,0
1815,1,-1.234438342278616,0
1815,2,-1.010628299576439,0
1815,3,-.6054207631277044,0
1816,1,-1.477180369147626,0
1816,2,.1902587155041699,0
1816,3,-.0521216722157949,0
1817,1,-.4477250317497544,0
1817,2,-.6251671047867686,0
1817,3,-1.742714096244066,0
1818,1,3.787666348115767,0
1818,2,1.640003675734646,0
1818,3,2.292611161444658,0
1819,1,-.7146887325403888,0
1819,2,.9780625743811833,0
1819,3,-2.071250369120476,0
1820,1,2.426969725723665,0
1820,2,1.26085727347144,0
1820,3,.5416193740069021,0
1821,1,1.804009543871647,0
1821,2,-.4741119484930866,0
1821,3,-.1701228472245923,0
1822,1,.608979075286379,0
1822,2,.0740964560026695,0
1822,3,.8234888542733774,0
1823,1,1.288100613886375,0
1823,2,1.419966029602779,0
1823,3,.964318584130077,0
1824,1,-.9019905693134899,0
1824,2,1.519416216719627,0
1824,3,-.0912344546113601,0
1825,1,1.779663541519534,0
1825,2,2.312483035581328,0
1825,3,1.800988850175578,0
1826,1,.3348265193856259,0
1826,2,-1.484840037254828,0
1826,3,-.9279148041786788,0
1827,1,-1.093546321438288,0
1827,2,-.9424267006866057,0
1827,3,1.182875309898353,0
1828,1,.3684514000563215,0
1828,2,-.1309583984954533,0
1828,3,-1.234599152447626,0
1829,1,.6854969743774035,0
1829,2,.5246684345118914,0
1829,3,.6031712240508733,0
1830,1,-1.902868120297408,0
1830,2,-1.918982626968994,0
1830,3,-1.599613992934452,0
1831,1,-2.13870712959744,0
1831,2,.3758232269077961,0
1831,3,.4043534894379957,0
1832,1,1.489360039799608,0
1832,2,.5467727733653515,0
1832,3,1.935541933782184,0
1833,1,-1.189528665519994,0
1833,2,.4481016471797999,0
1833,3,.6585795254058775,0
1834,1,.0000852421673632,0
1834,2,-2.308789647055027,0
1834,3,1.80916176959727,0
1835,1,1.009839304697352,0
1835,2,-2.080208903731639,0
1835,3,-.2157571099706921,0
1836,1,1.117358052859876,0
1836,2,-.0056599581425543,0
1836,3,.4803919526723198,0
1837,1,-3.502336588476214,0
1837,2,-2.529440621305906,0
1837,3,-1.870924797105729,0
1838,1,.594561581726325,0
1838,2,1.231561256247056,0
1838,3,-.2895013124498933,0
1839,1,1.105216793864485,0
1839,2,-1.090798451693017,0
1839,3,.4890327228126721,0
1840,1,2.446752659566894,0
1840,2,.9264146158809218,0
1840,3,-.3170774412540025,0
1841,1,3.230499280080843,0
1841,2,-.4253161065373394,0
1841,3,.7943955215318885,0
1842,1,-.1281387505877553,0
1842,2,1.178332635460398,0
1842,3,1.792143650382224,0
1843,1,-.0817407464149843,0
1843,2,-1.755565532946726,0
1843,3,1.157912445250876,0
1844,1,-.6991808638558696,0
1844,2,-1.696415738994442,0
1844,3,-1.874594318258534,0
1845,1,.6503235397579263,0
1845,2,-.7400899100455673,0
1845,3,1.334884367936395,0
1846,1,.8445670261477412,0
1846,2,2.860436662951197,0
1846,3,2.990536037471242,0
1847,1,1.979614034168536,0
1847,2,.4945592279135458,0
1847,3,.5030403275595984,0
1848,1,3.44573490314285,0
1848,2,1.62659130618931,0
1848,3,3.307251678872375,0
1849,1,-.0267109058080982,0
1849,2,.239572176416038,0
1849,3,.8091342785302417,0
1850,1,-1.299543381253184,0
1850,2,-2.329889590880118,0
1850,3,-.5416335026877228,0
1851,1,-1.774533731769872,0
1851,2,-.6184400659599192,0
1851,3,-.5711644021188197,0
1852,1,2.013591861851995,0
1852,2,.8806665808612395,0
1852,3,1.891577719195938,0
1853,1,.6288688431619693,0
1853,2,.8000009657824666,0
1853,3,1.346324190321132,0
1854,1,1.2216785464939,0
1854,2,.5780925080157056,0
1854,3,.3434616885635365,0
1855,1,-1.562298546892131,0
1855,2,-.9493850150875072,0
1855,3,-.5993121038512856,0
1856,1,.8151689934148006,0
1856,2,.1765606801681359,0
1856,3,.6794484865086134,0
1857,1,.4505704317199722,0
1857,2,.3579078941226169,0
1857,3,2.236568042790295,0
1858,1,-.7943168292471869,0
1858,2,-1.002397981261605,0
1858,3,-1.752019576859478,0
1859,1,.1398704792905511,0
1859,2,-.4713534928926964,0
1859,3,1.704002021641043,0
1860,1,2.288885020370142,0
1860,2,2.100144580474115,0
1860,3,3.466827451030159,0
1861,1,-.4237295976097433,0
1861,2,.0835502352702848,0
1861,3,-.9480816575253439,0
1862,1,-.6677126561725404,0
1862,2,-3.627028178900672,0
1862,3,-.7255705401093204,0
1863,1,.6687246340696524,0
1863,2,2.931555338664031,0
1863,3,.814059269639549,0
1864,1,-3.38608034424953,0
1864,2,-1.859064557288682,0
1864,3,-3.162926045417288,0
1865,1,-.8176025565830617,0
1865,2,-.0524415137611819,0
1865,3,-.5281934315763206,0
1866,1,1.226540483174566,0
1866,2,3.119112353099721,0
1866,3,1.226797480843235,0
1867,1,-3.245719781625702,0
1867,2,-1.666880754024995,0
1867,3,.5924257751980674,0
1868,1,1.595481934396179,0
1868,2,.8005808018202933,0
1868,3,-.812790072640823,0
1869,1,-.3533129579948723,0
1869,2,.9123373756785309,0
1869,3,-1.294952644130355,0
1870,1,-.2717159052814122,0
1870,2,-1.005517764195208,0
1870,3,-2.66317460962093,0
1871,1,.8329394220978144,0
1871,2,.1566863621552422,0
1871,3,-.7539053698744704,0
1872,1,-1.387325492366889,0
1872,2,.0790101753169701,0
1872,3,1.57112415839233,0
1873,1,-.4981481809332403,0
1873,2,-.5667342665465414,0
1873,3,1.260313069934771,0
1874,1,.8439093399866536,0
1874,2,1.135065181887575,0
1874,3,.3121499486744778,0
1875,1,-1.339559294674134,0
1875,2,.7091553013279347,0
1875,3,-.7295317131377641,0
1876,1,.1385138187759444,0
1876,2,-.7947603671380759,0
1876,3,.0774745696101657,0
1877,1,.9375010124097358,0
1877,2,-.6800786882509875,0
1877,3,-1.875100663564319,0
1878,1,-.4422155510830914,0
1878,2,-1.106168288886234,0
1878,3,-.070177416509661,0
1879,1,1.729697080277441,0
1879,2,.7891063596770866,0
1879,3,.9839870151576664,0
1880,1,.3149926706693265,0
1880,2,-.3789135475872648,0
1880,3,-1.618478134431135,0
1881,1,1.092312012832844,0
1881,2,.3735577181592157,0
1881,3,1.175033673891558,0
1882,1,-1.274010923505673,0
1882,2,.3047254523873203,0
1882,3,1.069982796234727,0
1883,1,2.132089636706567,0
1883,2,2.520211250140208,0
1883,3,2.116419909571747,0
1884,1,-1.573079445937556,0
1884,2,-1.412071581955697,0
1884,3,-2.26884588049184,0
1885,1,-.1696179888672141,0
1885,2,-1.741841443663591,0
1885,3,-2.181537750098079,0
1886,1,1.793613728781313,0
1886,2,.7308706612772291,0
1886,3,2.119056397912303,0
1887,1,.932963352348507,0
1887,2,.3323232661381443,0
1887,3,.4437843553972882,0
1888,1,1.263406661770158,0
1888,2,2.752044628721836,0
1888,3,.6076131908103302,0
1889,1,.5035149234604929,0
1889,2,-.049108750375646,0
1889,3,1.825586684529717,0
1890,1,-.38670852328943,0
1890,2,-1.236570455467823,0
1890,3,-.7948464706010796,0
1891,1,1.046226380784447,0
1891,2,1.970537544139624,0
1891,3,.7324083867391636,0
1892,1,-.4917886935821577,0
1892,2,2.964845992294238,0
1892,3,.7916604771102254,0
1893,1,-.6106860469493554,0
1893,2,.0635644401843001,0
1893,3,1.340968032045387,0
1894,1,-3.071949137899225,0
1894,2,-.3596196474602483,0
1894,3,-.1789090271920407,0
1895,1,-1.745557258903002,0
1895,2,.3788460962415421,0
1895,3,2.790732940054168,0
1896,1,.4597845832274186,0
1896,2,-.2037430555376525,0
1896,3,-1.369277288237151,0
1897,1,-.235238195220195,0
1897,2,-.4576289125260816,0
1897,3,-.1942417861637264,0
1898,1,-3.150848366937866,0
1898,2,.7896759899697854,0
1898,3,-.9868035370308741,0
1899,1,.7320651392679579,0
1899,2,-.5190567620007955,0
1899,3,1.042653548144836,0
1900,1,-.3943741011156463,0
1900,2,-1.06731602881755,0
1900,3,-.1567856735167271,0
1901,1,-.6656036852940526,0
1901,2,-.5844920223841075,0
1901,3,.4475071875143802,0
1902,1,1.616889356581975,0
1902,2,.5204569269642352,0
1902,3,2.350947600635177,0
1903,1,.9244023778904872,0
1903,2,2.285796693705753,0
1903,3,-.1986557644142128,0
1904,1,-.4643402884943958,0
1904,2,.8758075652912065,0
1904,3,-.4471380653700357,0
1905,1,-1.821399881285746,0
1905,2,-1.440210632420759,0
1905,3,-2.539772914577779,0
1906,1,-.7325096439211969,0
1906,2,-.6071694721876248,0
1906,3,1.596180397632718,0
1907,1,.6006099109888947,0
1907,2,.4495609533197429,0
1907,3,.9240461426385,0
1908,1,.6129014550551308,0
1908,2,1.289239861922383,0
1908,3,1.163532755754106,0
1909,1,2.001991170152084,0
1909,2,.6395200330971762,0
1909,3,3.896529689288046,0
1910,1,-.6076577321547768,0
1910,2,.9106210105668847,0
1910,3,-.0972922927224209,0
1911,1,.2742868381393805,0
1911,2,1.51943186018509,0
1911,3,1.001019262680145,0
1912,1,-.9748333217111798,0
1912,2,-1.608815880251916,0
1912,3,1.608323067074916,0
1913,1,.3900291301541491,0
1913,2,-2.434556456878927,0
1913,3,1.927599183170301,0
1914,1,1.962494903583006,0
1914,2,1.862163444924302,0
1914,3,1.882240926850299,0
1915,1,-.0465079594421218,0
1915,2,-.9428491144911132,0
1915,3,.3476373625202487,0
1916,1,.5516084345242585,0
1916,2,.2121491850333393,0
1916,3,1.525137319927971,0
1917,1,1.831675415016299,0
1917,2,-2.618069917831426,0
1917,3,.7094224197536242,0
1918,1,.5602306449577691,0
1918,2,-.0148881235100644,0
1918,3,.5499518961314376,0
1919,1,.8240057727444122,0
1919,2,2.644231818952731,0
1919,3,1.98648834048478,0
1920,1,-1.72673192582125,0
1920,2,-1.486528401574619,0
1920,3,-.4324041851449809,0
1921,1,-.1046793518968477,0
1921,2,-1.034941918253031,0
1921,3,-.5182126753728153,0
1922,1,-1.983533209955156,0
1922,2,-1.854771148477208,0
1922,3,-.458934665301141,0
1923,1,.078618983212753,0
1923,2,2.434670782949011,0
1923,3,1.970705899529729,0
1924,1,.2899141647031133,0
1924,2,.0073710287876988,0
1924,3,.1893133209051502,0
1925,1,1.365261000760064,0
1925,2,-.7555253651887068,0
1925,3,-.4108316687932227,0
1926,1,.9455649912449282,0
1926,2,-2.252455451248454,0
1926,3,.3407265601468661,0
1927,1,1.252697981635835,0
1927,2,2.105879253477714,0
1927,3,1.364730452557084,0
1928,1,-.4149635077511843,0
1928,2,.8749272104362356,0
1928,3,-1.0078426064418,0
1929,1,1.341894580348806,0
1929,2,3.562201409167238,0
1929,3,1.767409637209528,0
1930,1,3.659110604969894,0
1930,2,.8156479107323005,0
1930,3,2.426237560994235,0
1931,1,-.8532594060624444,0
1931,2,.4988671476429788,0
1931,3,-1.191397742554195,0
1932,1,-1.635273115683398,0
1932,2,.0194841213982127,0
1932,3,-1.049841655335462,0
1933,1,-2.274549020019856,0
1933,2,-1.221498590667118,0
1933,3,-1.33976465345729,0
1934,1,-1.862777546422863,0
1934,2,-1.576324483938138,0
1934,3,-.2771852654625085,0
1935,1,-.6122556425925162,0
1935,2,.0551799212723052,0
1935,3,.1890097594099451,0
1936,1,-1.884337775379709,0
1936,2,-.3731036767377035,0
1936,3,-.120086545793087,0
1937,1,.4111256561016967,0
1937,2,.2790884718874819,0
1937,3,-2.083801332774622,0
1938,1,-2.156359959047198,0
1938,2,-.7430716893569942,0
1938,3,-1.467304245424408,0
1939,1,.5562989680870514,0
1939,2,-.6247595319906054,0
1939,3,.2721933582187273,0
1940,1,-1.296728619110743,0
1940,2,-.6554470736339046,0
1940,3,.4522789920394341,0
1941,1,.8536656808469767,0
1941,2,-.9569580931967048,0
1941,3,1.776774378497304,0
1942,1,.8174586094623678,0
1942,2,-1.655903559312177,0
1942,3,-.4795595691267162,0
1943,1,-.9557128052386928,0
1943,2,.3866826931012182,0
1943,3,-1.880764787521401,0
1944,1,.840490606725196,0
1944,2,1.309890453384486,0
1944,3,-.3518824558593009,0
1945,1,-.1843875838813517,0
1945,2,-.9910119313856265,0
1945,3,.5067551330948843,0
1946,1,-1.00691936620937,0
1946,2,-1.834778163356046,0
1946,3,-1.810545853023262,0
1947,1,-.4980595004245456,0
1947,2,-1.312513153095897,0
1947,3,-1.112737249959114,0
1948,1,-.219063615286051,0
1948,2,-2.35741586994142,0
1948,3,-.5803301196073537,0
1949,1,-.0602041113447526,0
1949,2,1.167937895707459,0
1949,3,-.3611928008978383,0
1950,1,1.951049952879727,0
1950,2,.6759143128012227,0
1950,3,1.529081447592736,0
1951,1,.5923859504443235,0
1951,2,1.165423235055249,0
1951,3,1.396435098096886,0
1952,1,-1.951384526136,0
1952,2,-1.860070328356926,0
1952,3,-.3715986206737772,0
1953,1,-1.735633360660439,0
1953,2,-1.639274971597109,0
1953,3,.2636240845601072,0
1954,1,-.9845710957557858,0
1954,2,1.399301912519634,0
1954,3,.0092014192475208,0
1955,1,.5889266146228308,0
1955,2,2.030966131507332,0
1955,3,2.290549904659705,0
1956,1,-.9705768151341883,0
1956,2,-1.181218422035941,0
1956,3,.1010258211369049,0
1957,1,-1.993978866053746,0
1957,2,-1.102363652790511,0
1957,3,-1.676108389695127,0
1958,1,.5046099732342755,0
1958,2,1.281104207158467,0
1958,3,-.4809405811544971,0
1959,1,1.317144956489169,0
1959,2,.5296555126984781,0
1959,3,.4845467706415221,0
1960,1,-1.071031758627754,0
1960,2,.1388479577916438,0
1960,3,2.176871370454887,0
1961,1,-.9316515815616617,0
1961,2,-.4311011149262263,0
1961,3,.8199434830957957,0
1962,1,-1.055338202876111,0
1962,2,-3.305163526663511,0
1962,3,1.508581199926913,0
1963,1,-1.026728416291558,0
1963,2,.61159231570759,0
1963,3,.0386246032446148,0
1964,1,-2.841024751329916,0
1964,2,-.0610892133662669,0
1964,3,-.6820730250229439,0
1965,1,.2769109483191738,0
1965,2,2.415190947009187,0
1965,3,2.917720757964426,0
1966,1,.4534615940055969,0
1966,2,-.1165120200201531,0
1966,3,.087665881325169,0
1967,1,-1.199536010066523,0
1967,2,-.587467020034278,0
1967,3,.7086437666797168,0
1968,1,.7025160635447595,0
1968,2,1.285497353010659,0
1968,3,1.336351134086766,0
1969,1,.2246070268189011,0
1969,2,-.2322415956219558,0
1969,3,1.435154961316299,0
1970,1,.0641247025149788,0
1970,2,-1.557786404482916,0
1970,3,1.213556602776523,0
1971,1,-2.684458539931339,0
1971,2,-.9097239720618953,0
1971,3,-2.386957979197189,0
1972,1,-1.933741876416117,0
1972,2,-2.874238765328881,0
1972,3,-1.536313171763362,0
1973,1,-.5258223633876589,0
1973,2,-1.45142597045246,0
1973,3,-.5706869374247879,0
1974,1,-.7431564997129296,0
1974,2,-.3412017206898132,0
1974,3,-3.197567634243496,0
1975,1,.8520191939546433,0
1975,2,2.366964828762226,0
1975,3,2.113745706430773,0
1976,1,.6896732707656206,0
1976,2,.691597757165155,0
1976,3,1.737282502671195,0
1977,1,-.7746385658884343,0
1977,2,-.9810762903305099,0
1977,3,-1.464119298936139,0
1978,1,1.182687982128267,0
1978,2,1.368050682858101,0
1978,3,1.548956984189131,0
1979,1,.0565800490413751,0
1979,2,-.7692703341922915,0
1979,3,-1.181507368558615,0
1980,1,.3340948421770123,0
1980,2,-.7174969813638296,0
1980,3,-.1656689361772022,0
1981,1,1.67421847367314,0
1981,2,-.2052641449527299,0
1981,3,1.169830082667078,0
1982,1,-.056941020368855,0
1982,2,.1088731866766043,0
1982,3,.2143866161004868,0
1983,1,-.2329758725517093,0
1983,2,1.531386181582195,0
1983,3,.7987386541191197,0
1984,1,-1.353642501934198,0
1984,2,-.4091038163524801,0
1984,3,-.8888789077157664,0
1985,1,-.9872349918704946,0
1985,2,-1.217118169849965,0
1985,3,-.7946081313879561,0
1986,1,-1.362786412613344,0
1986,2,-1.02401741147143,0
1986,3,-1.724102571489849,0
1987,1,-.7082093552911015,0
1987,2,-.0555994251280554,0
1987,3,-1.18078189252807,0
1988,1,2.655793613204195,0
1988,2,2.933437024630246,0
1988,3,2.995844692458817,0
1989,1,1.243136995243696,0
1989,2,2.089344554477274,0
1989,3,1.657294935471006,0
1990,1,1.068628685346262,0
1990,2,-.4512207961866768,0
1990,3,1.673665650328016,0
1991,1,-.4965803791218093,0
1991,2,-.1895674589030951,0
1991,3,.1444994472037704,0
1992,1,-1.152774746648987,0
1992,2,-1.792661834883319,0
1992,3,1.267864690803465,0
1993,1,.6120012729865214,0
1993,2,.1796828020688757,0
1993,3,2.73394469909168,0
1994,1,-.0374216005319001,0
1994,2,-.2981396019443385,0
1994,3,2.351111589572221,0
1995,1,.3584581816140753,0
1995,2,2.020134287434647,0
1995,3,5.13796527247945,0
1996,1,-.4415647794221721,0
1996,2,2.249868762416033,0
1996,3,2.737984348756391,0
1997,1,-1.817665799780419,0
1997,2,-3.042012792154918,0
1997,3,-2.472323925772365,0
1998,1,-.2239776506256266,0
1998,2,.9632563209872611,0
1998,3,.2846534378355577,0
1999,1,-.6756357499583899,0
1999,2,.4120745893622386,0
1999,3,-.264926878215277,0
2000,1,-3.045791722377182,0
2000,2,-2.018353495430319,0
2000,3,-2.165027937299603,0
