id,t,y,treat,x
1,1,-.1082412379262985,0,-.3364529953217967
1,2,2.683344803304174,0,-.3364529953217967
1,3,.2871035421575561,0,-.3364529953217967
2,1,-.5232131049693819,0,-.3118225843741566
2,2,-2.324531955710907,0,-.3118225843741566
2,3,.1733438812625376,0,-.3118225843741566
3,1,-2.234171170408076,0,-.6299439355145207
3,2,-1.145231524454736,0,-.6299439355145207
3,3,-.686295919510888,0,-.6299439355145207
4,1,.5238624978699472,0,-2.35607236292151
4,2,3.968573897043217,0,-2.35607236292151
4,3,2.57938672814272,0,-2.35607236292151
5,1,-.5155322372368683,0,-.9048204521415699
5,2,-1.33788352555462,0,-.9048204521415699
5,3,1.76148076423808,0,-.9048204521415699
6,1,5.342195015721249,1,-.26059585904257
6,2,3.803288352229011,1,-.26059585904257
6,3,1.789236168224,1,-.26059585904257
7,1,.3579560738407148,1,.8527449705273881
7,2,.5930472153019439,1,.8527449705273881
7,3,.7211526848393672,1,.8527449705273881
8,1,.1699291499847524,0,-.6264269765572509
8,2,2.08532369939829,0,-.6264269765572509
8,3,3.559770092980322,0,-.6264269765572509
9,1,-.3291504299386618,1,.2912917122106704
9,2,1.64088794269872,1,.2912917122106704
9,3,2.21890532410203,1,.2912917122106704
10,1,-.5708897740538591,0,-.0659622026388373
10,2,-.1599827708929752,0,-.0659622026388373
10,3,-.8369015225402793,0,-.0659622026388373
11,1,-.4008785425471078,1,1.88402793528164
11,2,-1.196160053749874,1,1.88402793528164
11,3,1.219946172253878,1,1.88402793528164
12,1,-1.903971335982931,1,1.104124611612637
12,2,-.6072117365626577,1,1.104124611612637
12,3,-2.349800720372792,1,1.104124611612637
13,1,1.427859128020374,1,.0280532383174806
13,2,.7989888561452095,1,.0280532383174806
13,3,1.707689010829212,1,.0280532383174806
14,1,3.488844678070081,1,-.1803587004884085
14,2,2.377706432017625,1,-.1803587004884085
14,3,2.970094004717415,1,-.1803587004884085
15,1,1.081574247615848,1,-.0834514225277706
15,2,-1.162802240426703,1,-.0834514225277706
15,3,1.687343915557999,1,-.0834514225277706
16,1,-.2660943130713343,0,.3798855880092405
16,2,.9601059802678439,0,.3798855880092405
16,3,.4694769743865942,0,.3798855880092405
17,1,1.067140642647797,1,.6237904461456464
17,2,-2.648851500159347,1,.6237904461456464
17,3,.1712342686596182,1,.6237904461456464
18,1,-1.566591025108662,0,-1.209270860447614
18,2,.3906955972463211,0,-1.209270860447614
18,3,-.4797786314375245,0,-1.209270860447614
19,1,-.6996123398125235,1,.614005453678176
19,2,.0790770171778812,1,.614005453678176
19,3,1.881807200108618,1,.614005453678176
20,1,1.001809099849815,1,.4643957595624179
20,2,1.29123333934005,1,.4643957595624179
20,3,.32879074170724,1,.4643957595624179
21,1,-3.331795679806888,0,-.3759248675462233
21,2,-.0091810111058808,0,-.3759248675462233
21,3,2.2440313203119,0,-.3759248675462233
22,1,-.565982930435507,0,.3753835398028861
22,2,-1.961202656745217,0,.3753835398028861
22,3,-.0253877596782852,0,.3753835398028861
23,1,-.2309197459583298,0,.5600184008880039
23,2,.8826900179925135,0,.5600184008880039
23,3,1.005080003112298,0,.5600184008880039
24,1,-.1003648217380065,0,1.081406530436829
24,2,-.8190423848660977,0,1.081406530436829
24,3,.4837712428729297,0,1.081406530436829
25,1,-3.054539540821111,0,-1.348016082173658
25,2,-3.389071977690621,0,-1.348016082173658
25,3,-2.246439972911713,0,-1.348016082173658
26,1,.2448820773308241,1,.60098727183775
26,2,.248130341108147,1,.60098727183775
26,3,.809299846831026,1,.60098727183775
27,1,.8373239934444677,1,-.2062642292628744
27,2,-1.639218612213408,1,-.2062642292628744
27,3,.757336725414405,1,-.2062642292628744
28,1,1.893928883726893,0,-1.160839248493048
28,2,.6687580372923843,0,-1.160839248493048
28,3,1.095615474674234,0,-1.160839248493048
29,1,.3326411181809169,1,-.1517858679101992
29,2,.862867733373343,1,-.1517858679101992
29,3,1.871892503816266,1,-.1517858679101992
30,1,-2.461012733070807,1,.4508322495166829
30,2,-.761006927429308,1,.4508322495166829
30,3,.6178455619198876,1,.4508322495166829
31,1,1.849828295984057,1,.9818250425582564
31,2,1.483709984546796,1,.9818250425582564
31,3,.6473766126683608,1,.9818250425582564
32,1,-.0386454101758749,0,-.3294498297530496
32,2,.6501060046188785,0,-.3294498297530496
32,3,-1.654328864116218,0,-.3294498297530496
33,1,-.2091269746424554,0,-.5349529983729453
33,2,-.191072388255711,0,-.5349529983729453
33,3,.7368325615602589,0,-.5349529983729453
34,1,3.052562871550183,1,-.527533925162215
34,2,1.685737975293491,1,-.527533925162215
34,3,.836769256171029,1,-.527533925162215
35,1,-.8824904436873203,0,.7387527434539176
35,2,-2.365627960609923,0,.7387527434539176
35,3,.1469355159794857,0,.7387527434539176
36,1,1.030102322405545,0,.7312507477897547
36,2,-1.155764991083317,0,.7312507477897547
36,3,.9148842754002044,0,.7312507477897547
37,1,-.4929563375445704,1,-.1293811161797564
37,2,-.8842423945139497,1,-.1293811161797564
37,3,1.385108867031305,1,-.1293811161797564
38,1,2.609805334514558,1,-.4481266766001472
38,2,1.026308625836895,1,-.4481266766001472
38,3,1.939312948663472,1,-.4481266766001472
39,1,1.31789748911753,0,.0508008158904104
39,2,1.490287789020231,0,.0508008158904104
39,3,1.278381034623986,0,.0508008158904104
40,1,.3168280505817586,1,.3303762175371069
40,2,.8665402445613711,1,.3303762175371069
40,3,.2530179111094033,1,.3303762175371069
41,1,2.774131240288984,0,-1.584481642172445
41,2,1.143871584279216,0,-1.584481642172445
41,3,.33500464797776,0,-1.584481642172445
42,1,2.128174681274295,1,-.6567369402409243
42,2,3.221873548679488,1,-.6567369402409243
42,3,3.442878539728487,1,-.6567369402409243
43,1,-.6442334699143071,1,1.323718815211287
43,2,-.697237110804902,1,1.323718815211287
43,3,1.083468752895358,1,1.323718815211287
44,1,.231052543191252,0,.3874376267247773
44,2,.304497521635416,0,.3874376267247773
44,3,.2900792327044229,0,.3874376267247773
45,1,-1.019736673118727,1,-.8390281017695079
45,2,-.1954611663399387,1,-.8390281017695079
45,3,-1.686363402738866,1,-.8390281017695079
46,1,-1.489951024586067,0,.2599883598129477
46,2,-.4278268030523562,0,.2599883598129477
46,3,-3.304514917095224,0,.2599883598129477
47,1,.3396206132224673,1,.2573158507822963
47,2,-1.44488180114553,1,.2573158507822963
47,3,1.167323255050308,1,.2573158507822963
48,1,.2610957596089217,0,1.05528651513583
48,2,-1.130343964808337,0,1.05528651513583
48,3,-1.621266450409804,0,1.05528651513583
49,1,.8459098872339103,1,.1197252713905771
49,2,-.7112908551860837,1,.1197252713905771
49,3,1.46776908744388,1,.1197252713905771
50,1,1.42272292446894,0,-.1133278250441267
50,2,.4142563815273461,0,-.1133278250441267
50,3,1.618381313057349,0,-.1133278250441267
51,1,-.4170396586726451,1,-.0201529801580812
51,2,1.677179830610761,1,-.0201529801580812
51,3,.5569367460785198,1,-.0201529801580812
52,1,1.604538657812951,1,-1.547879918629165
52,2,4.200035028326876,1,-1.547879918629165
52,3,1.36186756133076,1,-1.547879918629165
53,1,-.0375722482361824,1,1.010421615799577
53,2,-.7514141014194419,1,1.010421615799577
53,3,.3308869897251812,1,1.010421615799577
54,1,-2.809386251625312,1,.8925858563650534
54,2,-2.75929227404106,1,.8925858563650534
54,3,-.4666386943636319,1,.8925858563650534
55,1,1.342268761243258,0,-.089254806378908
55,2,-.8853020198355623,0,-.089254806378908
55,3,-2.095345188268894,0,-.089254806378908
56,1,-1.889390531968315,0,1.64534099815805
56,2,-2.02156205785766,0,1.64534099815805
56,3,-.533117243281888,0,1.64534099815805
57,1,-2.382613697307874,1,-.0791150639212703
57,2,-1.921112066498843,1,-.0791150639212703
57,3,-.6203114033759791,1,-.0791150639212703
58,1,.2564996156388949,0,-1.731287785542079
58,2,2.212097065817182,0,-1.731287785542079
58,3,1.293591028919001,0,-1.731287785542079
59,1,-1.572139618504546,1,-.4466686103330826
59,2,-1.020447520015494,1,-.4466686103330826
59,3,.8212609162856077,1,-.4466686103330826
60,1,-2.685823320829599,1,-.0434420535613969
60,2,-.500155828343365,1,-.0434420535613969
60,3,.5602803717140973,1,-.0434420535613969
61,1,.0841129886302477,0,-.15313690530279
61,2,.6722934617417209,0,-.15313690530279
61,3,-.1270071500136162,0,-.15313690530279
62,1,-.5699024078673383,0,.0082962945699413
62,2,-2.036030277621109,0,.0082962945699413
62,3,.4171019838490377,0,.0082962945699413
63,1,1.273007764751311,1,.2492412002285679
63,2,1.699152622891591,1,.2492412002285679
63,3,3.116985650251195,1,.2492412002285679
64,1,-.6460403318586327,0,-.1028051845649306
64,2,-.9559713478540632,0,-.1028051845649306
64,3,.6141414531298302,0,-.1028051845649306
65,1,-.0634047189928653,1,1.980462178779689
65,2,-.844403233423997,1,1.980462178779689
65,3,-1.535898760603183,1,1.980462178779689
66,1,1.739900398053926,1,-.3251917718766791
66,2,1.400282244582248,1,-.3251917718766791
66,3,1.254249293163633,1,-.3251917718766791
67,1,-.9734541541924434,1,.2505617399008275
67,2,1.127660984856143,1,.2505617399008275
67,3,-.2238825224611015,1,.2505617399008275
68,1,3.08916053745627,0,-.2073547869991063
68,2,1.34720873544465,0,-.2073547869991063
68,3,2.230540513635428,0,-.2073547869991063
69,1,.8643547227802341,1,.2951202799063453
69,2,.7441219715507341,1,.2951202799063453
69,3,-.2142707320020402,1,.2951202799063453
70,1,-.1313083041212151,0,-2.097671335104353
70,2,-1.927517658845943,0,-2.097671335104353
70,3,-.7103575213493674,0,-2.097671335104353
71,1,-.5304186062569503,0,1.728554708428141
71,2,.7130617915629262,0,1.728554708428141
71,3,-.266943980723839,0,1.728554708428141
72,1,.1704222303240666,1,.6212631701716462
72,2,1.791093850349025,1,.6212631701716462
72,3,-.0346681832354322,1,.6212631701716462
73,1,-2.400638781386757,0,.129037875667804
73,2,1.115437019820448,0,.129037875667804
73,3,-1.676739352904072,0,.129037875667804
74,1,1.591675246260947,0,-2.49398384333069
74,2,1.722980122121109,0,-2.49398384333069
74,3,1.409854189676095,0,-2.49398384333069
75,1,-.2251091433940296,1,.2174404236758641
75,2,-1.975274304969105,1,.2174404236758641
75,3,-.9466243213955882,1,.2174404236758641
76,1,.9590054198713953,1,.9700410892242198
76,2,1.992895089261438,1,.9700410892242198
76,3,1.784939221163569,1,.9700410892242198
77,1,-1.800466872108055,1,.2535373893904996
77,2,.3717731208832957,1,.2535373893904996
77,3,1.057616867844048,1,.2535373893904996
78,1,-1.249492829010504,0,-1.824925280518197
78,2,-2.090968355034747,0,-1.824925280518197
78,3,-1.06277599384233,0,-1.824925280518197
79,1,.5915230148021784,1,-.2661371653826866
79,2,.1491376990195064,1,-.2661371653826866
79,3,-1.256547410262549,1,-.2661371653826866
80,1,-.014545207775365,1,-.2097842637533688
80,2,.203374083172245,1,-.2097842637533688
80,3,1.875668881694619,1,-.2097842637533688
81,1,.7172200790992097,0,.2295829874428933
81,2,-.2304587152429216,0,.2295829874428933
81,3,1.714303393864737,0,.2295829874428933
82,1,.7544783609997928,0,.1494078649652938
82,2,2.795436498027638,0,.1494078649652938
82,3,.6198375929869828,0,.1494078649652938
83,1,.5186231753750004,0,-2.144632773351037
83,2,-.2450849107618678,0,-2.144632773351037
83,3,1.486344653993054,0,-2.144632773351037
84,1,.5813578306547411,0,-1.480509302122963
84,2,2.999529034416177,0,-1.480509302122963
84,3,2.406907077293382,0,-1.480509302122963
85,1,-.7267055055075218,0,.4546652737733081
85,2,-1.163710379341362,0,.4546652737733081
85,3,.9468053346005327,0,.4546652737733081
86,1,-1.19596195812291,0,-1.090022878277675
86,2,-1.576443731553601,0,-1.090022878277675
86,3,-.0580886180009211,0,-1.090022878277675
87,1,.5186043259144727,1,-1.164724582822199
87,2,-.7753653309901767,1,-1.164724582822199
87,3,.9547488739309276,1,-1.164724582822199
88,1,-.0125882374149378,1,-2.031132079751043
88,2,-.7763655420664299,1,-2.031132079751043
88,3,.9957329374039797,1,-2.031132079751043
89,1,.8068479212768405,0,.1935889255235968
89,2,2.149180321170981,0,.1935889255235968
89,3,1.244234042988766,0,.1935889255235968
90,1,-2.426988915347183,1,-1.685167224694862
90,2,.8630226188671388,1,-1.685167224694862
90,3,2.625567284464333,1,-1.685167224694862
91,1,-1.880982143980858,1,.0878917056951981
91,2,-2.372620278124417,1,.0878917056951981
91,3,-2.274838133240559,1,.0878917056951981
92,1,-.0402924071326924,1,1.617498608938119
92,2,-1.77002920521733,1,1.617498608938119
92,3,2.77661580724173,1,1.617498608938119
93,1,-.1338655793467557,0,-.7077334085982194
93,2,.6578230726523793,0,-.7077334085982194
93,3,-.5246525886111255,0,-.7077334085982194
94,1,1.722841374325944,1,2.768505373876351
94,2,2.250509201534576,1,2.768505373876351
94,3,2.696590304028225,1,2.768505373876351
95,1,2.243099883482929,1,-.2602538056145941
95,2,.0884253081153163,1,-.2602538056145941
95,3,1.100134134034616,1,-.2602538056145941
96,1,2.071468574989778,0,1.63029770742761
96,2,1.781662367000799,0,1.63029770742761
96,3,1.59908476798647,0,1.63029770742761
97,1,-.4582220261376231,0,-1.106204604767899
97,2,1.029239971427508,0,-1.106204604767899
97,3,2.329735063438271,0,-1.106204604767899
98,1,-1.631060533146828,1,.35019725553922
98,2,-.5047639849767116,1,.35019725553922
98,3,-.906517289759441,1,.35019725553922
99,1,3.163178316434907,0,1.118338509434647
99,2,.7306204219448661,0,1.118338509434647
99,3,1.088615463438316,0,1.118338509434647
100,1,-1.093235976357339,0,-.8655040209335866
100,2,-2.20769236185078,0,-.8655040209335866
100,3,-.8285153972231803,0,-.8655040209335866
101,1,-2.21623491003981,0,-.1615089044440802
101,2,-.6637423107469219,0,-.1615089044440802
101,3,-3.563730314475286,0,-.1615089044440802
102,1,-.1932047364291538,0,-.255195082438084
102,2,-.5900999453287755,0,-.255195082438084
102,3,-2.376398313621932,0,-.255195082438084
103,1,.4599429113544764,0,-.8490576958581606
103,2,.4728250641265854,0,-.8490576958581606
103,3,-1.086050836757992,0,-.8490576958581606
104,1,2.09329954677237,1,.9516688905072535
104,2,1.595035641389899,1,.9516688905072535
104,3,1.53120596074266,1,.9516688905072535
105,1,-.2536425614429206,1,-.1646845320953799
105,2,-.1639526960836083,1,-.1646845320953799
105,3,.3380343164011695,1,-.1646845320953799
106,1,.2574058458870095,0,.2179797017284879
106,2,.0810943952317903,0,.2179797017284879
106,3,.1594341786499966,0,.2179797017284879
107,1,-.1390410159790263,1,.1401833753782087
107,2,2.411494723412344,1,.1401833753782087
107,3,3.521148019298731,1,.1401833753782087
108,1,-.7442279776772831,0,.1120021361077854
108,2,.7389844404893219,0,.1120021361077854
108,3,1.820248308015542,0,.1120021361077854
109,1,1.827895122707004,0,.8605110498391971
109,2,1.892385827405041,0,.8605110498391971
109,3,1.624873567483007,0,.8605110498391971
110,1,-.3857145033934537,1,.4239208430424563
110,2,1.436644958968628,1,.4239208430424563
110,3,.8510704240690873,1,.4239208430424563
111,1,1.344547672969006,1,.2016859194910059
111,2,1.707476338476383,1,.2016859194910059
111,3,3.781580512566689,1,.2016859194910059
112,1,-.9532000940635513,0,-.6572788093241967
112,2,-1.513339914778904,0,-.6572788093241967
112,3,2.487746829950388,0,-.6572788093241967
113,1,.4907342954326993,1,1.628597542090911
113,2,1.605327958229502,1,1.628597542090911
113,3,1.690064602292618,1,1.628597542090911
114,1,-2.045036867919904,0,.77477910283087
114,2,.4824849212555302,0,.77477910283087
114,3,-.046923963522201,0,.77477910283087
115,1,-.5354831144449278,1,-.6286490260121419
115,2,-1.161714374530484,1,-.6286490260121419
115,3,-1.412688648304997,1,-.6286490260121419
116,1,-1.524143315962256,0,-.73681669784274
116,2,-1.449415070401694,0,-.73681669784274
116,3,1.02007143173991,0,-.73681669784274
117,1,1.916741454340104,1,1.58977521274214
117,2,2.945855328144464,1,1.58977521274214
117,3,4.467886141153294,1,1.58977521274214
118,1,-2.301975155847622,1,-.5534928799904083
118,2,-1.593904300379105,1,-.5534928799904083
118,3,-1.914059588068223,1,-.5534928799904083
119,1,-2.30051838257918,1,1.370982233281296
119,2,-1.036458553738747,1,1.370982233281296
119,3,-.7752294406796783,1,1.370982233281296
120,1,-1.598577623477368,0,.1639228055110639
120,2,-1.287993157398115,0,.1639228055110639
120,3,.5737893867116995,0,.1639228055110639
121,1,-.518556785708111,0,2.399735513393829
121,2,1.589665862662173,0,2.399735513393829
121,3,2.055893736907953,0,2.399735513393829
122,1,-.9854207973267672,1,.5781274494474601
122,2,-1.185957217493147,1,.5781274494474601
122,3,.5321958834448307,1,.5781274494474601
123,1,1.805807677608918,1,-.1291344347020868
123,2,.7131733372369568,1,-.1291344347020868
123,3,1.579638187930727,1,-.1291344347020868
124,1,.9277565613349006,0,-.8604645657120525
124,2,-.4225530622125179,0,-.8604645657120525
124,3,.0453803480280969,0,-.8604645657120525
125,1,-3.490971347541993,0,-.9046291871818745
125,2,-2.86186207664455,0,-.9046291871818745
125,3,-1.129641699532563,0,-.9046291871818745
126,1,1.704480494418572,1,-.4430501947841579
126,2,.3997469939159574,1,-.4430501947841579
126,3,1.947879771381473,1,-.4430501947841579
127,1,-.8966454779068894,1,-.6372636414307163
127,2,.3689943640250102,1,-.6372636414307163
127,3,-.0438421318141368,1,-.6372636414307163
128,1,.7679663432796509,0,.2610656385278053
128,2,2.6601733338566,0,.2610656385278053
128,3,2.712633241757675,0,.2610656385278053
129,1,-1.405108001056577,0,2.614782093751873
129,2,1.683034987299404,0,2.614782093751873
129,3,.0258913586354485,0,2.614782093751873
130,1,-.8316139055888661,0,-.1472207279027647
130,2,-.4446719371284191,0,-.1472207279027647
130,3,-.5359500235452322,0,-.1472207279027647
131,1,-1.651705185378564,0,.7550982863694774
131,2,-.2327687070160954,0,.7550982863694774
131,3,-.4897608068984255,0,.7550982863694774
132,1,.5965868154844369,1,.2755085842770448
132,2,.2225251474782186,1,.2755085842770448
132,3,.3752622565894234,1,.2755085842770448
133,1,-1.765969829002922,0,1.102277214901851
133,2,-1.611950835735821,0,1.102277214901851
133,3,-1.543781596427263,0,1.102277214901851
134,1,1.952257259307299,1,1.307636761026438
134,2,1.541835186406402,1,1.307636761026438
134,3,1.968203016015204,1,1.307636761026438
135,1,.6373912412937283,1,-.7089148954250373
135,2,-1.000295635185422,1,-.7089148954250373
135,3,3.672997482186605,1,-.7089148954250373
136,1,-.9238357055062975,1,-.3970503203328052
136,2,-2.119105121631729,1,-.3970503203328052
136,3,-2.189988727630133,1,-.3970503203328052
137,1,-.4873236595235908,0,1.683732014675043
137,2,-3.22128390196361,0,1.683732014675043
137,3,.3536640663560675,0,1.683732014675043
138,1,2.150637524993895,0,.1799317662849209
138,2,.8855351175582176,0,.1799317662849209
138,3,1.698766915026743,0,.1799317662849209
139,1,-2.077941438528394,0,2.080160305834963
139,2,.9731389743734897,0,2.080160305834963
139,3,.3664469948156052,0,2.080160305834963
140,1,-2.320636487770953,0,-.1199919200984214
140,2,.8924145803501655,0,-.1199919200984214
140,3,.4310140688009046,0,-.1199919200984214
141,1,.4163150559428296,1,-.7328665424184919
141,2,-.2582374308248259,1,-.7328665424184919
141,3,.1413186948307362,1,-.7328665424184919
142,1,-1.378545840943842,0,.3079351015615678
142,2,1.662130060751249,0,.3079351015615678
142,3,1.55620762452397,0,.3079351015615678
143,1,-.7371382468413513,0,-.4993209384850213
143,2,-1.64623542551843,0,-.4993209384850213
143,3,-1.946107267026071,0,-.4993209384850213
144,1,-.7244275903541512,0,-.5359491938188171
144,2,-.9628381611466168,0,-.5359491938188171
144,3,3.842003710816043,0,-.5359491938188171
145,1,-1.127377159256746,0,-1.188135124319432
145,2,.085750524538473,0,-1.188135124319432
145,3,-1.8986152615736,0,-1.188135124319432
146,1,2.827342976664942,0,.8683084789815194
146,2,.7795219063912207,0,.8683084789815194
146,3,2.819602822322224,0,.8683084789815194
147,1,-.4336328660688625,1,2.205807329724518
147,2,-.0508033584382717,1,2.205807329724518
147,3,1.675282658279362,1,2.205807329724518
148,1,.7161385426739362,0,-1.944481118192034
148,2,-.37656082362307,0,-1.944481118192034
148,3,.9771577469126462,0,-1.944481118192034
149,1,-.7051284779941378,1,2.046573334529416
149,2,-1.513799770255847,1,2.046573334529416
149,3,2.215224936576367,1,2.046573334529416
150,1,-.2243507088981601,1,-.3100900713865503
150,2,-.6370509016049055,1,-.3100900713865503
150,3,-.0679661390601315,1,-.3100900713865503
151,1,-.6554946265230102,0,-1.601622309126231
151,2,-.6051439832468979,0,-1.601622309126231
151,3,.3083817817130293,0,-1.601622309126231
152,1,.6098429767592508,0,-.4701219877502583
152,2,-.2474870824138994,0,-.4701219877502583
152,3,1.009838939316018,0,-.4701219877502583
153,1,-.1514281486294027,0,-.1292136132525891
153,2,-.8829850367128715,0,-.1292136132525891
153,3,-1.388615564867195,0,-.1292136132525891
154,1,-.2139450117443666,0,-1.007021374033326
154,2,-.0041997798047695,0,-1.007021374033326
154,3,.9606415464795233,0,-1.007021374033326
155,1,.3353894821240173,1,-.7472662132083806
155,2,2.101393634744649,1,-.7472662132083806
155,3,1.559518181903525,1,-.7472662132083806
156,1,-.5639746337418515,1,.5148038524370679
156,2,-1.110139680833506,1,.5148038524370679
156,3,.6466084630337878,1,.5148038524370679
157,1,3.003430021756975,0,-.0275657014625598
157,2,1.54755566126707,0,-.0275657014625598
157,3,1.697893234563388,0,-.0275657014625598
158,1,1.370206885469785,1,1.207378808247217
158,2,-.2233382018899684,1,1.207378808247217
158,3,.4211260062543064,1,1.207378808247217
159,1,.2126691170582323,0,-1.266106417483631
159,2,-.8931568382155005,0,-1.266106417483631
159,3,-.0485818038984808,0,-1.266106417483631
160,1,-2.134361836678307,1,-.2111613248734616
160,2,-.0010574294488381,1,-.2111613248734616
160,3,1.294559192356073,1,-.2111613248734616
161,1,2.411158179506692,1,-1.25651999831888
161,2,.9396826616210995,1,-1.25651999831888
161,3,-.3947760058316153,1,-1.25651999831888
162,1,-.9392950679667502,1,.0072880052020676
162,2,.4901233077918524,1,.0072880052020676
162,3,1.26540091530453,1,.0072880052020676
163,1,2.058455582807334,0,1.737344188315619
163,2,4.386398635131553,0,1.737344188315619
163,3,3.448835596198037,0,1.737344188315619
164,1,.9287258198341285,1,2.472557300865877
164,2,-1.373467568947785,1,2.472557300865877
164,3,2.509403132380117,1,2.472557300865877
165,1,-.3576704020947163,0,.5269789270674929
165,2,-1.997056871594204,0,.5269789270674929
165,3,-1.349009027441574,0,.5269789270674929
166,1,-.2887889859948575,1,1.834680213724301
166,2,-.0552402023428276,1,1.834680213724301
166,3,.5711216657833864,1,1.834680213724301
167,1,.9700775628861579,0,1.326928423992809
167,2,-1.293827650970371,0,1.326928423992809
167,3,2.365650734935993,0,1.326928423992809
168,1,-.2418315649984798,0,-.1533021252093225
168,2,-1.587777700864497,0,-.1533021252093225
168,3,1.259491036055068,0,-.1533021252093225
169,1,-1.546360606829599,1,1.125341356373087
169,2,-2.198593114736875,1,1.125341356373087
169,3,-.3730399037666535,1,1.125341356373087
170,1,2.10658719674894,1,.0136153880060895
170,2,.8660804235504823,1,.0136153880060895
170,3,.5655354176688697,1,.0136153880060895
171,1,-1.130364711387144,1,-1.116689780853027
171,2,-.9744377938823217,1,-1.116689780853027
171,3,-3.121869278610582,1,-1.116689780853027
172,1,-.5835358145049868,1,.3214913676238904
172,2,.7469025281637804,1,.3214913676238904
172,3,.265617826135746,1,.3214913676238904
173,1,.9727786026974695,0,-.3668925678061034
173,2,-.3386006387391485,0,-.3668925678061034
173,3,1.607363634711043,0,-.3668925678061034
174,1,-.0903970303611635,0,-.2487109515644178
174,2,.8364555997663743,0,-.2487109515644178
174,3,.7154354845504293,0,-.2487109515644178
175,1,1.362529788819643,1,.5810957988880501
175,2,1.180205956253427,1,.5810957988880501
175,3,.9739976859653959,1,.5810957988880501
176,1,-.1228238443942966,1,-.3645474230908238
176,2,.5846274390656008,1,-.3645474230908238
176,3,2.882976077617584,1,-.3645474230908238
177,1,4.081493567085177,1,.9072234965536338
177,2,1.64840010248136,1,.9072234965536338
177,3,3.141438128558679,1,.9072234965536338
178,1,-.6062625516689429,0,-1.098135138416702
178,2,-2.022505918459071,0,-1.098135138416702
178,3,-.9760080985505565,0,-1.098135138416702
179,1,-2.108277080959372,1,-.3327575736861087
179,2,1.888272981938579,1,-.3327575736861087
179,3,1.378622713505151,1,-.3327575736861087
180,1,-.1730149928210076,1,.9093095166092499
180,2,1.161761650760266,1,.9093095166092499
180,3,-.725846055262006,1,.9093095166092499
181,1,-.8935793083238873,0,-1.126485848560128
181,2,-2.327404963326197,0,-1.126485848560128
181,3,-3.013556872625841,0,-1.126485848560128
182,1,-2.380009602496977,1,-.6729371273869353
182,2,-2.340236205995256,1,-.6729371273869353
182,3,-1.306915582211592,1,-.6729371273869353
183,1,-1.444118692468629,0,.169855434525736
183,2,-.1609062913798276,0,.169855434525736
183,3,-1.993490808396499,0,.169855434525736
184,1,.6565336022804799,1,-.8601472512569993
184,2,1.217779114092074,1,-.8601472512569993
184,3,.9088036775720789,1,-.8601472512569993
185,1,.6747959988351324,1,.135653475107057
185,2,-.3720858198612128,1,.135653475107057
185,3,1.546018346088187,1,.135653475107057
186,1,-2.053166945866297,0,.0061087589529302
186,2,.9552654884293481,0,.0061087589529302
186,3,-2.384293349770954,0,.0061087589529302
187,1,2.067978705902619,0,.9783687555479224
187,2,.7644625460079948,0,.9783687555479224
187,3,.7640984627086485,0,.9783687555479224
188,1,-3.065357860101584,0,-1.228286831039156
188,2,-3.03990902032312,0,-1.228286831039156
188,3,-1.571980069927936,0,-1.228286831039156
189,1,2.485147231641645,1,.7430289585089453
189,2,1.460108403240469,1,.7430289585089453
189,3,1.175351384404253,1,.7430289585089453
190,1,.5703097590280789,0,.3509608508540464
190,2,-2.018611496127508,0,.3509608508540464
190,3,1.707367325043623,0,.3509608508540464
191,1,.1023753460790251,1,1.457100125332683
191,2,-1.883371836681772,1,1.457100125332683
191,3,.8181630021676621,1,1.457100125332683
192,1,.2410373489794096,0,.4137743510432569
192,2,.6028512123235006,0,.4137743510432569
192,3,.2651287880145674,0,.4137743510432569
193,1,-.4806564736861727,0,-.0562837567969355
193,2,.3576629959491578,0,-.0562837567969355
193,3,-.2838636584310533,0,-.0562837567969355
194,1,.0255492824922459,0,.5041602184927541
194,2,-.279426293702171,0,.5041602184927541
194,3,-2.369525659391042,0,.5041602184927541
195,1,.7365962058113918,1,.0459697240489184
195,2,-.5023292208738797,1,.0459697240489184
195,3,2.0330427169437,1,.0459697240489184
196,1,1.010078613601775,1,-1.43046216008169
196,2,.3626199854084873,1,-1.43046216008169
196,3,2.104047917865347,1,-1.43046216008169
197,1,-.708043616567135,0,-.7244296634421779
197,2,-.9614039261768672,0,-.7244296634421779
197,3,.2796518865512452,0,-.7244296634421779
198,1,.4082357941551963,0,-1.487914507264539
198,2,1.775223566813937,0,-1.487914507264539
198,3,.8559925817193161,0,-1.487914507264539
199,1,.0681987424587242,1,-1.311732768237301
199,2,-1.756034668264736,1,-1.311732768237301
199,3,.2450881097223225,1,-1.311732768237301
200,1,-1.4188822453145,0,-.7222320338512171
200,2,-1.263768368397039,0,-.7222320338512171
200,3,.6744237143904815,0,-.7222320338512171
201,1,-.0416582952971342,0,-.7134344338994002
201,2,.7512360691641859,0,-.7134344338994002
201,3,.2204808708923287,0,-.7134344338994002
202,1,-.1691554594585643,1,.5739822720831429
202,2,-.5645734671376826,1,.5739822720831429
202,3,.3002167852745381,1,.5739822720831429
203,1,-.8271551722164812,0,1.106106820859971
203,2,-.5224618318086124,0,1.106106820859971
203,3,-.0112519522218698,0,1.106106820859971
204,1,.4641245689811122,0,.9974980194944667
204,2,1.295147197063662,0,.9974980194944667
204,3,-1.971305344662168,0,.9974980194944667
205,1,-.3194748811860608,1,-.323619534584285
205,2,2.225826529612232,1,-.323619534584285
205,3,1.329818049063428,1,-.323619534584285
206,1,-.3102380237484165,0,-.2473664487272703
206,2,-1.162959804256965,0,-.2473664487272703
206,3,-1.637700012527991,0,-.2473664487272703
207,1,2.905628240239189,1,.1801598232791007
207,2,1.290315554172113,1,.1801598232791007
207,3,2.142098791609768,1,.1801598232791007
208,1,-.6157985192544866,1,-.0377893378700623
208,2,.1918713869564305,1,-.0377893378700623
208,3,1.924495234558714,1,-.0377893378700623
209,1,1.243801079949319,0,-.5795396523608796
209,2,.1959627132813117,0,-.5795396523608796
209,3,1.633639771810943,0,-.5795396523608796
210,1,.708582492571328,1,-.1520272284116322
210,2,-1.477643430941578,1,-.1520272284116322
210,3,-.8555873474883118,1,-.1520272284116322
211,1,.5225404556782663,1,-1.75003734376658
211,2,1.563390962394235,1,-1.75003734376658
211,3,-.0018361974217255,1,-1.75003734376658
212,1,-1.496927994114759,1,1.475520366548885
212,2,-.1241796171440513,1,1.475520366548885
212,3,-.8702182924123655,1,1.475520366548885
213,1,-.5962729538979303,0,-.6935946219821245
213,2,-.2046596274893933,0,-.6935946219821245
213,3,-.9628794589224408,0,-.6935946219821245
214,1,1.39814729107975,1,.04816712557732
214,2,1.170932276917007,1,.04816712557732
214,3,1.82933865621496,1,.04816712557732
215,1,-1.01995947498211,0,-.1053931832317688
215,2,-.5810739568670835,0,-.1053931832317688
215,3,.9969846416297459,0,-.1053931832317688
216,1,2.089058618109271,0,-.8984253443771126
216,2,2.01322529943026,0,-.8984253443771126
216,3,2.371778227175608,0,-.8984253443771126
217,1,-2.323977507689941,1,.4975090996553096
217,2,-1.254736043856096,1,.4975090996553096
217,3,1.406016180227663,1,.4975090996553096
218,1,-.0939661270359384,1,-.256519185258834
218,2,-1.120638863492081,1,-.256519185258834
218,3,-.9226289937581351,1,-.256519185258834
219,1,-.4417296321834278,1,1.235277709145321
219,2,-1.331002485693893,1,1.235277709145321
219,3,.9324481868123329,1,1.235277709145321
220,1,-1.431259702443418,0,-.9663903856757652
220,2,.2298438830165778,0,-.9663903856757652
220,3,1.033858417936876,0,-.9663903856757652
221,1,-1.147454803741782,1,-.9023361596081884
221,2,-1.513411134445049,1,-.9023361596081884
221,3,.404510052543928,1,-.9023361596081884
222,1,.5100966980689193,0,-.6418048956917701
222,2,.0241748219593649,0,-.6418048956917701
222,3,-.3750032663835463,0,-.6418048956917701
223,1,-.9189444011812467,0,-.9376737935542649
223,2,-1.103342846672714,0,-.9376737935542649
223,3,.2169036911459895,0,-.9376737935542649
224,1,-.9209223755216196,0,-1.427485705312442
224,2,-1.156738232695785,0,-1.427485705312442
224,3,.1232371470075406,0,-1.427485705312442
225,1,-.8760507071497843,1,1.740104603607583
225,2,-.4254557063992055,1,1.740104603607583
225,3,.5231200590323634,1,1.740104603607583
226,1,-2.081076461632963,1,-.4716744896628977
226,2,-.0302871290845657,1,-.4716744896628977
226,3,-1.058726741552872,1,-.4716744896628977
227,1,-.394858560146059,1,.1125160606756207
227,2,1.219303821882024,1,.1125160606756207
227,3,1.254721146345744,1,.1125160606756207
228,1,-.8261972975247908,0,-1.09402410777652
228,2,-.320222128369324,0,-1.09402410777652
228,3,-1.031364333511333,0,-1.09402410777652
229,1,-1.880423619901324,1,.3913863284422729
229,2,-1.251147193553309,1,.3913863284422729
229,3,-2.162059997187418,1,.3913863284422729
230,1,-.7316267493020443,0,.9429190586782514
230,2,.227305506220045,0,.9429190586782514
230,3,.1844598996577164,0,.9429190586782514
231,1,.1867474371878008,1,1.556381246379633
231,2,-1.345512535713066,1,1.556381246379633
231,3,-1.022673721717846,1,1.556381246379633
232,1,.3902112641769887,0,-.8771434301992277
232,2,.2324507821037692,0,-.8771434301992277
232,3,.0349892170502754,0,-.8771434301992277
233,1,-.4787063156092854,0,.1030272809426636
233,2,1.539947555359404,0,.1030272809426636
233,3,-1.624217439316353,0,.1030272809426636
234,1,-.7545414073731564,0,-1.08545765788545
234,2,1.73195741025167,0,-1.08545765788545
234,3,.0936953640503115,0,-1.08545765788545
235,1,.1752863385534492,0,.8822498136655265
235,2,.3482267807689187,0,.8822498136655265
235,3,.600861722087445,0,.8822498136655265
236,1,-.7921308914547625,1,-.9959940161826696
236,2,-.7663596410755511,1,-.9959940161826696
236,3,-1.769592986378707,1,-.9959940161826696
237,1,1.468416388976804,1,-.9803002950101085
237,2,2.127573036584269,1,-.9803002950101085
237,3,1.927774337107572,1,-.9803002950101085
238,1,.9636954169225546,1,-.355236861577779
238,2,.6339390798799285,1,-.355236861577779
238,3,.2937331912404056,1,-.355236861577779
239,1,-.9746325483856877,0,.1452468332749227
239,2,.4210905100612499,0,.1452468332749227
239,3,-.7726296816280045,0,.1452468332749227
240,1,.8525553498429552,0,.3358525881825363
240,2,-.68724805591805,0,.3358525881825363
240,3,1.617745369729006,0,.3358525881825363
241,1,-1.962650459905162,1,-.5305194270221103
241,2,-1.891888101335368,1,-.5305194270221103
241,3,-2.152827065389848,1,-.5305194270221103
242,1,-.6070857366484393,1,.4089734113862505
242,2,-.4685083670412825,1,.4089734113862505
242,3,-.5259893199410144,1,.4089734113862505
243,1,1.778399206062834,0,-.7269584856154429
243,2,1.010107641225626,0,-.7269584856154429
243,3,.1255859874787719,0,-.7269584856154429
244,1,-2.665432350336445,0,.7927394693572618
244,2,.6170252914300152,0,.7927394693572618
244,3,-.526056291241935,0,.7927394693572618
245,1,.6849755348704119,0,-1.548621095111078
245,2,2.357369989795128,0,-1.548621095111078
245,3,.9996958517468713,0,-1.548621095111078
246,1,.2791880398246916,0,-1.929357935686415
246,2,1.293924544643559,0,-1.929357935686415
246,3,1.376318570137329,0,-1.929357935686415
247,1,1.383097298606737,0,-1.703702410410616
247,2,1.400772661295851,0,-1.703702410410616
247,3,-.9052709401394117,0,-1.703702410410616
248,1,-.3097599862076282,1,-1.113511829618038
248,2,-2.567118544230881,1,-1.113511829618038
248,3,2.935736365210726,1,-1.113511829618038
249,1,.3696235290067086,1,1.184409988033485
249,2,-.5826850350287323,1,1.184409988033485
249,3,2.144910347034983,1,1.184409988033485
250,1,.3280518943070818,0,-1.688914935875531
250,2,.355283799456148,0,-1.688914935875531
250,3,1.164411153694022,0,-1.688914935875531
251,1,-.8427227994941696,1,.1649354742205089
251,2,-2.048108087005343,1,.1649354742205089
251,3,1.247582738383062,1,.1649354742205089
252,1,-.8662871606140836,1,2.013258436521783
252,2,-.270888721169378,1,2.013258436521783
252,3,-.5844779662744526,1,2.013258436521783
253,1,1.119172993974813,1,1.269247364580923
253,2,-1.270548946495893,1,1.269247364580923
253,3,1.043860259174964,1,1.269247364580923
254,1,-.6723823938017894,1,1.171719321448651
254,2,.9134071557131953,1,1.171719321448651
254,3,.5664888641395699,1,1.171719321448651
255,1,1.631533400674754,0,-.7540582271778951
255,2,.8860482930453338,0,-.7540582271778951
255,3,-.3689897135044157,0,-.7540582271778951
256,1,-2.076138569781916,1,-.2871465339557077
256,2,-1.382615096218681,1,-.2871465339557077
256,3,-.5042346396557604,1,-.2871465339557077
257,1,-.6325595218968789,0,-.6336300962767721
257,2,-.2400742215587615,0,-.6336300962767721
257,3,-1.11243660292853,0,-.6336300962767721
258,1,-.5462088968275757,1,1.151350698148696
258,2,2.051491191967292,1,1.151350698148696
258,3,2.136998393091926,1,1.151350698148696
259,1,-.3654171333610857,0,-.6815410285990497
259,2,1.504624774113054,0,-.6815410285990497
259,3,-.7932393358678639,0,-.6815410285990497
260,1,-.5908777488071228,1,.2375438400738358
260,2,-1.68150620091812,1,.2375438400738358
260,3,-1.072600945714428,1,.2375438400738358
261,1,-1.54723847074606,1,1.041165319293415
261,2,-.4278823861906845,1,1.041165319293415
261,3,-1.865443094188688,1,1.041165319293415
262,1,-1.776814881178987,1,-.5642088093505563
262,2,.5905118697909306,1,-.5642088093505563
262,3,1.175862507549876,1,-.5642088093505563
263,1,-.797080933394881,1,-.4137518129484974
263,2,-1.438818743881855,1,-.4137518129484974
263,3,2.355616927438893,1,-.4137518129484974
264,1,1.470000724240474,0,.7400467592567472
264,2,.0463101087575508,0,.7400467592567472
264,3,-.5794009443988425,0,.7400467592567472
265,1,.0558797025346592,0,-.3671145693872344
265,2,-1.365486733668491,0,-.3671145693872344
265,3,-.0332309552769589,0,-.3671145693872344
266,1,.8562256937030606,1,-.4735815384080868
266,2,.8485004518370947,1,-.4735815384080868
266,3,4.393814326256301,1,-.4735815384080868
267,1,1.093094646606088,1,-.7162265829326372
267,2,1.535056794909867,1,-.7162265829326372
267,3,1.530824663520649,1,-.7162265829326372
268,1,-.5195137797504596,0,1.746443801061939
268,2,-.6761793422772291,0,1.746443801061939
268,3,-.5083926970600731,0,1.746443801061939
269,1,2.208714115305457,1,2.143932969454116
269,2,.033201304731435,1,2.143932969454116
269,3,1.21625091834728,1,2.143932969454116
270,1,.1393025112479429,0,.3260690672910854
270,2,-.3573229318621478,0,.3260690672910854
270,3,.1206099482490193,0,.3260690672910854
271,1,2.403687997787584,0,-1.51041563267028
271,2,-.3823789539132383,0,-1.51041563267028
271,3,1.503999936201174,0,-1.51041563267028
272,1,-1.945547547692313,0,1.234870504204359
272,2,-.4108499758264129,0,1.234870504204359
272,3,1.103882051823115,0,1.234870504204359
273,1,.5014141813019801,0,-1.377937479339275
273,2,2.811570282639908,0,-1.377937479339275
273,3,3.253042724503399,0,-1.377937479339275
274,1,-1.413888701355057,0,.730592836382565
274,2,-.0404041949920952,0,.730592836382565
274,3,-.8484506793294284,0,.730592836382565
275,1,-.1814563018545267,1,1.898880773932887
275,2,-.7477098331396776,1,1.898880773932887
275,3,.4943293316523467,1,1.898880773932887
276,1,-.2224405074313047,1,-.5455275840292833
276,2,1.008560963225824,1,-.5455275840292833
276,3,4.737917868804283,1,-.5455275840292833
277,1,1.26578695711638,0,.8615237162208508
277,2,-.1739155592805411,0,.8615237162208508
277,3,-2.699704507844534,0,.8615237162208508
278,1,.2728044917233837,0,-.8935768508783277
278,2,1.429633728218748,0,-.8935768508783277
278,3,.3332077380106317,0,-.8935768508783277
279,1,-1.724156972675907,1,.5225079681519067
279,2,.0814898444815901,1,.5225079681519067
279,3,-1.861667267597576,1,.5225079681519067
280,1,1.067204728805708,1,.3030451218795027
280,2,.6235417581350597,1,.3030451218795027
280,3,3.56400286664077,1,.3030451218795027
281,1,1.777087489507969,0,.7131050860930415
281,2,1.228527779206147,0,.7131050860930415
281,3,2.314084503417194,0,.7131050860930415
282,1,-.257017654902408,1,1.311038462870162
282,2,1.815321050180689,1,1.311038462870162
282,3,1.149672947045056,1,1.311038462870162
283,1,1.926156687755819,0,-.8499555430166481
283,2,.1871860110505601,0,-.8499555430166481
283,3,1.134444594809173,0,-.8499555430166481
284,1,.5240136599414748,0,-.9047564449448671
284,2,-1.959731461307625,0,-.9047564449448671
284,3,-.9809012024298184,0,-.9047564449448671
285,1,2.185468555545144,1,.0622592318139032
285,2,1.222683471623788,1,.0622592318139032
285,3,.9393220589700568,1,.0622592318139032
286,1,-1.583755083719084,0,-.0272385319586745
286,2,.9759167224328241,0,-.0272385319586745
286,3,.4584645448461517,0,-.0272385319586745
287,1,1.169059740807621,0,-.1949928728435559
287,2,.1035154076517461,0,-.1949928728435559
287,3,-.119373413851715,0,-.1949928728435559
288,1,-.6589514238448965,1,.597228885236186
288,2,-.0550205775753603,1,.597228885236186
288,3,3.162661147619046,1,.597228885236186
289,1,-.8378349956519897,0,-.9656442894387657
289,2,.1107153621300101,0,-.9656442894387657
289,3,.4284384122718934,0,-.9656442894387657
290,1,.2635976010505157,0,.2212927382805602
290,2,.7441455652976532,0,.2212927382805602
290,3,1.723395854523391,0,.2212927382805602
291,1,.6289256364781914,0,-.5712491270838701
291,2,.4914452370099129,0,-.5712491270838701
291,3,-.9361083186231525,0,-.5712491270838701
292,1,.5611646705802783,0,.652674224213794
292,2,-1.199715427814472,0,.652674224213794
292,3,1.70692901111972,0,.652674224213794
293,1,-.4314423458679411,0,.5503173227427504
293,2,.3838229225811182,0,.5503173227427504
293,3,-.0028295450618417,0,.5503173227427504
294,1,-.0166247919615874,1,.2254231184555445
294,2,-.834113550789279,1,.2254231184555445
294,3,.8097130152231629,1,.2254231184555445
295,1,1.752307723687707,1,-.6408584713830237
295,2,1.945406925658108,1,-.6408584713830237
295,3,2.808508118006671,1,-.6408584713830237
296,1,.7028776932255304,0,-.8823370935506605
296,2,1.308005145548144,0,-.8823370935506605
296,3,2.068508365639982,0,-.8823370935506605
297,1,-.8669284867778742,1,1.417942381631445
297,2,.1117169591510162,1,1.417942381631445
297,3,.4154502220826948,1,1.417942381631445
298,1,-2.112103779601139,0,-.2192286726796351
298,2,-1.668678617332402,0,-.2192286726796351
298,3,-2.8442380765139,0,-.2192286726796351
299,1,.6016443581061256,0,1.044983795528889
299,2,2.329887900997206,0,1.044983795528889
299,3,.0478057869943349,0,1.044983795528889
300,1,1.629052003686841,0,.3357669821199895
300,2,.0343337789371012,0,.3357669821199895
300,3,-.3926227064460408,0,.3357669821199895
301,1,.349980807551922,1,-1.435071700114776
301,2,.5778730335967557,1,-1.435071700114776
301,3,.1111509982631024,1,-1.435071700114776
302,1,2.069602228484596,0,-1.334115174525473
302,2,2.881909423281045,0,-1.334115174525473
302,3,1.529540577952377,0,-1.334115174525473
303,1,-.8550396195164551,0,-.1855388335366777
303,2,-2.168993148881253,0,-.1855388335366777
303,3,-.7371030224340116,0,-.1855388335366777
304,1,-.237392007401498,1,.1586356551571523
304,2,-.2772703016559154,1,.1586356551571523
304,3,.7001883279997489,1,.1586356551571523
305,1,-1.326147921899514,1,-.5812509340795964
305,2,1.543602331699863,1,-.5812509340795964
305,3,1.446532329071317,1,-.5812509340795964
306,1,2.403524084242641,0,-1.541001520367474
306,2,2.433494915615864,0,-1.541001520367474
306,3,2.361352159905987,0,-1.541001520367474
307,1,-.8540417654755483,1,.2120735082126756
307,2,.4846570356328192,1,.2120735082126756
307,3,-1.422151338427924,1,.2120735082126756
308,1,-.4347594991366696,1,.2165183706520598
308,2,.0282288674823877,1,.2165183706520598
308,3,2.325577290478353,1,.2165183706520598
309,1,.0112809896209996,1,1.14489032206633
309,2,-.8686967644054038,1,1.14489032206633
309,3,.5274062250553648,1,1.14489032206633
310,1,-1.515832060004875,0,-.4517891174286678
310,2,.1916854511732617,0,-.4517891174286678
310,3,-.4776485513675032,0,-.4517891174286678
311,1,-.7347808834711342,0,-.4706659519344685
311,2,-.5008974523311828,0,-.4706659519344685
311,3,.0705179102442324,0,-.4706659519344685
312,1,-1.056168153600175,1,-.0984844918092646
312,2,2.694362869406158,1,-.0984844918092646
312,3,-.1699884690735749,1,-.0984844918092646
313,1,1.267500776736558,0,1.413065880768035
313,2,2.510261138040543,0,1.413065880768035
313,3,1.745225794917745,0,1.413065880768035
314,1,1.457092068307247,1,-.2570528217889366
314,2,1.778492055667928,1,-.2570528217889366
314,3,1.852783304488035,1,-.2570528217889366
315,1,-1.920626676956111,0,-.2906696019149286
315,2,-1.100470130635717,0,-.2906696019149286
315,3,-.8872654804037479,0,-.2906696019149286
316,1,-1.430860488036983,1,.2836190427878115
316,2,.6913583768661221,1,.2836190427878115
316,3,.8230227069644023,1,.2836190427878115
317,1,-2.936042116846909,1,.3086721546651212
317,2,-2.357913824824168,1,.3086721546651212
317,3,-.4707434018920436,1,.3086721546651212
318,1,.1042440311972252,1,1.679463499954393
318,2,.2268481776310537,1,1.679463499954393
318,3,.4789592537507968,1,1.679463499954393
319,1,.2039014915253097,1,1.053868653750692
319,2,.4366340932031787,1,1.053868653750692
319,3,.9402155988293796,1,1.053868653750692
320,1,-1.52344651325246,0,.7181020733631123
320,2,-1.291516482257594,0,.7181020733631123
320,3,.3172002832803602,0,.7181020733631123
321,1,-1.939508993113264,0,-.567462556078381
321,2,-.322864625451679,0,-.567462556078381
321,3,-2.350155487866173,0,-.567462556078381
322,1,-5.564009650374887,0,-.6725530802714581
322,2,-2.330125948085901,0,-.6725530802714581
322,3,-1.200381568262737,0,-.6725530802714581
323,1,.5887485054911534,1,1.414537383863213
323,2,.4749832860911337,1,1.414537383863213
323,3,.7948706908295442,1,1.414537383863213
324,1,1.328340923469963,0,-1.888276302580094
324,2,1.896269711834737,0,-1.888276302580094
324,3,-.4320682238785327,0,-1.888276302580094
325,1,2.384355414423035,0,.07823021990563
325,2,2.440311045505346,0,.07823021990563
325,3,1.347637502888824,0,.07823021990563
326,1,-1.490586344517804,1,2.707435595192459
326,2,-.2699387813922987,1,2.707435595192459
326,3,.9313496544941156,1,2.707435595192459
327,1,.0491097772050597,0,.9258025487473058
327,2,-1.243893073532617,0,.9258025487473058
327,3,1.002238724691273,0,.9258025487473058
328,1,.2575330949522742,0,.9913207214531609
328,2,.3621120702301787,0,.9913207214531609
328,3,2.570411331583886,0,.9913207214531609
329,1,-.9342038757623633,0,-.2995567730829632
329,2,-2.169024496117803,0,-.2995567730829632
329,3,.0609599650708745,0,-.2995567730829632
330,1,.4743509641492189,0,.8257712861447017
330,2,.0626768348727666,0,.8257712861447017
330,3,1.093385644983111,0,.8257712861447017
331,1,-1.445815954005326,1,-1.382424435065446
331,2,1.238185040871512,1,-1.382424435065446
331,3,1.35957961228396,1,-1.382424435065446
332,1,.0670737529517966,0,1.937034364122247
332,2,-.1528418799220353,0,1.937034364122247
332,3,.3477903487317227,0,1.937034364122247
333,1,.2382191784629952,1,.0057404340458588
333,2,.2841155080910774,1,.0057404340458588
333,3,1.778182765723094,1,.0057404340458588
334,1,2.564530928393389,0,-1.174478582409623
334,2,-.0055578443296956,0,-1.174478582409623
334,3,.74596950719291,0,-1.174478582409623
335,1,-1.155699767155365,1,.4589715748816848
335,2,.506819535711882,1,.4589715748816848
335,3,-.180734136688584,1,.4589715748816848
336,1,-3.104562083614447,1,.2912694766132902
336,2,-.3573293242676925,1,.2912694766132902
336,3,-1.152625770789847,1,.2912694766132902
337,1,-1.285824405371502,1,.9104520617511563
337,2,-.4175986662444027,1,.9104520617511563
337,3,.0664184449468544,1,.9104520617511563
338,1,.0012101256593953,1,-.918348100747463
338,2,-.9529367726243814,1,-.918348100747463
338,3,1.251955248098476,1,-.918348100747463
339,1,1.815780254452589,0,-1.185729199992522
339,2,2.009669136350566,0,-1.185729199992522
339,3,2.142033088983622,0,-1.185729199992522
340,1,.0331958799115373,0,.9160711100412241
340,2,1.332895066180724,0,.9160711100412241
340,3,-.1152514566650334,0,.9160711100412241
341,1,.1605996036819104,1,.6299119775928068
341,2,.8504595885819035,1,.6299119775928068
341,3,-2.40384887576836,1,.6299119775928068
342,1,1.095328803244288,0,-1.871732872470872
342,2,2.884811144717842,0,-1.871732872470872
342,3,.8373081044743113,0,-1.871732872470872
343,1,.1667413435893748,0,-.7540970600136235
343,2,1.745017758441696,0,-.7540970600136235
343,3,.642923030998365,0,-.7540970600136235
344,1,-.0799609204501642,0,-1.80698967820473
344,2,-.4180655022935585,0,-1.80698967820473
344,3,-1.049694618390169,0,-1.80698967820473
345,1,-1.421701804100463,1,.0690265863203977
345,2,.0252532660768581,1,.0690265863203977
345,3,-.4587240251598101,1,.0690265863203977
346,1,-.0331715980460518,1,1.196366232427213
346,2,-.0240221080052325,1,1.196366232427213
346,3,1.874731139906514,1,1.196366232427213
347,1,.0392136440173907,0,-.7613045642227784
347,2,1.240049747275697,0,-.7613045642227784
347,3,1.900095760056779,0,-.7613045642227784
348,1,-3.325387957570352,0,-1.816623890573191
348,2,1.11255538265496,0,-1.816623890573191
348,3,-2.05988351888159,0,-1.816623890573191
349,1,-1.456467651068769,0,-.977789059808434
349,2,-.7743987190064431,0,-.977789059808434
349,3,2.373025763453456,0,-.977789059808434
350,1,-.2220582782185084,0,-1.506137536066162
350,2,-.7697450953452574,0,-1.506137536066162
350,3,-1.096004978011256,0,-1.506137536066162
351,1,1.704513412947061,1,.8301868424553742
351,2,3.115683427848785,1,.8301868424553742
351,3,3.865784997931661,1,.8301868424553742
352,1,1.400011415710529,1,1.072574669713625
352,2,-1.868180536310213,1,1.072574669713625
352,3,-.5098695931936308,1,1.072574669713625
353,1,-1.304402619176061,1,1.037181773477433
353,2,-.5102210627033429,1,1.037181773477433
353,3,.6218535307237727,1,1.037181773477433
354,1,2.188552400514848,0,-.3739668654152442
354,2,-1.033046254351634,0,-.3739668654152442
354,3,2.18838305115897,0,-.3739668654152442
355,1,2.602810838777162,1,1.254445384826741
355,2,-.0465369171823449,1,1.254445384826741
355,3,.2610503308472547,1,1.254445384826741
356,1,2.452744665825653,1,-.8867113149215036
356,2,1.134705450060489,1,-.8867113149215036
356,3,2.620565483171922,1,-.8867113149215036
357,1,-1.179993031223059,0,-.9483915620349793
357,2,-3.14380573002896,0,-.9483915620349793
357,3,-.905823552594667,0,-.9483915620349793
358,1,-.1363800007426852,0,2.129323834393543
358,2,.7928757779705913,0,2.129323834393543
358,3,-.4870908345351589,0,2.129323834393543
359,1,.5720149874692684,0,-.7462449039634279
359,2,-.8974876612094922,0,-.7462449039634279
359,3,.3626136372584685,0,-.7462449039634279
360,1,-.0924718848473499,1,1.018195779581829
360,2,-2.217745424385814,1,1.018195779581829
360,3,-1.088037631892818,1,1.018195779581829
361,1,-1.201090542656413,1,-.1629358257419714
361,2,-2.781010560396092,1,-.1629358257419714
361,3,-.8075221054934224,1,-.1629358257419714
362,1,.6748295212303468,0,1.467006498959764
362,2,.8560576166029681,0,1.467006498959764
362,3,-1.31413265004161,0,1.467006498959764
363,1,-2.135719819940968,0,-.8203013618955297
363,2,-2.057503918234099,0,-.8203013618955297
363,3,-.5262405731118294,0,-.8203013618955297
364,1,2.277028455878711,0,-.4485996580591169
364,2,1.634018792070433,0,-.4485996580591169
364,3,3.035504646074461,0,-.4485996580591169
365,1,2.320392595236751,1,3.138398642095557
365,2,2.52370810255661,1,3.138398642095557
365,3,1.849391786102432,1,3.138398642095557
366,1,.9824796509647094,1,-.1086278479788089
366,2,1.817651261400864,1,-.1086278479788089
366,3,.9917945577062307,1,-.1086278479788089
367,1,-1.485988360273689,0,-.3889316240452428
367,2,2.772345814829529,0,-.3889316240452428
367,3,-.0308839186358998,0,-.3889316240452428
368,1,-2.008615890586703,1,-.9252350673953564
368,2,1.450895967874796,1,-.9252350673953564
368,3,1.120188352920075,1,-.9252350673953564
369,1,.4189823385058211,0,.0132087093724257
369,2,1.115066781139949,0,.0132087093724257
369,3,-.8037393058387845,0,.0132087093724257
370,1,.1088452061335441,1,.8232447284480183
370,2,1.890763790935138,1,.8232447284480183
370,3,3.013384545461546,1,.8232447284480183
371,1,-.5662567718651943,0,-1.161704608714902
371,2,-.3963083586807717,0,-1.161704608714902
371,3,1.30182538371498,0,-1.161704608714902
372,1,-2.333370531232145,0,.9691050498873651
372,2,-2.466649623487063,0,.9691050498873651
372,3,-2.723705783570099,0,.9691050498873651
373,1,.2162884538038025,0,.1507972727887187
373,2,-.7845894436477454,0,.1507972727887187
373,3,-.2517837122719835,0,.1507972727887187
374,1,.8707051722663879,1,-.8414193815341454
374,2,1.104615170489951,1,-.8414193815341454
374,3,1.816390302862206,1,-.8414193815341454
375,1,.1808227516544508,0,1.643596548296761
375,2,.0793417152110654,0,1.643596548296761
375,3,.5823460895032252,0,1.643596548296761
376,1,-1.913879446784749,1,1.380637038690167
376,2,.069958832656186,1,1.380637038690167
376,3,-1.948535840402386,1,1.380637038690167
377,1,.9937989480849195,1,-.9867990976411757
377,2,1.200450152220381,1,-.9867990976411757
377,3,.0113524776731337,1,-.9867990976411757
378,1,1.199263554161651,1,1.439177592397042
378,2,-.8788793365673553,1,1.439177592397042
378,3,.9514702130488027,1,1.439177592397042
379,1,-3.688395763598836,0,-2.069541061451918
379,2,-1.212633477062469,0,-2.069541061451918
379,3,.1495770000951153,0,-2.069541061451918
380,1,3.109939999699441,0,-.4371163229137718
380,2,2.183815483937345,0,-.4371163229137718
380,3,1.777957240400992,0,-.4371163229137718
381,1,.195004210734149,0,.5644673749989305
381,2,-1.138851488476613,0,.5644673749989305
381,3,.502194158322577,0,.5644673749989305
382,1,.4235760540180545,1,.0378129560607236
382,2,1.210592934381776,1,.0378129560607236
382,3,.446673394951818,1,.0378129560607236
383,1,1.035745172848825,1,-.7898540835021924
383,2,.5748328195119395,1,-.7898540835021924
383,3,-1.168594401909655,1,-.7898540835021924
384,1,-.4658928603527094,0,-.4998372638656761
384,2,.3690537877631422,0,-.4998372638656761
384,3,-1.718200273723663,0,-.4998372638656761
385,1,-2.411236495601819,0,-.0107522339281736
385,2,-.9771750986359342,0,-.0107522339281736
385,3,-.3679409804439155,0,-.0107522339281736
386,1,-.1231330198159275,1,.6904461792689979
386,2,-.8770532152674606,1,.6904461792689979
386,3,1.876372698871725,1,.6904461792689979
387,1,.1430502887990117,0,-1.372169613018106
387,2,2.632562320995696,0,-1.372169613018106
387,3,1.117961290172724,0,-1.372169613018106
388,1,.152231930063125,1,.9418881890041463
388,2,.6587135078185924,1,.9418881890041463
388,3,3.116971905780747,1,.9418881890041463
389,1,-.5045814558354879,0,-.0051261867579708
389,2,1.067531795535747,0,-.0051261867579708
389,3,1.133592035911654,0,-.0051261867579708
390,1,-.8777132342269187,0,-.6605741645787016
390,2,1.953896499940789,0,-.6605741645787016
390,3,-.3129812213920347,0,-.6605741645787016
391,1,.3016077744903851,0,.3854730512340092
391,2,-.141190324532513,0,.3854730512340092
391,3,2.36574625010764,0,.3854730512340092
392,1,-2.363107004941591,0,-1.459371574234001
392,2,.4913754416071031,0,-1.459371574234001
392,3,.1240888280992261,0,-1.459371574234001
393,1,.0909029700128323,0,.0754126501688887
393,2,-.9867250992820562,0,.0754126501688887
393,3,-2.301434165890844,0,.0754126501688887
394,1,-.4925039564771001,1,-.8625063808176265
394,2,-.386513349623831,1,-.8625063808176265
394,3,2.092443857070026,1,-.8625063808176265
395,1,.376034255974258,1,.3553694504660397
395,2,-.4099527007136097,1,.3553694504660397
395,3,1.725401688717112,1,.3553694504660397
396,1,-.1313476046430518,0,-1.66436890232306
396,2,.6291288499247334,0,-1.66436890232306
396,3,-.7421718554447551,0,-1.66436890232306
397,1,-.1542130165410237,0,.0374419477897515
397,2,.3229864302463742,0,.0374419477897515
397,3,2.547034663802886,0,.0374419477897515
398,1,1.714240206998992,1,-.5617889662036495
398,2,.7249975921126139,1,-.5617889662036495
398,3,1.584914764622157,1,-.5617889662036495
399,1,-1.984194539010349,1,1.662931292165758
399,2,-1.756697486172948,1,1.662931292165758
399,3,-.0042014250278252,1,1.662931292165758
400,1,1.88484353187044,0,1.006233067077888
400,2,.1375460491458061,0,1.006233067077888
400,3,1.722043766671271,0,1.006233067077888
401,1,1.068440156967489,0,-.3596774952200215
401,2,-.3375817810759347,0,-.3596774952200215
401,3,1.503151841907163,0,-.3596774952200215
402,1,-1.278246520747951,1,.9665177632634633
402,2,.2503424497849715,1,.9665177632634633
402,3,.657021772360483,1,.9665177632634633
403,1,-.6257635385179526,1,1.185040869594097
403,2,-.420763715822675,1,1.185040869594097
403,3,-1.06995916379594,1,1.185040869594097
404,1,.2657509956215585,0,-.106736033598134
404,2,-1.836586987341192,0,-.106736033598134
404,3,-.3945428474095255,0,-.106736033598134
405,1,-.7873523461603447,1,1.076126618583813
405,2,-1.930820029582865,1,1.076126618583813
405,3,-.7817730371026417,1,1.076126618583813
406,1,.688808821950732,0,.5149340868942832
406,2,.8552201895200161,0,.5149340868942832
406,3,-.001395234963678,0,.5149340868942832
407,1,.1131474765211163,0,-.4649737185659293
407,2,1.091768089093333,0,-.4649737185659293
407,3,2.277959204822188,0,-.4649737185659293
408,1,-1.004128797528013,0,.2528331134839887
408,2,.4844670819354436,0,.2528331134839887
408,3,-.5134777263120527,0,.2528331134839887
409,1,-.5167584898607692,1,1.787270724222245
409,2,-.0409354741731183,1,1.787270724222245
409,3,.8040231906497444,1,1.787270724222245
410,1,-.0509933363558308,0,-.4952607152037265
410,2,.0381665711417252,0,-.4952607152037265
410,3,-.1226475336511671,0,-.4952607152037265
411,1,.7021006206265149,1,-.3594880591025599
411,2,-.7697674430407566,1,-.3594880591025599
411,3,1.965650735480535,1,-.3594880591025599
412,1,2.652735420246589,1,-1.032567158490465
412,2,1.06518906075659,1,-1.032567158490465
412,3,1.592180578637759,1,-1.032567158490465
413,1,3.162900015409929,0,-.5008277174026522
413,2,1.498652997930464,0,-.5008277174026522
413,3,.9861217953478311,0,-.5008277174026522
414,1,-.0132896548214452,1,1.720392574040161
414,2,3.103004632729177,1,1.720392574040161
414,3,3.161404522239224,1,1.720392574040161
415,1,-.7897678770587945,0,.6533618416484107
415,2,-.1401796983394272,0,.6533618416484107
415,3,-1.024275179795405,0,.6533618416484107
416,1,-.2010741708231131,1,.0826624993803236
416,2,.0773454178727098,1,.0826624993803236
416,3,.4786751346500325,1,.0826624993803236
417,1,-.8456260340452004,0,.2589785652726938
417,2,-.2035798765239071,0,.2589785652726938
417,3,-2.155473564598571,0,.2589785652726938
418,1,1.904279850721723,0,1.039260923754519
418,2,1.400265066388981,0,1.039260923754519
418,3,1.484394331683732,0,1.039260923754519
419,1,-2.278951984412531,0,.8822861662012925
419,2,-1.340269326076074,0,.8822861662012925
419,3,-1.760958508166935,0,.8822861662012925
420,1,-.2832187522627801,0,-.139610027889172
420,2,-1.528767301711585,0,-.139610027889172
420,3,.6955384276061164,0,-.139610027889172
421,1,.3359257004130714,1,.7995491160166208
421,2,.5604303451933113,1,.7995491160166208
421,3,.5853977842132916,1,.7995491160166208
422,1,-.5408674177319196,0,-.278212756591141
422,2,-1.283463534120123,0,-.278212756591141
422,3,.7773755563793731,0,-.278212756591141
423,1,-.7361432926228559,1,.5183767194537714
423,2,-.6956947252846984,1,.5183767194537714
423,3,.8052211864705889,1,.5183767194537714
424,1,2.575486088815322,1,-1.252018519253787
424,2,-.2810492543248295,1,-1.252018519253787
424,3,1.348870112965888,1,-1.252018519253787
425,1,.0919176764102881,0,-.6384225449232879
425,2,-.1063379847666311,0,-.6384225449232879
425,3,.575329782235511,0,-.6384225449232879
426,1,-.2378758437947989,0,.353336081106206
426,2,-1.355716454491932,0,.353336081106206
426,3,-1.514792480354908,0,.353336081106206
427,1,-.2704093616167932,0,.2601858591434503
427,2,-1.347672368986839,0,.2601858591434503
427,3,-.2258251092059256,0,.2601858591434503
428,1,.2430176415764951,0,.6508336139762704
428,2,.0781804132120716,0,.6508336139762704
428,3,1.332849303194258,0,.6508336139762704
429,1,-1.257822960778522,1,-.7162623129711232
429,2,-1.299836492189187,1,-.7162623129711232
429,3,-2.461755797603138,1,-.7162623129711232
430,1,.5105850342199892,1,.6990575834428072
430,2,1.579001237678636,1,.6990575834428072
430,3,3.377360151260347,1,.6990575834428072
431,1,.3498344339460697,1,.1110568978782926
431,2,-.5002185681129009,1,.1110568978782926
431,3,-.390412934895646,1,.1110568978782926
432,1,.9028670521570767,1,1.196287227873796
432,2,3.25990102174166,1,1.196287227873796
432,3,2.718191230006217,1,1.196287227873796
433,1,-1.046069763771826,1,-.0879386435985779
433,2,.3426280456057886,1,-.0879386435985779
433,3,.8459907634679611,1,-.0879386435985779
434,1,-.5979845758430785,0,-1.3917489574576
434,2,.5591825537566237,0,-1.3917489574576
434,3,.5742374846004458,0,-1.3917489574576
435,1,.9787092936919837,1,-1.282212435884553
435,2,1.256096742931796,1,-1.282212435884553
435,3,1.229439859907121,1,-1.282212435884553
436,1,1.080017973940975,0,.1238116951396016
436,2,-.7295179498791408,0,.1238116951396016
436,3,-.4295385839891231,0,.1238116951396016
437,1,1.444239415722158,1,-.2113753135837347
437,2,.9843557167826451,1,-.2113753135837347
437,3,3.727895420758897,1,-.2113753135837347
438,1,.3026999418708434,0,-.8614856186736274
438,2,2.352217870799857,0,-.8614856186736274
438,3,.0838446252779563,0,-.8614856186736274
439,1,.848160014281844,1,.0090582801863333
439,2,-.4608862919366401,1,.0090582801863333
439,3,2.414281211757751,1,.0090582801863333
440,1,1.094365012973725,0,-.4223876147972428
440,2,1.295175803554658,0,-.4223876147972428
440,3,2.523469225927883,0,-.4223876147972428
441,1,.6690576698149349,1,-.0262442669998032
441,2,.7925115040573013,1,-.0262442669998032
441,3,-1.157874302839281,1,-.0262442669998032
442,1,2.740963017910256,0,.0513073462054785
442,2,2.789603425656477,0,.0513073462054785
442,3,1.118631772428627,0,.0513073462054785
443,1,-.5123587247281784,0,.8520616703200756
443,2,-.143316282147304,0,.8520616703200756
443,3,-.9975895466744729,0,.8520616703200756
444,1,-.3296136139145671,1,.935535966288584
444,2,1.506607244948671,1,.935535966288584
444,3,-.2494557682331627,1,.935535966288584
445,1,1.232272308988417,0,-.1008516505428358
445,2,-.3114439260115527,0,-.1008516505428358
445,3,-.4914767405488197,0,-.1008516505428358
446,1,-2.317750167152062,1,-1.399560478515925
446,2,-1.365878644690825,1,-1.399560478515925
446,3,.7498963336238331,1,-1.399560478515925
447,1,1.336125565344412,0,-.8294828587623444
447,2,.3818476838341628,0,-.8294828587623444
447,3,1.232459230929329,0,-.8294828587623444
448,1,-1.299355044236062,0,-.6800214315819526
448,2,-1.014069844976892,0,-.6800214315819526
448,3,.4785337044614391,0,-.6800214315819526
449,1,1.339912888861664,1,-1.394653801835783
449,2,1.688194826792474,1,-1.394653801835783
449,3,.6277294837147502,1,-1.394653801835783
450,1,-1.181931979732814,1,.8658868847680519
450,2,-2.214979314975461,1,.8658868847680519
450,3,.2380422754335982,1,.8658868847680519
451,1,.6808546996938429,1,-1.117908043953992
451,2,.0303459292404489,1,-1.117908043953992
451,3,1.800715372919307,1,-1.117908043953992
452,1,1.191260904572887,1,.6214350525878078
452,2,1.379152819312264,1,.6214350525878078
452,3,1.038701645987013,1,.6214350525878078
453,1,-.3504382614975547,1,-.8482877287049018
453,2,.5136265657944801,1,-.8482877287049018
453,3,1.916378468353211,1,-.8482877287049018
454,1,2.331842872787484,0,.1804108487322242
454,2,.2374280067472327,0,.1804108487322242
454,3,-.0192813812234791,0,.1804108487322242
455,1,-.9025752000755436,0,-.2766859853020828
455,2,.3046133207556971,0,-.2766859853020828
455,3,-.3185414721799384,0,-.2766859853020828
456,1,2.427318871784919,1,1.662409921639436
456,2,.8087796954666908,1,1.662409921639436
456,3,3.225164967087968,1,1.662409921639436
457,1,-1.505841770413246,1,1.561590430360121
457,2,-.3035102325679652,1,1.561590430360121
457,3,-.0018194946414731,1,1.561590430360121
458,1,1.285406469820211,1,.551218434819911
458,2,.2591727823797456,1,.551218434819911
458,3,2.03057929044579,1,.551218434819911
459,1,1.620993380707046,1,-.4801627476841025
459,2,.6053047962450706,1,-.4801627476841025
459,3,1.674462916483142,1,-.4801627476841025
460,1,-.7332176645964728,0,-.9409427306662359
460,2,-2.479827263782898,0,-.9409427306662359
460,3,.9652729748642881,0,-.9409427306662359
461,1,.1193123453755925,1,1.317901452504288
461,2,.2653411032565593,1,1.317901452504288
461,3,1.94013057896939,1,1.317901452504288
462,1,-.5790488735638795,1,-.1059451894417007
462,2,.721194512757412,1,-.1059451894417007
462,3,.3237444490258076,1,-.1059451894417007
463,1,-.4489405385602092,0,-.3316286625623013
463,2,-1.348955176067181,0,-.3316286625623013
463,3,1.565512866696612,0,-.3316286625623013
464,1,1.838129384731331,0,-.5273229614523713
464,2,.4569716785517269,0,-.5273229614523713
464,3,.5756869316211548,0,-.5273229614523713
465,1,-1.593941316482717,0,.4714651036707026
465,2,.1879814649075489,0,.4714651036707026
465,3,.1194064116351903,0,.4714651036707026
466,1,.0127583777047964,1,1.26147212453146
466,2,-.4824564623039813,1,1.26147212453146
466,3,-2.538702659877773,1,1.26147212453146
467,1,.8245936023600819,1,-1.525536293048166
467,2,-.7895406573147881,1,-1.525536293048166
467,3,2.175958804019809,1,-1.525536293048166
468,1,1.119916514601111,1,.0404445711749446
468,2,2.918342987044172,1,.0404445711749446
468,3,3.905577360795367,1,.0404445711749446
469,1,1.254199661676161,0,-1.373323463769492
469,2,-.1835319094973487,0,-1.373323463769492
469,3,1.651854262954616,0,-1.373323463769492
470,1,2.664181970193207,0,.5996810593586523
470,2,1.762480889129773,0,.5996810593586523
470,3,2.226537961100798,0,.5996810593586523
471,1,-.2677707643334636,0,-2.256498384678422
471,2,.0086422113387341,0,-2.256498384678422
471,3,-.8800178188074601,0,-2.256498384678422
472,1,.1894241406000913,1,-1.217770516346636
472,2,.560582498628633,1,-1.217770516346636
472,3,1.941755332560237,1,-1.217770516346636
473,1,-4.461365337316464,0,.29900421832463
473,2,-2.687925905355158,0,.29900421832463
473,3,-4.04967541119987,0,.29900421832463
474,1,-2.099307347653163,0,-.5976995269921741
474,2,-1.608242353882403,0,-.5976995269921741
474,3,.1481892384931339,0,-.5976995269921741
475,1,-2.141361864688903,0,-1.008450610317565
475,2,-1.837828670439901,0,-1.008450610317565
475,3,-.1035177886669877,0,-1.008450610317565
476,1,.8947073196525038,1,.3114402784103866
476,2,.3438325461464804,1,.3114402784103866
476,3,3.195915967032519,1,.3114402784103866
477,1,1.357525602032771,1,-.3369273434497813
477,2,.9453476618926757,1,-.3369273434497813
477,3,1.852228557797881,1,-.3369273434497813
478,1,2.861444165665913,0,-.5366717772350545
478,2,.2981034425395808,0,-.5366717772350545
478,3,1.010971934188892,0,-.5366717772350545
479,1,-.8866609695130615,0,-1.926302006455682
479,2,-2.55893722776288,0,-1.926302006455682
479,3,.461381286033238,0,-1.926302006455682
480,1,2.591542054142635,1,.8385668160125433
480,2,.3807509239283439,1,.8385668160125433
480,3,2.659479237259667,1,.8385668160125433
481,1,-1.45297795742871,1,1.415456568985982
481,2,-2.253276676225985,1,1.415456568985982
481,3,1.318393778939221,1,1.415456568985982
482,1,1.185958136256549,0,-.8288018297066841
482,2,1.71498880722578,0,-.8288018297066841
482,3,-.1546403825464479,0,-.8288018297066841
483,1,-1.415369364398739,0,-.8841530022416965
483,2,-1.694701328022079,0,-.8841530022416965
483,3,-1.892812888396483,0,-.8841530022416965
484,1,1.140144925335119,0,1.444014902068553
484,2,.4524396810850109,0,1.444014902068553
484,3,-.6112111517106609,0,1.444014902068553
485,1,.2702199461988404,0,.008667766658555
485,2,-1.914231410817629,0,.008667766658555
485,3,.5569163008970205,0,.008667766658555
486,1,1.662027016414844,0,-.603729600048921
486,2,-.2733717041687218,0,-.603729600048921
486,3,-.2410796255626552,0,-.603729600048921
487,1,-1.72476586712188,0,-.7514716904586052
487,2,-.0749750787648734,0,-.7514716904586052
487,3,-1.532723346994393,0,-.7514716904586052
488,1,.2133472969578883,1,.6684467525451169
488,2,-.5676934471507423,1,.6684467525451169
488,3,.4591155228760392,1,.6684467525451169
489,1,-.5207975300998541,1,-.3365256268885603
489,2,-1.061719824018266,1,-.3365256268885603
489,3,1.110523941895569,1,-.3365256268885603
490,1,2.42258994109278,0,1.558976142951762
490,2,2.873377521194099,0,1.558976142951762
490,3,.6864053029501236,0,1.558976142951762
491,1,-2.751655773077315,0,.4054067243066954
491,2,-.2858664695216141,0,.4054067243066954
491,3,.2585310326153961,0,.4054067243066954
492,1,.0525748053056221,1,-1.525439660615252
492,2,.7678868782477855,1,-1.525439660615252
492,3,2.018788632956595,1,-1.525439660615252
493,1,-1.863528319747638,1,.2093095154465824
493,2,-.8879930884120764,1,.2093095154465824
493,3,2.772548996578303,1,.2093095154465824
494,1,.2959921187747511,1,-.4125881821163501
494,2,.2399158871828798,1,-.4125881821163501
494,3,1.758614510052465,1,-.4125881821163501
495,1,-.1759546765353897,1,.2805017794060057
495,2,1.46608284099336,1,.2805017794060057
495,3,1.203483336124226,1,.2805017794060057
496,1,-.3755306720113499,1,-.8376142753301715
496,2,-.9331838775469444,1,-.8376142753301715
496,3,.5924376973645191,1,-.8376142753301715
497,1,.6410219527606189,1,.5857816393031089
497,2,-2.145170532956244,1,.5857816393031089
497,3,.9593632323644924,1,.5857816393031089
498,1,-.6075199519671335,1,.4053566483792819
498,2,-.9909094350521124,1,.4053566483792819
498,3,.7996860460498126,1,.4053566483792819
499,1,-1.373094052439695,0,.555508376617793
499,2,-.418347090211879,0,.555508376617793
499,3,.3705763526927285,0,.555508376617793
500,1,1.302496339747266,1,.6396025418999981
500,2,3.528224029211362,1,.6396025418999981
500,3,5.540192864850675,1,.6396025418999981
501,1,-3.266947090580171,0,-1.104136553550612
501,2,-1.474075755464023,0,-1.104136553550612
501,3,1.471537441584495,0,-1.104136553550612
502,1,.499856926859955,1,-.650382159399176
502,2,2.125847003361435,1,-.650382159399176
502,3,2.162840928280684,1,-.650382159399176
503,1,.5205015772395518,1,.5287738400973374
503,2,.3052703676362733,1,.5287738400973374
503,3,-1.025989807473244,1,.5287738400973374
504,1,1.905318093810344,0,.45107974407375
504,2,2.176017018632197,0,.45107974407375
504,3,3.364075197589734,0,.45107974407375
505,1,-3.23194577792607,0,-1.985354903917264
505,2,-2.104853633503316,0,-1.985354903917264
505,3,-.3542528268253695,0,-1.985354903917264
506,1,.4739690469196287,1,1.088509849133261
506,2,1.570283752089298,1,1.088509849133261
506,3,3.364370135344524,1,1.088509849133261
507,1,.0717475631296429,1,.7118972956063055
507,2,1.253882221858351,1,.7118972956063055
507,3,1.29103298717625,1,.7118972956063055
508,1,1.616985248445889,1,-.3811516112840572
508,2,.8463518397886747,1,-.3811516112840572
508,3,.9453331316517471,1,-.3811516112840572
509,1,-1.186426254643199,0,-2.489076128399064
509,2,-.3742944420771215,0,-2.489076128399064
509,3,-.9306675480252833,0,-2.489076128399064
510,1,.9473891366059867,0,.8865750609153313
510,2,1.768836169315385,0,.8865750609153313
510,3,.4676373143820789,0,.8865750609153313
511,1,.1564559150650311,1,-1.42255907083659
511,2,.676550765742602,1,-1.42255907083659
511,3,2.553317011796043,1,-1.42255907083659
512,1,.6566628312467057,0,-.264980538586427
512,2,.9224054246666858,0,-.264980538586427
512,3,1.341126992703147,0,-.264980538586427
513,1,-1.302944176909943,1,1.022796276167631
513,2,.4519406536569627,1,1.022796276167631
513,3,.9223858320376148,1,1.022796276167631
514,1,-2.101648462872391,1,.4543396964881643
514,2,-2.303510248804928,1,.4543396964881643
514,3,.5624388862996977,1,.4543396964881643
515,1,.1178665488575033,0,.2618146273923193
515,2,-.5970851382763331,0,.2618146273923193
515,3,-1.183139060825946,0,.2618146273923193
516,1,.835158299182616,1,1.166035901141865
516,2,1.587288468604785,1,1.166035901141865
516,3,.4082348932230717,1,1.166035901141865
517,1,.301054442791506,0,.2787703630196738
517,2,.7198332386647082,0,.2787703630196738
517,3,1.171387117789392,0,.2787703630196738
518,1,.1489244717228547,1,-1.33629433796559
518,2,-.3118976443608212,1,-1.33629433796559
518,3,-1.1219191066252,1,-1.33629433796559
519,1,-.2896011161461822,1,.7322739696971217
519,2,-.9343626990303074,1,.7322739696971217
519,3,2.256735825558128,1,.7322739696971217
520,1,-1.310055322532814,1,.788504360621372
520,2,-3.41899608732319,1,.788504360621372
520,3,-1.400633787109366,1,.788504360621372
521,1,-1.687702801053039,0,-.1719941820468195
521,2,-1.984865732090213,0,-.1719941820468195
521,3,-.4946804975513193,0,-.1719941820468195
522,1,.1567034115439468,1,-.960476996900672
522,2,.301625010789879,1,-.960476996900672
522,3,.8017719265202268,1,-.960476996900672
523,1,-1.172589063591744,0,-.8898141263226713
523,2,-3.069658244431321,0,-.8898141263226713
523,3,-2.796568612261024,0,-.8898141263226713
524,1,.0232468866641755,0,.8608882694968414
524,2,.0249650081987284,0,.8608882694968414
524,3,-.5679553371184827,0,.8608882694968414
525,1,-1.381559085608321,0,-1.874570736267883
525,2,1.88960207501607,0,-1.874570736267883
525,3,2.138827122809076,0,-1.874570736267883
526,1,-.3473299482958848,1,-.6413676501287935
526,2,-.7387116907710687,1,-.6413676501287935
526,3,.3958117092587386,1,-.6413676501287935
527,1,1.096072707690828,1,1.085173403934027
527,2,2.347673168645755,1,1.085173403934027
527,3,2.520505561408909,1,1.085173403934027
528,1,-.2139869165539293,0,-.9317034615952328
528,2,-1.755242422905055,0,-.9317034615952328
528,3,-1.043926675079749,0,-.9317034615952328
529,1,-.645093902157559,0,-1.196029089323398
529,2,1.304950016473504,0,-1.196029089323398
529,3,4.956247965550668,0,-1.196029089323398
530,1,-1.28097311475365,1,.4798039717169395
530,2,-.6280782730021135,1,.4798039717169395
530,3,2.18978684377634,1,.4798039717169395
531,1,.7697451719981239,1,-.4637610883816132
531,2,-.671272814789613,1,-.4637610883816132
531,3,2.576202816949484,1,-.4637610883816132
532,1,-3.782908812908588,0,-.2309478424008209
532,2,-2.423458924612917,0,-.2309478424008209
532,3,-1.713938804181982,0,-.2309478424008209
533,1,2.181281977987262,0,-.4730441865794978
533,2,-.0228275242186739,0,-.4730441865794978
533,3,1.056474277289245,0,-.4730441865794978
534,1,-.9604955592937439,1,.1356840320969495
534,2,-.6551580773364047,1,.1356840320969495
534,3,1.928111158790594,1,.1356840320969495
535,1,-2.289944286657472,1,.1823453146791479
535,2,.3817661092961125,1,.1823453146791479
535,3,2.124273664944845,1,.1823453146791479
536,1,-1.591100954575109,1,-.1532837481950369
536,2,-3.565741349457495,1,-.1532837481950369
536,3,-2.444534558731257,1,-.1532837481950369
537,1,-1.311251535770791,0,-.3841494203554829
537,2,-.993540708827938,0,-.3841494203554829
537,3,-.0476108023999651,0,-.3841494203554829
538,1,-.3914115201173786,1,1.174886834618186
538,2,.35536463722877,1,1.174886834618186
538,3,1.236495741673163,1,1.174886834618186
539,1,-.7786159247800356,0,.5384065924369426
539,2,-2.11853129982086,0,.5384065924369426
539,3,.7727430839633145,0,.5384065924369426
540,1,-2.499237068170371,0,.3886188480491369
540,2,-.4682265879875953,0,.3886188480491369
540,3,-.5893790756456494,0,.3886188480491369
541,1,-.8008055668579895,0,-2.388787090405269
541,2,-1.04448559148147,0,-2.388787090405269
541,3,-1.103891503301546,0,-2.388787090405269
542,1,-.3179932440417865,1,-.2784567494495604
542,2,1.962197183583241,1,-.2784567494495604
542,3,3.459491073987023,1,-.2784567494495604
543,1,1.029841125744049,0,.2502036336749711
543,2,1.408491669265189,0,.2502036336749711
543,3,3.649017653204365,0,.2502036336749711
544,1,.8058520046427342,1,.6747212739575235
544,2,1.671578954090751,1,.6747212739575235
544,3,1.092952689177032,1,.6747212739575235
545,1,.3039107069949076,0,-.4467400919005168
545,2,3.346062630710843,0,-.4467400919005168
545,3,-1.539679346088581,0,-.4467400919005168
546,1,-1.73674099600944,1,-.1695651527289376
546,2,-3.984496829554165,1,-.1695651527289376
546,3,-2.506353711448509,1,-.1695651527289376
547,1,1.0588644412017,1,.2708696466543702
547,2,1.447689991056183,1,.2708696466543702
547,3,2.167457589408419,1,.2708696466543702
548,1,2.811393500970245,1,.6923933670904089
548,2,1.257810096416375,1,.6923933670904089
548,3,2.375093691621196,1,.6923933670904089
549,1,.3966717160674785,1,.1820129311407762
549,2,2.529633567292833,1,.1820129311407762
549,3,1.851827040890668,1,.1820129311407762
550,1,1.257409213211751,1,-.0136721078658858
550,2,.6906728642934985,1,-.0136721078658858
550,3,-.8301147393991757,1,-.0136721078658858
551,1,.3590652491367808,0,.6021639046432176
551,2,2.845005693467173,0,.6021639046432176
551,3,1.036229502162996,0,.6021639046432176
552,1,.621395348159411,1,1.692259537545395
552,2,-.0669800433552978,1,1.692259537545395
552,3,.5983928212585879,1,1.692259537545395
553,1,.5620602720571731,1,-.1947899064398957
553,2,1.238131633593309,1,-.1947899064398957
553,3,-.4021699956806243,1,-.1947899064398957
554,1,.3978701130310223,0,1.086052621030354
554,2,1.396199598115623,0,1.086052621030354
554,3,1.793390671766414,0,1.086052621030354
555,1,1.010687895793132,0,.6082059997767928
555,2,1.547766393783182,0,.6082059997767928
555,3,2.137807763651916,0,.6082059997767928
556,1,-.111693220381342,0,1.152948141219503
556,2,.7049677647430025,0,1.152948141219503
556,3,2.240479455775671,0,1.152948141219503
557,1,3.261675326252377,0,-.856433075976837
557,2,3.354168687893003,0,-.856433075976837
557,3,3.198207874608168,0,-.856433075976837
558,1,-2.39209474532578,0,-.4003913710315349
558,2,-1.706752882713331,0,-.4003913710315349
558,3,-.7344928010104408,0,-.4003913710315349
559,1,.8461678076581538,1,.3274899282923503
559,2,.2204282095434587,1,.3274899282923503
559,3,1.409698739341505,1,.3274899282923503
560,1,.3132059954411985,1,.2050853462037794
560,2,2.41605706923681,1,.2050853462037794
560,3,2.171629637609619,1,.2050853462037794
561,1,-.441110244125397,0,-.106571433460361
561,2,-.0478784482001176,0,-.106571433460361
561,3,1.476746832593051,0,-.106571433460361
562,1,-.7395825752904988,1,-.09282661920254
562,2,-1.645634367668884,1,-.09282661920254
562,3,-1.213245313394448,1,-.09282661920254
563,1,-.05894444263508,0,-.0639380397989579
563,2,1.270582791079833,0,-.0639380397989579
563,3,1.449763718807852,0,-.0639380397989579
564,1,-1.029383088768703,0,-.7198537024773843
564,2,1.443916380962578,0,-.7198537024773843
564,3,.3503776946871034,0,-.7198537024773843
565,1,1.703467703675731,1,1.284437641986613
565,2,2.817502210444558,1,1.284437641986613
565,3,.8869055449733316,1,1.284437641986613
566,1,-2.114360593868149,1,-.5099747244717748
566,2,-1.54509328367229,1,-.5099747244717748
566,3,.0846616162664735,1,-.5099747244717748
567,1,.2922175053521293,0,-.6778284158812017
567,2,-.1571810163448444,0,-.6778284158812017
567,3,1.047407428086455,0,-.6778284158812017
568,1,-1.052993947623534,0,-.0701331159983571
568,2,2.045749460016709,0,-.0701331159983571
568,3,.5728528913479077,0,-.0701331159983571
569,1,-.4465308735623033,0,1.117604966016267
569,2,-.6625542921920757,0,1.117604966016267
569,3,2.385962717036437,0,1.117604966016267
570,1,-1.987329201751992,1,.3977412452706378
570,2,-1.678965595920065,1,.3977412452706378
570,3,-1.923555293899507,1,.3977412452706378
571,1,-.5058626160890377,0,.0029016724797444
571,2,.2753013965697411,0,.0029016724797444
571,3,1.732524015948247,0,.0029016724797444
572,1,-.8351354124103595,0,1.338596805518401
572,2,-.1619632741480947,0,1.338596805518401
572,3,1.064179657158504,0,1.338596805518401
573,1,-.3890630667489165,1,-.791356017704524
573,2,1.126652383086146,1,-.791356017704524
573,3,.5210796785144752,1,-.791356017704524
574,1,.1545329584132358,0,-.409147795461021
574,2,-.4068794949168932,0,-.409147795461021
574,3,-.8233600610302606,0,-.409147795461021
575,1,-2.165004637115665,0,-.8109055119721319
575,2,1.390150660506844,0,-.8109055119721319
575,3,-1.218547733469288,0,-.8109055119721319
576,1,1.222743602088206,0,-1.07498508903709
576,2,1.658211342979398,0,-1.07498508903709
576,3,1.238810254394042,0,-1.07498508903709
577,1,-1.549592453029992,1,1.087978829763111
577,2,-1.725907691732416,1,1.087978829763111
577,3,1.992087667018881,1,1.087978829763111
578,1,-1.615026988080309,0,.800738712228921
578,2,.8129910424715803,0,.800738712228921
578,3,2.181897843186804,0,.800738712228921
579,1,-1.343325194050159,1,-.0349867308021154
579,2,-.7068841858687336,1,-.0349867308021154
579,3,.6505712258305533,1,-.0349867308021154
580,1,1.878716856344744,1,1.183661870438545
580,2,1.897726141591345,1,1.183661870438545
580,3,3.582534274268246,1,1.183661870438545
581,1,-.0874886275191329,0,.1179750318470793
581,2,.6040679388609405,0,.1179750318470793
581,3,-.1760550551471982,0,.1179750318470793
582,1,-.7361813366088723,0,.6982955958220068
582,2,-1.428514021680596,0,.6982955958220068
582,3,.8487275034226202,0,.6982955958220068
583,1,-.7698042038960176,0,-.5841191325185505
583,2,-.0937496927035871,0,-.5841191325185505
583,3,.1119578135338111,0,-.5841191325185505
584,1,-.0449966791368459,1,.9112258782134288
584,2,.9010198746765135,1,.9112258782134288
584,3,2.177379222916084,1,.9112258782134288
585,1,-1.305504823634829,0,-.2939396053404469
585,2,-.3780822117672757,0,-.2939396053404469
585,3,.9867155863476149,0,-.2939396053404469
586,1,-.8061790714093591,0,-.4861814507755793
586,2,-.3286264910588235,0,-.4861814507755793
586,3,-.1191102277590611,0,-.4861814507755793
587,1,.6174521148444202,0,-.3783215681021062
587,2,.9826771398550074,0,-.3783215681021062
587,3,.2920471445287766,0,-.3783215681021062
588,1,.1268103298233542,1,.284879619314989
588,2,1.950885075107489,1,.284879619314989
588,3,1.541747040914153,1,.284879619314989
589,1,1.761019611533763,1,-1.073794660819339
589,2,.3358857196695633,1,-1.073794660819339
589,3,1.465198556071908,1,-1.073794660819339
590,1,.3604369909021771,1,1.354123601661798
590,2,2.546517295791277,1,1.354123601661798
590,3,3.663033193966479,1,1.354123601661798
591,1,-2.016997640660436,1,.0918630902937973
591,2,.0654700268224755,1,.0918630902937973
591,3,.916744489995272,1,.0918630902937973
592,1,.1133323854718817,1,-.9014997347364062
592,2,-.3622627826518925,1,-.9014997347364062
592,3,2.314791372492655,1,-.9014997347364062
593,1,.4767564537915771,0,1.338478696106641
593,2,.6321227974230594,0,1.338478696106641
593,3,1.105913915516603,0,1.338478696106641
594,1,-1.303226922810477,0,-.3986609576202573
594,2,-.8324838823417047,0,-.3986609576202573
594,3,-2.155195050315049,0,-.3986609576202573
595,1,.9859704581321251,1,-.562094791505623
595,2,.3942895285199722,1,-.562094791505623
595,3,1.006264021998187,1,-.562094791505623
596,1,.4063645363063052,0,-.5463513599221979
596,2,.5614092070018861,0,-.5463513599221979
596,3,-.0281780288925309,0,-.5463513599221979
597,1,1.347236093461688,0,.17668096188933
597,2,.5359011043329235,0,.17668096188933
597,3,.6905056438166273,0,.17668096188933
598,1,-1.881190810428936,1,-.11670615963424
598,2,-.2482435525529115,1,-.11670615963424
598,3,-.872435522499179,1,-.11670615963424
599,1,1.241292846201797,0,-1.440734726503459
599,2,.2358650681183496,0,-1.440734726503459
599,3,.0032125259558854,0,-1.440734726503459
600,1,-.8379239005842573,0,-.324832467152767
600,2,.3945530732763922,0,-.324832467152767
600,3,-.2715062587801551,0,-.324832467152767
601,1,-.5381209519845956,1,-.6535868645577869
601,2,-.6492929681266432,1,-.6535868645577869
601,3,-.459394790258277,1,-.6535868645577869
602,1,-.5845023331015307,1,.6491522049546748
602,2,-1.30912860551824,1,.6491522049546748
602,3,-1.043299728551331,1,.6491522049546748
603,1,-.0327107914292836,0,.1714859044031118
603,2,2.629958553470008,0,.1714859044031118
603,3,.7984908641700019,0,.1714859044031118
604,1,1.914291525071795,0,-1.172563929843591
604,2,.2064389383410481,0,-1.172563929843591
604,3,2.62049120567714,0,-1.172563929843591
605,1,.6241335937850754,1,-1.109479465154301
605,2,-2.913699767918577,1,-1.109479465154301
605,3,.469498901018005,1,-1.109479465154301
606,1,-.1333631644297937,0,-.2673441460212958
606,2,1.211384826842454,0,-.2673441460212958
606,3,-.1655213317607516,0,-.2673441460212958
607,1,1.08533896160228,1,1.969110850213751
607,2,1.9208039246803,1,1.969110850213751
607,3,.604753856757842,1,1.969110850213751
608,1,.8866621452175516,1,-.8540426439160852
608,2,1.404673673348045,1,-.8540426439160852
608,3,1.785001178611634,1,-.8540426439160852
609,1,2.41584352708833,0,.8601353938078754
609,2,1.776695884704879,0,.8601353938078754
609,3,2.050901431969435,0,.8601353938078754
610,1,-.4156687915826036,1,-.1405234401538227
610,2,-.4442287062843379,1,-.1405234401538227
610,3,2.01689641822931,1,-.1405234401538227
611,1,.760955853660786,0,-.6255920781550788
611,2,1.207811436162849,0,-.6255920781550788
611,3,.6444656662704014,0,-.6255920781550788
612,1,-1.568606097825197,1,-.5402255068934078
612,2,.3343430056854879,1,-.5402255068934078
612,3,-.063708695844733,1,-.5402255068934078
613,1,1.052179718177894,1,-.2726399986148145
613,2,2.41319905628469,1,-.2726399986148145
613,3,3.371630458717708,1,-.2726399986148145
614,1,-1.125137932351171,0,-.0568123332301709
614,2,-.9612366718050318,0,-.0568123332301709
614,3,.7770076049533591,0,-.0568123332301709
615,1,-1.450468085023344,1,1.667312038771376
615,2,.3100753729897131,1,1.667312038771376
615,3,-.6000761690298302,1,1.667312038771376
616,1,-.9058914629049921,1,-.7025351484742779
616,2,-.8161139892833917,1,-.7025351484742779
616,3,1.284587775116531,1,-.7025351484742779
617,1,1.041605060771548,1,.2163107144331346
617,2,-.5380941696929331,1,.2163107144331346
617,3,-.923919349678396,1,.2163107144331346
618,1,.6585934079536213,1,.4265584002255112
618,2,-.4648863498258129,1,.4265584002255112
618,3,2.456701797156008,1,.4265584002255112
619,1,-1.051785328787467,1,1.794984750672399
619,2,-2.777163735320881,1,1.794984750672399
619,3,-2.15331642561957,1,1.794984750672399
620,1,-2.040332114346469,0,.7327454406241951
620,2,.013767381013091,0,.7327454406241951
620,3,.5800921149275547,0,.7327454406241951
621,1,3.115813100132122,0,-1.044310456498614
621,2,.9711571207025564,0,-1.044310456498614
621,3,1.25970329948891,0,-1.044310456498614
622,1,-1.826749889494697,0,.2538338638886434
622,2,-.0053181027890405,0,.2538338638886434
622,3,.4124069376450591,0,.2538338638886434
623,1,-2.386692088690964,0,.688491030796988
623,2,-3.47274794145558,0,.688491030796988
623,3,-.7315029014034116,0,.688491030796988
624,1,-.3412875398146717,1,-.4651834145679929
624,2,1.553821410703061,1,-.4651834145679929
624,3,1.524459101201919,1,-.4651834145679929
625,1,.4768424711563165,1,1.356084398871472
625,2,.1452740936014101,1,1.356084398871472
625,3,.4155616807778927,1,1.356084398871472
626,1,.8414424975390541,1,-.0320045665718326
626,2,.8054934990341731,1,-.0320045665718326
626,3,1.952762948666106,1,-.0320045665718326
627,1,1.410046089705375,1,.574488402807225
627,2,2.273799810074375,1,.574488402807225
627,3,1.183904002076968,1,.574488402807225
628,1,-.7605750014750301,1,-.9850896958259532
628,2,-.1691581180578303,1,-.9850896958259532
628,3,-2.95705017887697,1,-.9850896958259532
629,1,1.217901744555838,1,-.6830853898577258
629,2,2.41298936265943,1,-.6830853898577258
629,3,2.420234905269486,1,-.6830853898577258
630,1,-.1342544627925053,1,1.231790768622901
630,2,-.4584263758620157,1,1.231790768622901
630,3,-.6668666684868902,1,1.231790768622901
631,1,.8112521775920163,1,.378869351663779
631,2,.195570693266085,1,.378869351663779
631,3,1.371100953526769,1,.378869351663779
632,1,-2.456883519361782,0,.3238911112161195
632,2,-.5537452400785643,0,.3238911112161195
632,3,-.6284973934192165,0,.3238911112161195
633,1,.3749313418260415,1,.5755072538939532
633,2,-.2701223942487847,1,.5755072538939532
633,3,2.357241584632154,1,.5755072538939532
634,1,-.796767038930787,1,1.368648880197822
634,2,1.345644345300879,1,1.368648880197822
634,3,1.692765928305601,1,1.368648880197822
635,1,-1.411216728688254,0,-1.388967254958888
635,2,-2.176149026551794,0,-1.388967254958888
635,3,-1.382376251632021,0,-1.388967254958888
636,1,1.686774266155923,0,-.0479884495489988
636,2,1.776846760285798,0,-.0479884495489988
636,3,1.788955008167826,0,-.0479884495489988
637,1,-2.099403217959943,0,-1.979730598656605
637,2,-2.503906197672724,0,-1.979730598656605
637,3,-.8436939983826587,0,-1.979730598656605
638,1,1.459818936465541,1,1.414655972781341
638,2,.7848836965752402,1,1.414655972781341
638,3,1.463898442772612,1,1.414655972781341
639,1,2.735695551087137,1,.0627522281203347
639,2,1.064517517177773,1,.0627522281203347
639,3,.6460940443899711,1,.0627522281203347
640,1,-.9275789850018253,0,-.1825441095102873
640,2,.3758963146671551,0,-.1825441095102873
640,3,.4765028607162194,0,-.1825441095102873
641,1,-.9734694491521018,1,-.2224213087493374
641,2,.4066852378358401,1,-.2224213087493374
641,3,-.4324947873586376,1,-.2224213087493374
642,1,-.186209794922325,0,-.5655950759897448
642,2,-.0281088665839561,0,-.5655950759897448
642,3,1.138645680909508,0,-.5655950759897448
643,1,.4628817463311101,1,-1.167711365826781
643,2,1.710150991998435,1,-1.167711365826781
643,3,2.667101400268958,1,-1.167711365826781
644,1,.1632915028629982,0,1.018336940701066
644,2,1.092750277921679,0,1.018336940701066
644,3,2.795793820022175,0,1.018336940701066
645,1,.0873530944132878,0,-.2128682140185824
645,2,.9964090909348672,0,-.2128682140185824
645,3,.4076504138342986,0,-.2128682140185824
646,1,1.764504801064703,1,1.222306999365745
646,2,1.483055783053368,1,1.222306999365745
646,3,4.19805373004193,1,1.222306999365745
647,1,1.265254617225687,1,.0141260232257778
647,2,-.8200388035469209,1,.0141260232257778
647,3,1.706197520452364,1,.0141260232257778
648,1,-2.401887842490994,1,-1.10191216393776
648,2,-1.726809838107933,1,-1.10191216393776
648,3,-2.778141734112374,1,-1.10191216393776
649,1,.4054248714942773,0,-.1566243806719746
649,2,2.593900218459114,0,-.1566243806719746
649,3,1.068488934599736,0,-.1566243806719746
650,1,-1.816571263749391,1,1.805336014131988
650,2,-.3695467999778754,1,1.805336014131988
650,3,1.275984905661483,1,1.805336014131988
651,1,.5176380781198111,0,-2.079484752434732
651,2,.4312269917581788,0,-2.079484752434732
651,3,3.944371530742671,0,-2.079484752434732
652,1,-.9513364574164587,0,-.8291085006711001
652,2,2.154958055017958,0,-.8291085006711001
652,3,.4850339211817666,0,-.8291085006711001
653,1,-.2089920189754131,0,-.4521461756497955
653,2,-.3525443790148591,0,-.4521461756497955
653,3,-.8486641259630995,0,-.4521461756497955
654,1,-.0383840214527589,0,-1.799006322212349
654,2,.4494495607774409,0,-1.799006322212349
654,3,-1.471219656787013,0,-1.799006322212349
655,1,-2.036431308439638,1,-1.748215215011268
655,2,-1.659231562554158,1,-1.748215215011268
655,3,1.27387394168308,1,-1.748215215011268
656,1,.0394610185100368,1,-.7040477746205606
656,2,.8719567556808557,1,-.7040477746205606
656,3,.3236003718353346,1,-.7040477746205606
657,1,1.223434288992905,0,-.208299519686399
657,2,1.585207376418697,0,-.208299519686399
657,3,2.947028126394489,0,-.208299519686399
658,1,.5492460268329018,1,.2434701871565418
658,2,-1.053371041614463,1,.2434701871565418
658,3,-1.305431625420843,1,.2434701871565418
659,1,1.062566892689222,1,.2930766063782979
659,2,-.6962198872409295,1,.2930766063782979
659,3,1.41827278586288,1,.2930766063782979
660,1,.8126767810862425,1,.6193531435399107
660,2,-.1826252049959799,1,.6193531435399107
660,3,.8105885807841897,1,.6193531435399107
661,1,1.69661749032164,0,-.4818356365076501
661,2,2.1733827511485,0,-.4818356365076501
661,3,2.401606652708288,0,-.4818356365076501
662,1,.8331011730414053,1,-.0144289675493089
662,2,-.4146680931598467,1,-.0144289675493089
662,3,-.9932895405433296,1,-.0144289675493089
663,1,.1651329883772549,1,-.1831157677743321
663,2,-.9283792941109716,1,-.1831157677743321
663,3,-1.055473758242745,1,-.1831157677743321
664,1,2.869025429949728,0,.4983913125350016
664,2,-.7958565968595359,0,.4983913125350016
664,3,-.9904700069525889,0,.4983913125350016
665,1,.0922133433009416,0,-.0313570033040125
665,2,.6491164296567522,0,-.0313570033040125
665,3,1.491561063933976,0,-.0313570033040125
666,1,-1.275084097219312,0,-.5070822834148516
666,2,-1.075949462028949,0,-.5070822834148516
666,3,2.151128075900326,0,-.5070822834148516
667,1,.1834295838375483,1,.7527386274285941
667,2,.6247475417539903,1,.7527386274285941
667,3,-.4477294132996207,1,.7527386274285941
668,1,-.2372703263763865,0,.191301846426243
668,2,1.030116091501466,0,.191301846426243
668,3,-.1327752819137233,0,.191301846426243
669,1,-1.23214319539649,0,.1794585090242312
669,2,.8160618994121687,0,.1794585090242312
669,3,-1.345170778324621,0,.1794585090242312
670,1,-.5563453119107197,1,-.7501900609664836
670,2,1.825461166249437,1,-.7501900609664836
670,3,-.2681529363677287,1,-.7501900609664836
671,1,-1.214513407412821,0,-.0451361192554294
671,2,.1639830328775843,0,-.0451361192554294
671,3,-1.221875746240543,0,-.0451361192554294
672,1,-.4713967625583015,0,.2630895299276494
672,2,1.331650096246174,0,.2630895299276494
672,3,-.9426383532977054,0,.2630895299276494
673,1,-.7274533286188332,0,-.21964194528021
673,2,-1.132112710566008,0,-.21964194528021
673,3,-.6211480861960479,0,-.21964194528021
674,1,.2682027627459911,1,.8168367049916174
674,2,1.010369320833258,1,.8168367049916174
674,3,1.940333372493543,1,.8168367049916174
675,1,1.048503252940148,1,.5956160486121931
675,2,.9390234455239912,1,.5956160486121931
675,3,-.4867583939998867,1,.5956160486121931
676,1,.7714656235944447,0,-.7566620922322991
676,2,.8986911264058304,0,-.7566620922322991
676,3,2.787843797844422,0,-.7566620922322991
677,1,.9083666883714656,0,-1.962053836103825
677,2,1.101170074941108,0,-1.962053836103825
677,3,.6845350917044322,0,-1.962053836103825
678,1,-1.444977636321619,0,.6456298466900149
678,2,-.3584572680801618,0,.6456298466900149
678,3,.4729751064565438,0,.6456298466900149
679,1,.9181294653122781,1,-.1038387552225777
679,2,-.0044189107183694,1,-.1038387552225777
679,3,-.8834937160309325,1,-.1038387552225777
680,1,2.152903575304976,1,1.145067501167782
680,2,.6622145423690473,1,1.145067501167782
680,3,1.684285195318636,1,1.145067501167782
681,1,1.254291964352867,0,.3271508443332304
681,2,2.039833691242802,0,.3271508443332304
681,3,2.499126110369309,0,.3271508443332304
682,1,-.2943943365209509,1,1.137213385968346
682,2,-1.091322917596924,1,1.137213385968346
682,3,1.055247566576833,1,1.137213385968346
683,1,-2.715465410433374,0,-1.289969042108343
683,2,-1.960172472563877,0,-1.289969042108343
683,3,-.1784699847095452,0,-1.289969042108343
684,1,-.6766318320116249,0,.8270936632167212
684,2,.2318935903229647,0,.8270936632167212
684,3,.2733372993446471,0,.8270936632167212
685,1,2.186748252588622,0,-1.975234449779639
685,2,1.377309740731782,0,-1.975234449779639
685,3,1.073587229958997,0,-1.975234449779639
686,1,-.558822011842922,1,-2.216588348924211
686,2,-.3791417448556337,1,-2.216588348924211
686,3,-.4618659578480682,1,-2.216588348924211
687,1,2.819266541263334,0,-1.355829397073679
687,2,1.501519392884016,0,-1.355829397073679
687,3,3.131700495478322,0,-1.355829397073679
688,1,.3065891823912005,0,-.2362995448960322
688,2,1.983458704952153,0,-.2362995448960322
688,3,2.714995206646877,0,-.2362995448960322
689,1,-.4295775109017331,1,.1537407112317243
689,2,.1372473303425641,1,.1537407112317243
689,3,3.573203859781819,1,.1537407112317243
690,1,.2819730982544466,0,-1.322734575878786
690,2,-.6335853785512542,0,-1.322734575878786
690,3,.409876097556,0,-1.322734575878786
691,1,-2.537045167073468,1,-.2038816373782654
691,2,.8351569240328462,1,-.2038816373782654
691,3,-2.664926701037519,1,-.2038816373782654
692,1,-.1001815269714894,0,-2.076751810560148
692,2,.551366415320211,0,-2.076751810560148
692,3,2.199768466174946,0,-2.076751810560148
693,1,3.042090093401178,0,.1697537237184435
693,2,.638769556677689,0,.1697537237184435
693,3,.3515875322856497,0,.1697537237184435
694,1,-.9116940850257191,1,-.7394369902996935
694,2,.300570253329529,1,-.7394369902996935
694,3,-.0678075763604149,1,-.7394369902996935
695,1,-1.244583627695617,0,-.4186402446666823
695,2,.7784472484612157,0,-.4186402446666823
695,3,-1.393389665982481,0,-.4186402446666823
696,1,-.1918221565480182,1,-.276838633497022
696,2,-.68293832095437,1,-.276838633497022
696,3,.8124717391371481,1,-.276838633497022
697,1,.2012434120084933,0,.9028021590326702
697,2,.3821734243206596,0,.9028021590326702
697,3,-.3354641111533547,0,.9028021590326702
698,1,2.295743911042172,1,.4893911276673377
698,2,2.242641880647483,1,.4893911276673377
698,3,2.651043014255532,1,.4893911276673377
699,1,-1.251454574509791,1,.4826430421259048
699,2,-2.568295392455546,1,.4826430421259048
699,3,.6921343165026537,1,.4826430421259048
700,1,-1.326368057609853,0,-.7360477826563638
700,2,-3.519763915080645,0,-.7360477826563638
700,3,-1.087579526938915,0,-.7360477826563638
701,1,-2.723517081061876,0,.9443716839364724
701,2,-3.024987786828505,0,.9443716839364724
701,3,-.4765567147614607,0,.9443716839364724
702,1,.9114907372296474,1,.7063221055369764
702,2,.2526479344810051,1,.7063221055369764
702,3,2.501161683823273,1,.7063221055369764
703,1,.0709560230606323,1,.8968950726767222
703,2,.9972887038611713,1,.8968950726767222
703,3,3.332611782710694,1,.8968950726767222
704,1,-.3135794503367878,1,1.688341463090588
704,2,.6361996770466052,1,1.688341463090588
704,3,1.110837784469512,1,1.688341463090588
705,1,-.3927121572243868,0,-.5515340156905676
705,2,1.78219489010733,0,-.5515340156905676
705,3,.8509547258632939,0,-.5515340156905676
706,1,-.3109063315916327,0,-.3771186820744097
706,2,.5167964154498998,0,-.3771186820744097
706,3,-.5995864114461283,0,-.3771186820744097
707,1,-.6335527341131001,0,.7622389040490076
707,2,-.9711349179654887,0,.7622389040490076
707,3,1.239802687090699,0,.7622389040490076
708,1,.5970191259485211,0,-1.992069216829691
708,2,1.634004788734783,0,-1.992069216829691
708,3,-1.041016733277876,0,-1.992069216829691
709,1,-1.831692233897466,1,.516471989941173
709,2,-.9550493488546932,1,.516471989941173
709,3,2.803641760915087,1,.516471989941173
710,1,.9174078170229064,1,-1.068612749777466
710,2,1.549401992241703,1,-1.068612749777466
710,3,2.240929385905142,1,-1.068612749777466
711,1,.585972245004135,1,.7296872152221221
711,2,.5536853985232776,1,.7296872152221221
711,3,.3866057866040274,1,.7296872152221221
712,1,.5990674860493299,0,-1.775497099523856
712,2,-.3311064232654761,0,-1.775497099523856
712,3,1.387104176932914,0,-1.775497099523856
713,1,-.0059738754775923,1,1.007786281886115
713,2,1.730311209964256,1,1.007786281886115
713,3,.1628010271911811,1,1.007786281886115
714,1,-.4869643172898533,0,.3083565432560736
714,2,-.1678020568088132,0,.3083565432560736
714,3,-.3918874437401235,0,.3083565432560736
715,1,-.6665975840100697,0,-1.481855837101529
715,2,-1.241479126570018,0,-1.481855837101529
715,3,-.3098580861141708,0,-1.481855837101529
716,1,2.317906236290978,1,1.76741417941146
716,2,2.279024055025021,1,1.76741417941146
716,3,2.050837410726354,1,1.76741417941146
717,1,2.521843357849784,1,.9265257384843545
717,2,2.289252107743674,1,.9265257384843545
717,3,2.861997543024373,1,.9265257384843545
718,1,.2538875254712013,0,-.6231343145865066
718,2,-.4631051391585841,0,-.6231343145865066
718,3,.7573046172536844,0,-.6231343145865066
719,1,1.303613187976239,1,-.1396963662767873
719,2,.618510346111647,1,-.1396963662767873
719,3,1.990531078657955,1,-.1396963662767873
720,1,-.0634857976355523,1,.1810106579786654
720,2,1.812767671917298,1,.1810106579786654
720,3,-1.833305083127972,1,.1810106579786654
721,1,-.1309002292664445,0,-1.124031261377922
721,2,-.8995802797564592,0,-1.124031261377922
721,3,1.803061251269878,0,-1.124031261377922
722,1,-2.090191811304519,1,2.76427547574714
722,2,-1.347924851106925,1,2.76427547574714
722,3,-1.460705336820959,1,2.76427547574714
723,1,-1.033024087671308,0,.0140124807493532
723,2,-1.597365750962083,0,.0140124807493532
723,3,-1.24567224536773,0,.0140124807493532
724,1,.334665234743755,1,-1.088939422541944
724,2,3.031356157260972,1,-1.088939422541944
724,3,.3408509015070259,1,-1.088939422541944
725,1,.962454502052229,0,-.1433286843589755
725,2,-.1938306316585667,0,-.1433286843589755
725,3,.007950710520565,0,-.1433286843589755
726,1,-1.089058092915443,1,1.166540437661099
726,2,.8679859840785419,1,1.166540437661099
726,3,-1.267468239217038,1,1.166540437661099
727,1,-1.078880761524746,0,-1.212123391093574
727,2,-.8262302895009799,0,-1.212123391093574
727,3,.4469880868124901,0,-1.212123391093574
728,1,1.064152165181391,1,.2931908688222369
728,2,2.20551256474968,1,.2931908688222369
728,3,2.118669524212657,1,.2931908688222369
729,1,1.421992601946313,1,-.1419508128564039
729,2,.3673535480241727,1,-.1419508128564039
729,3,1.46885380049484,1,-.1419508128564039
730,1,2.76700497125238,1,.7649045163349413
730,2,2.698055385515025,1,.7649045163349413
730,3,4.779576363628372,1,.7649045163349413
731,1,-.5099596323130569,1,1.293940878862887
731,2,1.130261590509895,1,1.293940878862887
731,3,1.311073012295281,1,1.293940878862887
732,1,-.4326605827472008,0,-1.240946038861325
732,2,2.810634789368064,0,-1.240946038861325
732,3,1.581767163278348,0,-1.240946038861325
733,1,-.9914928003718158,1,-.6043828422417274
733,2,-.5139007682125032,1,-.6043828422417274
733,3,2.805901202772791,1,-.6043828422417274
734,1,-2.471231771938437,0,-1.936289961243757
734,2,-1.114087990667223,0,-1.936289961243757
734,3,-.9082658670504926,0,-1.936289961243757
735,1,.8869368004536693,1,-.118909029314734
735,2,-.4548123394648458,1,-.118909029314734
735,3,-1.126001979013512,1,-.118909029314734
736,1,-1.865300571591717,1,.2429152547141096
736,2,-2.895701553973773,1,.2429152547141096
736,3,.0307818488743465,1,.2429152547141096
737,1,-1.265475558292192,1,-.0878064664300532
737,2,-2.083565366670055,1,-.0878064664300532
737,3,-.256080505716425,1,-.0878064664300532
738,1,1.144380848388449,1,-.0832205647012428
738,2,-1.603039568158781,1,-.0832205647012428
738,3,2.334976842978493,1,-.0832205647012428
739,1,-.1099498006397928,1,-.3053259554290689
739,2,.0873581752565913,1,-.3053259554290689
739,3,-.147291892657732,1,-.3053259554290689
740,1,-1.024519639771012,0,-1.542363838005654
740,2,-.3527214567517556,0,-1.542363838005654
740,3,-1.333001325409817,0,-1.542363838005654
741,1,-.7743367438213742,1,-.5439873178243086
741,2,.6885166967942684,1,-.5439873178243086
741,3,1.287419731610167,1,-.5439873178243086
742,1,-5.86693238374125,1,-.7627116860703964
742,2,-5.067635316940031,1,-.7627116860703964
742,3,-3.310159845056778,1,-.7627116860703964
743,1,-.7874759796211042,1,-1.588859280198908
743,2,.716580375032946,1,-1.588859280198908
743,3,.4505458329921448,1,-1.588859280198908
744,1,-.256893516270073,0,-.4795789780364276
744,2,.1986447468595475,0,-.4795789780364276
744,3,-2.137059005766115,0,-.4795789780364276
745,1,-.2155316852740232,0,.2319998419727214
745,2,-.2129280392127075,0,.2319998419727214
745,3,.1283191758157122,0,.2319998419727214
746,1,.0814109194966099,1,.8495043830555806
746,2,1.49660899255491,1,.8495043830555806
746,3,.1985619272973328,1,.8495043830555806
747,1,-.6046820551547805,0,1.439378179387283
747,2,.5756226921224935,0,1.439378179387283
747,3,.1488003481692628,0,1.439378179387283
748,1,-.1917780501300691,1,.8381703885397277
748,2,.8680837575976992,1,.8381703885397277
748,3,1.634533367088718,1,.8381703885397277
749,1,.4586046108721076,0,-2.029330232158804
749,2,1.344132834903384,0,-2.029330232158804
749,3,.6645878541254561,0,-2.029330232158804
750,1,1.509237604571216,0,-.9559102494960854
750,2,-.5029649650775152,0,-.9559102494960854
750,3,1.802701947186099,0,-.9559102494960854
751,1,-.6192895095878385,0,-.9473447477633704
751,2,.1227684014098492,0,-.9473447477633704
751,3,-.1842343113038136,0,-.9473447477633704
752,1,-1.042570177935603,0,.2739713595090102
752,2,-.9840044847172653,0,.2739713595090102
752,3,1.162031113850569,0,.2739713595090102
753,1,.8071650778519663,1,.412793110423829
753,2,-1.193646874417406,1,.412793110423829
753,3,-.2590739347695095,1,.412793110423829
754,1,-.4568666653005371,1,-.3037161234564128
754,2,2.166435807556756,1,-.3037161234564128
754,3,-.0841989868173021,1,-.3037161234564128
755,1,1.570058463994734,0,-.3754486321807333
755,2,-.5857790616720505,0,-.3754486321807333
755,3,1.894047418629863,0,-.3754486321807333
756,1,.5669568739644124,0,-1.856560311943932
756,2,.7777440342135986,0,-1.856560311943932
756,3,.4276242730207234,0,-1.856560311943932
757,1,.1646290188240192,1,-.4637173511893956
757,2,-.7723444337363938,1,-.4637173511893956
757,3,.9582997797846835,1,-.4637173511893956
758,1,-.2119942723250604,1,-.9718789853655593
758,2,-.5675398336632329,1,-.9718789853655593
758,3,2.128036644400764,1,-.9718789853655593
759,1,-.3192671578965933,0,-.9867935634877523
759,2,.619981419775252,0,-.9867935634877523
759,3,2.27886189406404,0,-.9867935634877523
760,1,-.4011653588759336,1,-1.906290362934936
760,2,.8508128664042274,1,-1.906290362934936
760,3,-1.290314636644,1,-1.906290362934936
761,1,-1.000059491539085,0,-.0951074810939971
761,2,-1.616157300958404,0,-.0951074810939971
761,3,1.31453955437332,0,-.0951074810939971
762,1,-2.128416485818227,1,1.03887049706154
762,2,-3.020062526938571,1,1.03887049706154
762,3,-.3628909179905486,1,1.03887049706154
763,1,-1.166155058634331,0,-.7212832068639848
763,2,-.2332152246965227,0,-.7212832068639848
763,3,.8998900728835458,0,-.7212832068639848
764,1,.9478241278188254,1,2.351688175086273
764,2,.3980685218867639,1,2.351688175086273
764,3,3.029312579892738,1,2.351688175086273
765,1,1.132873286892949,0,.1493140939798762
765,2,2.143872651547136,0,.1493140939798762
765,3,1.056767357057887,0,.1493140939798762
766,1,.6644567266631054,1,-.3489933297225136
766,2,-.5300585724617706,1,-.3489933297225136
766,3,-.1563466845120354,1,-.3489933297225136
767,1,-.6267592459809667,1,.3856049648205462
767,2,-2.359568716773068,1,.3856049648205462
767,3,1.495231277206503,1,.3856049648205462
768,1,.0687546801845672,0,-1.311753371731606
768,2,2.724969547542694,0,-1.311753371731606
768,3,.1092251100925643,0,-1.311753371731606
769,1,-.592454137504689,1,.6486138318092746
769,2,-.8757305149600614,1,.6486138318092746
769,3,-1.545401634433237,1,.6486138318092746
770,1,2.471976177423191,1,-.3157097465799292
770,2,.8823950889013195,1,-.3157097465799292
770,3,1.609038038015754,1,-.3157097465799292
771,1,-.258793821957931,1,.2806648950370179
771,2,1.700562313353699,1,.2806648950370179
771,3,1.501175933637365,1,.2806648950370179
772,1,-.9145790902108284,1,1.488870928900142
772,2,.2750821501423929,1,1.488870928900142
772,3,-1.319636476187524,1,1.488870928900142
773,1,-1.431303994072858,1,.1858202652673037
773,2,-1.793570538964188,1,.1858202652673037
773,3,1.312276899640656,1,.1858202652673037
774,1,-.9154815979153565,0,.0242766339578194
774,2,-.0731649869811228,0,.0242766339578194
774,3,-1.952463754705049,0,.0242766339578194
775,1,-.4659631722769602,0,-.6880460573967933
775,2,-.5759192208828712,0,-.6880460573967933
775,3,-1.756653026640486,0,-.6880460573967933
776,1,.0553243307461851,1,-.2028819253303257
776,2,.6184232253578541,1,-.2028819253303257
776,3,2.265833375597627,1,-.2028819253303257
777,1,1.625873419522627,1,-.5842917588816453
777,2,.8436722330017867,1,-.5842917588816453
777,3,2.928464870282586,1,-.5842917588816453
778,1,-2.548409077342027,0,1.179385684406303
778,2,-3.665781646622761,0,1.179385684406303
778,3,-1.71408675472896,0,1.179385684406303
779,1,1.166360744527891,0,1.093605416272871
779,2,1.84141452203766,0,1.093605416272871
779,3,1.066337244736819,0,1.093605416272871
780,1,-1.167277542651167,1,-.2067174166687192
780,2,-2.679894136290399,1,-.2067174166687192
780,3,.807776609799059,1,-.2067174166687192
781,1,-3.57193475795467,0,.6674063047141658
781,2,-.9177617158288742,0,.6674063047141658
781,3,-1.881211408212585,0,.6674063047141658
782,1,.3134562226981001,0,-.233635404448051
782,2,-.1203536375682089,0,-.233635404448051
782,3,.3600413909376219,0,-.233635404448051
783,1,1.407479765195899,0,-2.74990888023686
783,2,-.406660878886846,0,-2.74990888023686
783,3,2.267706012443484,0,-2.74990888023686
784,1,1.158148955475451,0,-.8063081739696932
784,2,-.1268367311138921,0,-.8063081739696932
784,3,1.381248893167999,0,-.8063081739696932
785,1,.3954253693863181,1,-.0630076545246987
785,2,-.7665194229102288,1,-.0630076545246987
785,3,-1.480436030215827,1,-.0630076545246987
786,1,1.118735368316349,0,-.4777477855125288
786,2,1.910197842026049,0,-.4777477855125288
786,3,1.283581365335559,0,-.4777477855125288
787,1,.3081955312940639,1,-.4363690399552612
787,2,1.225168065395283,1,-.4363690399552612
787,3,1.812063830353632,1,-.4363690399552612
788,1,-.2378928755803631,0,.5102249892933279
788,2,-3.64557763778937,0,.5102249892933279
788,3,-.6497310620003549,0,.5102249892933279
789,1,1.298091897264287,1,-.4492635798816461
789,2,.2295945729921748,1,-.4492635798816461
789,3,.2747878153045978,1,-.4492635798816461
790,1,-.9673041963178577,0,-.4492002356333419
790,2,.8580814069775802,0,-.4492002356333419
790,3,-.7276508263185912,0,-.4492002356333419
791,1,-2.08608592783459,1,2.079909231758795
791,2,-1.663097143080888,1,2.079909231758795
791,3,-1.032980965089238,1,2.079909231758795
792,1,1.677052467708786,0,2.777476095830113
792,2,.9036965949887071,0,2.777476095830113
792,3,1.379203913505795,0,2.777476095830113
793,1,-.4960591848384382,0,-.2820816328215587
793,2,.7769598938659144,0,-.2820816328215587
793,3,.2051554237028688,0,-.2820816328215587
794,1,-.8402475675564934,1,.4204273267831538
794,2,-.6712731598720714,1,.4204273267831538
794,3,-1.508821148733587,1,.4204273267831538
795,1,.1816042690688398,1,-.927662059316585
795,2,.5110485069939736,1,-.927662059316585
795,3,1.833170849497233,1,-.927662059316585
796,1,-.1146935967200072,1,-.8290122298639097
796,2,.335736613102337,1,-.8290122298639097
796,3,.4976920409696909,1,-.8290122298639097
797,1,-.6386326700399423,0,-1.120189882724327
797,2,-.4418464276483987,0,-1.120189882724327
797,3,-.4734471731062022,0,-1.120189882724327
798,1,-1.101449771362982,1,1.465965735526726
798,2,-1.223969633597185,1,1.465965735526726
798,3,-.6279567354073494,1,1.465965735526726
799,1,.1002796364072072,0,-.8464302336435593
799,2,1.59457381534162,0,-.8464302336435593
799,3,1.948258720209755,0,-.8464302336435593
800,1,1.402094232162658,0,.7157835499334377
800,2,.5897489377948033,0,.7157835499334377
800,3,.9763949498221939,0,.7157835499334377
801,1,-2.549542810384458,1,1.20506106028819
801,2,.1810839824370575,1,1.20506106028819
801,3,1.036285115649855,1,1.20506106028819
802,1,-.4309910934585303,0,-2.594245382596575
802,2,-.5477674388962219,0,-2.594245382596575
802,3,-.2602744206864189,0,-2.594245382596575
803,1,2.181879462821394,0,-1.365007847948232
803,2,2.185972778343789,0,-1.365007847948232
803,3,1.697273523751408,0,-1.365007847948232
804,1,-.5286335902358285,0,-2.376538075050981
804,2,-.1343111009112633,0,-2.376538075050981
804,3,-3.988835259059722,0,-2.376538075050981
805,1,1.333425279032961,0,1.378832557544902
805,2,.4954447845767058,0,1.378832557544902
805,3,-.2625430060321293,0,1.378832557544902
806,1,-.0555624819540709,0,1.305896454316527
806,2,.4889205137369576,0,1.305896454316527
806,3,-.1772374564100196,0,1.305896454316527
807,1,1.96205687521479,0,-.7686905131187238
807,2,2.153851450295884,0,-.7686905131187238
807,3,1.827323590193094,0,-.7686905131187238
808,1,-.0149688920270319,1,.6776148098244652
808,2,-.7818011687262039,1,.6776148098244652
808,3,-2.850347797114352,1,.6776148098244652
809,1,.5045231865752204,1,.2345705527788474
809,2,-.573095103319389,1,.2345705527788474
809,3,1.445202031270847,1,.2345705527788474
810,1,-.1796958272761249,1,.2208984685850424
810,2,.3176147961087326,1,.2208984685850424
810,3,2.823581500250881,1,.2208984685850424
811,1,-.7271086960515941,0,-1.513534474471352
811,2,-.7550706958760168,0,-1.513534474471352
811,3,.1485773152276014,0,-1.513534474471352
812,1,-1.292433127547997,1,.8412564640799811
812,2,-2.381244529470153,1,.8412564640799811
812,3,-.8734639983084684,1,.8412564640799811
813,1,.7787886222920324,0,.2220450926065678
813,2,1.444562571664797,0,.2220450926065678
813,3,-.043655580271403,0,.2220450926065678
814,1,.8956284615423952,0,.8859036293361505
814,2,.2075028715348979,0,.8859036293361505
814,3,.803368530698279,0,.8859036293361505
815,1,-.5820766004389716,1,-1.014361430971366
815,2,.6836901645328534,1,-1.014361430971366
815,3,.2341255957104433,1,-1.014361430971366
816,1,1.099064341841838,0,-.5601239728205389
816,2,.8708679731822666,0,-.5601239728205389
816,3,3.291702259393384,0,-.5601239728205389
817,1,2.143930483500162,1,-.612547581222613
817,2,-.6274605322372119,1,-.612547581222613
817,3,.7737526924756629,1,-.612547581222613
818,1,-1.252204375874735,0,-.9016480659791039
818,2,-2.486734191177256,0,-.9016480659791039
818,3,-2.011795013807729,0,-.9016480659791039
819,1,2.554818779645105,0,.306185591062715
819,2,.297295232165359,0,.306185591062715
819,3,.5389101271532054,0,.306185591062715
820,1,1.966119029552922,0,.7084536393171622
820,2,3.274674307737148,0,.7084536393171622
820,3,.992590184229131,0,.7084536393171622
821,1,1.065008711284513,1,.250315742941613
821,2,-1.372572906012987,1,.250315742941613
821,3,1.172828404960612,1,.250315742941613
822,1,2.100626495576652,1,-1.333880626270229
822,2,1.702275898336574,1,-1.333880626270229
822,3,2.870585991272152,1,-1.333880626270229
823,1,1.368149284041959,0,1.285364636640294
823,2,.31824652775778,0,1.285364636640294
823,3,1.98555234371691,0,1.285364636640294
824,1,-1.110938244126296,0,-1.806022040615397
824,2,-1.412591685872308,0,-1.806022040615397
824,3,-2.617654189527327,0,-1.806022040615397
825,1,-.1401210771742903,1,.8391752698805618
825,2,-.631061215594641,1,.8391752698805618
825,3,.2808520489381456,1,.8391752698805618
826,1,2.400282779744549,1,-.8431208571662321
826,2,2.179520433615814,1,-.8431208571662321
826,3,4.05093786653162,1,-.8431208571662321
827,1,1.657062179500015,1,1.049015699230559
827,2,.8809006456494118,1,1.049015699230559
827,3,1.168996587456037,1,1.049015699230559
828,1,-.046641182873049,0,-1.566904167223853
828,2,.8792909430333953,0,-1.566904167223853
828,3,.3383691029405653,0,-1.566904167223853
829,1,.4917654555976004,0,-.8599500239341663
829,2,-1.41735485669868,0,-.8599500239341663
829,3,.8701862238203124,0,-.8599500239341663
830,1,.173385367047542,1,1.520767597211865
830,2,.0259550752427049,1,1.520767597211865
830,3,2.992464672976912,1,1.520767597211865
831,1,-.4998127716204941,1,.4019569385162213
831,2,-.7196827478759269,1,.4019569385162213
831,3,-.9528805447661035,1,.4019569385162213
832,1,1.029098748018949,1,.9390810413447304
832,2,.6618385762021955,1,.9390810413447304
832,3,-.977634075874083,1,.9390810413447304
833,1,.4547330538009774,1,1.429410675700207
833,2,2.385231918133576,1,1.429410675700207
833,3,2.219263383620609,1,1.429410675700207
834,1,-.0875806698918176,0,.2885184350110138
834,2,.5827530304042295,0,.2885184350110138
834,3,-.240181069405387,0,.2885184350110138
835,1,-1.000746128949395,0,.3289108199871395
835,2,-1.111524531792416,0,.3289108199871395
835,3,-.4964637869922537,0,.3289108199871395
836,1,-2.843972375944276,1,.7340477039909201
836,2,-3.457953262194476,1,.7340477039909201
836,3,-1.215817353794703,1,.7340477039909201
837,1,.3554843981528661,0,-.1400792839678074
837,2,1.121666451619355,0,-.1400792839678074
837,3,-.650214337158336,0,-.1400792839678074
838,1,-.7873457627773887,1,1.84289239928463
838,2,-1.172644783793206,1,1.84289239928463
838,3,.5993889443734473,1,1.84289239928463
839,1,-.2385431846865676,0,-1.129287279518685
839,2,-1.57949827698369,0,-1.129287279518685
839,3,.0811902191016792,0,-1.129287279518685
840,1,.2507367046068416,0,-.7920698418082115
840,2,1.794427494902728,0,-.7920698418082115
840,3,1.141298316351272,0,-.7920698418082115
841,1,.7306843092528603,0,2.718727386377888
841,2,.4896703944753712,0,2.718727386377888
841,3,.3486654335966159,0,2.718727386377888
842,1,-.3762184458857085,0,-.5075663567652389
842,2,1.57648100592202,0,-.5075663567652389
842,3,.418953670207123,0,-.5075663567652389
843,1,.3833772562506554,0,-.688344274393223
843,2,-.1896538131699706,0,-.688344274393223
843,3,-.5423610736787601,0,-.688344274393223
844,1,1.015629541280395,1,-.45523406258777
844,2,1.402207010859241,1,-.45523406258777
844,3,-.7616942624992937,1,-.45523406258777
845,1,.7354168259882143,1,-.4187296500349878
845,2,1.00906111932782,1,-.4187296500349878
845,3,-.1657506471987134,1,-.4187296500349878
846,1,1.628303234667198,0,1.479669613397046
846,2,.908957379489221,0,1.479669613397046
846,3,2.126700400752799,0,1.479669613397046
847,1,1.197304439702321,1,-.9340545376122593
847,2,.304730875176882,1,-.9340545376122593
847,3,.099904833139596,1,-.9340545376122593
848,1,-.8352251031509458,0,-.6370989321029399
848,2,.6916272891007241,0,-.6370989321029399
848,3,.0667273019970549,0,-.6370989321029399
849,1,-.6062222286041374,1,-.4114365983573616
849,2,-.0119694805876663,1,-.4114365983573616
849,3,.177618738377791,1,-.4114365983573616
850,1,-1.183148405533349,0,.5517778483797229
850,2,-.4113026953243609,0,.5517778483797229
850,3,.6043668269142268,0,.5517778483797229
851,1,-.366084455640222,1,-.2600340773429162
851,2,.6448399265033278,1,-.2600340773429162
851,3,-.4894146255411074,1,-.2600340773429162
852,1,.6818598230765511,0,-1.11022934857225
852,2,.4543087712291191,0,-1.11022934857225
852,3,.9646792034696183,0,-1.11022934857225
853,1,-.3275549452991496,0,-.4293418657350866
853,2,.3563241923723348,0,-.4293418657350866
853,3,.9443434906435194,0,-.4293418657350866
854,1,-.5913709018153501,1,1.551082326013037
854,2,.7615916953021392,1,1.551082326013037
854,3,-1.516865893805411,1,1.551082326013037
855,1,1.596061299150357,1,-1.987902620327022
855,2,.3606843025769293,1,-1.987902620327022
855,3,-.1701157431053705,1,-1.987902620327022
856,1,2.916923098878275,0,-.3213603904688781
856,2,2.428731836162024,0,-.3213603904688781
856,3,1.709996948451373,0,-.3213603904688781
857,1,-1.232728489247065,1,.7518635212161043
857,2,.1376564626568613,1,.7518635212161043
857,3,-.4062022465792037,1,.7518635212161043
858,1,-1.568648786037941,0,-.2922164806489286
858,2,-.6493062400099758,0,-.2922164806489286
858,3,.0417729583683094,0,-.2922164806489286
859,1,-1.627396001639062,1,.7750498423537162
859,2,-.1020195397443639,1,.7750498423537162
859,3,.2560230955874827,1,.7750498423537162
860,1,-1.855234717707052,0,.9425635267028371
860,2,-.7511815451701086,0,.9425635267028371
860,3,-.8657848474201677,0,.9425635267028371
861,1,-1.797571707407946,0,-.2169119880419251
861,2,.9717305888033536,0,-.2169119880419251
861,3,-.5308384457947656,0,-.2169119880419251
862,1,1.758546809227204,0,-.5335909516919352
862,2,3.439129958584576,0,-.5335909516919352
862,3,4.356964496024073,0,-.5335909516919352
863,1,.0170392076979856,0,-.4385962796520058
863,2,1.110729215256824,0,-.4385962796520058
863,3,.8938768991661165,0,-.4385962796520058
864,1,-.5534138076849736,0,-.492489397289374
864,2,-.8652226085429088,0,-.492489397289374
864,3,-1.004907405583057,0,-.492489397289374
865,1,-1.236577250165827,1,-.5573429567941602
865,2,-1.004908198781419,1,-.5573429567941602
865,3,.1686552461413009,1,-.5573429567941602
866,1,-.3413759822589525,1,-.2464309731013659
866,2,1.08771012252978,1,-.2464309731013659
866,3,1.886352966824119,1,-.2464309731013659
867,1,-.0546189113875748,1,.2067643831981286
867,2,-1.910111257590762,1,.2067643831981286
867,3,-.2459865982408268,1,.2067643831981286
868,1,-.8943566088389916,1,-.2439293256770911
868,2,-.3997064097146044,1,-.2439293256770911
868,3,.7625346035201903,1,-.2439293256770911
869,1,-.8458963545194673,1,.0802018069017163
869,2,-.3206162274724913,1,.0802018069017163
869,3,-.7624155064739133,1,.0802018069017163
870,1,-.6426798536264507,1,.2766303289879856
870,2,-.9927881656004955,1,.2766303289879856
870,3,-1.067996863557987,1,.2766303289879856
871,1,-1.581373035698665,0,.0398168204707388
871,2,-1.096616397752358,0,.0398168204707388
871,3,-.2896068642946423,0,.0398168204707388
872,1,.1503355921795382,0,.0856734497031887
872,2,-.6870538870424132,0,.0856734497031887
872,3,-.0674153535151542,0,.0856734497031887
873,1,.404994409687587,0,-.4055386694795937
873,2,1.079467738332349,0,-.4055386694795937
873,3,3.73092488442254,0,-.4055386694795937
874,1,-.1739896414899921,0,.4477595239627863
874,2,-.050781187818854,0,.4477595239627863
874,3,.7875820347389684,0,.4477595239627863
875,1,-.9891998293173664,0,-1.371275457080462
875,2,-.1974681082254904,0,-1.371275457080462
875,3,1.896565350290601,0,-1.371275457080462
876,1,1.72317940702775,0,-.5169653449779461
876,2,1.403638876276926,0,-.5169653449779461
876,3,4.257209120937962,0,-.5169653449779461
877,1,-4.21212962946227,1,-.857941065178534
877,2,-2.592985339625758,1,-.857941065178534
877,3,-.1965296151949356,1,-.857941065178534
878,1,-1.985459937023724,1,1.200409287125744
878,2,1.156132082078733,1,1.200409287125744
878,3,.8405813773354828,1,1.200409287125744
879,1,1.06050638185228,1,-.5324965892640364
879,2,-.1919975583710848,1,-.5324965892640364
879,3,1.981556719050983,1,-.5324965892640364
880,1,-.7537574583499267,0,-.2450210390218602
880,2,-1.590306942968673,0,-.2450210390218602
880,3,-2.000409606632005,0,-.2450210390218602
881,1,-3.620772216709624,1,.6159905586604801
881,2,-1.17395595330735,1,.6159905586604801
881,3,-1.323429906353909,1,.6159905586604801
882,1,-.7598237174010832,1,.5326624820578868
882,2,2.510398172912321,1,.5326624820578868
882,3,.8982516211286944,1,.5326624820578868
883,1,-.4478833879812979,1,.9504956118503401
883,2,1.960412713318759,1,.9504956118503401
883,3,-.7320866130657907,1,.9504956118503401
884,1,-.731024064153885,0,-.4442333011172749
884,2,.015115961949815,0,-.4442333011172749
884,3,.5154166175488971,0,-.4442333011172749
885,1,3.594677697102849,0,-.4273163459463247
885,2,2.155789241531664,0,-.4273163459463247
885,3,2.730961036409125,0,-.4273163459463247
886,1,.128784572699977,1,1.707450467951781
886,2,1.065893445790799,1,1.707450467951781
886,3,-.4362753131490388,1,1.707450467951781
887,1,1.483003391622265,1,.9005172499190363
887,2,.3801514064383714,1,.9005172499190363
887,3,1.855265629233824,1,.9005172499190363
888,1,.1552362438443778,1,1.076192348660162
888,2,.032906977994116,1,1.076192348660162
888,3,1.930696729573338,1,1.076192348660162
889,1,1.101570459310402,0,2.377234382899472
889,2,1.531707446346549,0,2.377234382899472
889,3,.2486688618235835,0,2.377234382899472
890,1,-.480415597557809,0,1.210680778457645
890,2,.8860180444648763,0,1.210680778457645
890,3,1.857153772381962,0,1.210680778457645
891,1,-.9558647275107927,0,.0190841259962732
891,2,-.9700963367091848,0,.0190841259962732
891,3,-.588895512032687,0,.0190841259962732
892,1,1.631077947703107,0,1.248690481879723
892,2,.8777639562555186,0,1.248690481879723
892,3,2.659837485004009,0,1.248690481879723
893,1,-.6297596667372553,1,.9056008895956301
893,2,1.485213907667395,1,.9056008895956301
893,3,3.703583106413775,1,.9056008895956301
894,1,1.69591304472378,0,-1.078226895568536
894,2,1.390501887586324,0,-1.078226895568536
894,3,1.156598371861878,0,-1.078226895568536
895,1,.5646271478020781,0,-1.772687447018407
895,2,-1.118935156594047,0,-1.772687447018407
895,3,-.0078965193931216,0,-1.772687447018407
896,1,-.0733012487915811,1,.3399193263549464
896,2,-1.461158476900079,1,.3399193263549464
896,3,-1.280492860760512,1,.3399193263549464
897,1,1.669527386893967,0,-.9021663417732837
897,2,.0305341114274635,0,-.9021663417732837
897,3,.733741490362988,0,-.9021663417732837
898,1,1.253332866542607,1,-.6436556291461266
898,2,2.647414847716444,1,-.6436556291461266
898,3,.6525747411990622,1,-.6436556291461266
899,1,2.613772153946139,1,2.220547624158546
899,2,-.2459693381291967,1,2.220547624158546
899,3,-.3369398860397023,1,2.220547624158546
900,1,-.2788546528790907,1,-.2839102355980794
900,2,-2.29674583137998,1,-.2839102355980794
900,3,-.9796200799575054,1,-.2839102355980794
901,1,.0732088376589755,1,.7770690968236358
901,2,-1.416730698861129,1,.7770690968236358
901,3,-.5277926300838218,1,.7770690968236358
902,1,1.615212370490435,0,.9082552525347535
902,2,2.158549189334861,0,.9082552525347535
902,3,2.672967746123277,0,.9082552525347535
903,1,.8418694156181704,1,-1.959284329851047
903,2,1.138704845326919,1,-1.959284329851047
903,3,2.219265572873407,1,-1.959284329851047
904,1,1.029317132570007,1,.3056477938748085
904,2,-.7467989608688024,1,.3056477938748085
904,3,.6712527247206985,1,.3056477938748085
905,1,1.113317732539,1,-.8257706774131401
905,2,1.470184537018106,1,-.8257706774131401
905,3,-.7482408204750323,1,-.8257706774131401
906,1,-1.92465405478035,1,.4629578819330125
906,2,-.3648713622868818,1,.4629578819330125
906,3,-.6867140110918857,1,.4629578819330125
907,1,1.125551807598939,0,-.4871144251650406
907,2,1.806983949558437,0,-.4871144251650406
907,3,1.33117814448548,0,-.4871144251650406
908,1,.3780970986910264,0,1.685310350815631
908,2,-.0346027080173237,0,1.685310350815631
908,3,1.69942362714397,0,1.685310350815631
909,1,-.4918418872206589,1,1.583687272182094
909,2,.0399957779738132,1,1.583687272182094
909,3,1.800122899527201,1,1.583687272182094
910,1,2.444083815487856,0,-.4436840997011015
910,2,1.447933592017032,0,-.4436840997011015
910,3,.2755053021452931,0,-.4436840997011015
911,1,-.9454882038116489,0,-2.335721866830281
911,2,.7518211587774424,0,-2.335721866830281
911,3,1.376809095376886,0,-2.335721866830281
912,1,-.9447417937145921,1,.2851509522121243
912,2,.5167727363396686,1,.2851509522121243
912,3,.0203138533495728,1,.2851509522121243
913,1,2.040232059567144,1,-.6638472438167718
913,2,.5617343172289366,1,-.6638472438167718
913,3,-1.861846911810006,1,-.6638472438167718
914,1,-2.496949304005405,1,1.649116126458715
914,2,.533621177366191,1,1.649116126458715
914,3,.1448315813757645,1,1.649116126458715
915,1,.0982443098721608,1,.1790132390405684
915,2,.4074654122342083,1,.1790132390405684
915,3,.8024225164288334,1,.1790132390405684
916,1,-.1003467551396029,0,-1.427609376346715
916,2,-1.090406664578434,0,-1.427609376346715
916,3,-1.487040899716184,0,-1.427609376346715
917,1,-2.787893556435578,0,-.5461964878822734
917,2,-.7712193861197045,0,-.5461964878822734
917,3,-1.566841399620272,0,-.5461964878822734
918,1,.3503405500875403,1,2.082172360191384
918,2,.9929044257183274,1,2.082172360191384
918,3,1.207405310475099,1,2.082172360191384
919,1,-.8789487530886073,0,1.152836710840937
919,2,-.5607845368408564,0,1.152836710840937
919,3,-1.764294682054194,0,1.152836710840937
920,1,-.7139645504053056,0,-.1611163975956988
920,2,-.0030711051178435,0,-.1611163975956988
920,3,-.9010933274164581,0,-.1611163975956988
921,1,.4417853837600624,1,.8248640013715963
921,2,-.0177180105985075,1,.8248640013715963
921,3,2.519413152144051,1,.8248640013715963
922,1,.6455490949816913,1,1.948885969064261
922,2,.1377324826651514,1,1.948885969064261
922,3,.5879135423725848,1,1.948885969064261
923,1,1.486274545992539,1,1.807846075566081
923,2,1.440377899323301,1,1.807846075566081
923,3,.1209815444189059,1,1.807846075566081
924,1,-.0322484952590555,0,-1.152265846882919
924,2,-.3352789838212762,0,-1.152265846882919
924,3,1.868522995789315,0,-1.152265846882919
925,1,-.3063495537730896,1,.9715435662480455
925,2,1.124361243887489,1,.9715435662480455
925,3,2.469346127156031,1,.9715435662480455
926,1,-1.041677537772675,0,-.5446029876912674
926,2,-1.142867305099294,0,-.5446029876912674
926,3,.8586632379522715,0,-.5446029876912674
927,1,-1.046606817452543,0,.5091203076678081
927,2,-.3420334815120982,0,.5091203076678081
927,3,.5132512818710854,0,.5091203076678081
928,1,-1.936567808826835,0,.8589373855234111
928,2,-1.163835073223513,0,.8589373855234111
928,3,-.366984847807085,0,.8589373855234111
929,1,.7792876852264137,0,-.1994144831072015
929,2,-1.590958512239267,0,-.1994144831072015
929,3,-2.399317612333228,0,-.1994144831072015
930,1,1.647087918869611,1,-1.383674383100725
930,2,1.001571964957841,1,-1.383674383100725
930,3,.7626818147472469,1,-1.383674383100725
931,1,.8546334975015407,1,-.1948607363377011
931,2,-.5596003110009267,1,-.1948607363377011
931,3,1.767985854665655,1,-.1948607363377011
932,1,-.4419517121711388,1,-.0787888335431482
932,2,-1.457454688623304,1,-.0787888335431482
932,3,.4953084518986079,1,-.0787888335431482
933,1,2.545781179773319,0,1.465176047452577
933,2,.1304599429543785,0,1.465176047452577
933,3,2.185116781251756,0,1.465176047452577
934,1,-.186504974797021,0,.7549331677396296
934,2,.8049611656427147,0,.7549331677396296
934,3,.781773236163477,0,.7549331677396296
935,1,-1.015141851047967,1,.21257651236549
935,2,.1767432976466449,1,.21257651236549
935,3,.8256392640378191,1,.21257651236549
936,1,-2.409991182453376,0,.6085584788580993
936,2,-1.25226475878412,0,.6085584788580993
936,3,-.3753712741636941,0,.6085584788580993
937,1,-1.239114396061,0,-1.338584324461047
937,2,.2756986221007509,0,-1.338584324461047
937,3,.3910897388550317,0,-1.338584324461047
938,1,3.205665655878491,1,.1184880386254225
938,2,-.4493330620101881,1,.1184880386254225
938,3,.9583720393745605,1,.1184880386254225
939,1,.8423352990978703,0,1.791862144045437
939,2,.7283927788283182,0,1.791862144045437
939,3,1.875730964081292,0,1.791862144045437
940,1,1.328788045963365,0,.4903378894153784
940,2,-.4980143554665904,0,.4903378894153784
940,3,.6975073012057387,0,.4903378894153784
941,1,.5561843293542119,1,-.4335025336807321
941,2,-.0268066348711844,1,-.4335025336807321
941,3,2.095834396844801,1,-.4335025336807321
942,1,-1.742377664179942,1,-.4188077061588498
942,2,-1.656951760360811,1,-.4188077061588498
942,3,-.2894663119530945,1,-.4188077061588498
943,1,-.5479500583686445,1,-.0371769969325557
943,2,.0174594794198432,1,-.0371769969325557
943,3,-.6635153923438224,1,-.0371769969325557
944,1,.4781061584580941,0,-.2133475015319614
944,2,-1.75509720082479,0,-.2133475015319614
944,3,-.9865313363727846,0,-.2133475015319614
945,1,1.378615630734534,0,.1525363835128374
945,2,-.2316753971909775,0,.1525363835128374
945,3,-.5742134718212575,0,.1525363835128374
946,1,-.3209119975017311,0,-1.000822796251592
946,2,.7808552775274691,0,-1.000822796251592
946,3,.134445362735942,0,-1.000822796251592
947,1,-1.169600567618596,1,.9722283537744179
947,2,-.321197681183933,1,.9722283537744179
947,3,2.177838399951194,1,.9722283537744179
948,1,1.799447012085538,0,-.7627910611180817
948,2,2.091857161866495,0,-.7627910611180817
948,3,2.506819527383936,0,-.7627910611180817
949,1,-.520479250688704,1,.5187175013531515
949,2,-1.685897586884748,1,.5187175013531515
949,3,.4517100033766217,1,.5187175013531515
950,1,-.2335359089489579,0,-.2531544984399114
950,2,-.157752759827387,0,-.2531544984399114
950,3,-.3197210520219906,0,-.2531544984399114
951,1,.6474175614226449,1,-.1050641981462168
951,2,.7953719692660294,1,-.1050641981462168
951,3,3.340323756308912,1,-.1050641981462168
952,1,2.240434041693954,0,-.1049908704346208
952,2,3.505421974388278,0,-.1049908704346208
952,3,3.861585250842443,0,-.1049908704346208
953,1,.794104534786289,0,-.499541024931219
953,2,1.138506430577879,0,-.499541024931219
953,3,-.6850865867603487,0,-.499541024931219
954,1,-2.248758684756804,1,1.372056422770081
954,2,-4.079598785431618,1,1.372056422770081
954,3,-2.166509681432491,1,1.372056422770081
955,1,.0127278371864813,0,.3342425983401196
955,2,.4046057911542896,0,.3342425983401196
955,3,1.043594714454462,0,.3342425983401196
956,1,.6108207757638413,1,.9374643274778044
956,2,2.745364374165847,1,.9374643274778044
956,3,1.358439446280897,1,.9374643274778044
957,1,-1.618882791260825,1,.637933455451217
957,2,-3.0965344267712,1,.637933455451217
957,3,1.732601491974878,1,.637933455451217
958,1,.1977163341840976,1,.7463229794532047
958,2,-1.693963904244501,1,.7463229794532047
958,3,.5062627054304217,1,.7463229794532047
959,1,-.4627926432462177,0,-.8339023760655623
959,2,-1.351194319734399,0,-.8339023760655623
959,3,-.8277530446019997,0,-.8339023760655623
960,1,-.3800141447309017,0,-.5973220337571552
960,2,-.3056331718082453,0,-.5973220337571552
960,3,-.6469746018974631,0,-.5973220337571552
961,1,1.586429112117643,1,-.0771770018922062
961,2,-.575036205121126,1,-.0771770018922062
961,3,.7007786233262583,1,-.0771770018922062
962,1,-.723000847408408,0,-1.607291035466453
962,2,1.727288724441206,0,-1.607291035466453
962,3,-.0616815887875181,0,-1.607291035466453
963,1,-.3416645201231869,0,-.0855492536627354
963,2,.5338050479642684,0,-.0855492536627354
963,3,1.851238401773713,0,-.0855492536627354
964,1,-1.617222439329445,1,-.1392576919367058
964,2,.2389793901713948,1,-.1392576919367058
964,3,-.711865682519679,1,-.1392576919367058
965,1,2.980183014798962,0,1.164272143411374
965,2,1.301819048988578,0,1.164272143411374
965,3,1.519732615681887,0,1.164272143411374
966,1,.4691136570612409,1,1.714697220169137
966,2,-.5740175905289389,1,1.714697220169137
966,3,.851976301275825,1,1.714697220169137
967,1,-1.866183002744903,1,2.072267979511492
967,2,-1.69123489775125,1,2.072267979511492
967,3,-.2823131451425176,1,2.072267979511492
968,1,-1.661006566207906,1,2.812529743845201
968,2,1.143645823542078,1,2.812529743845201
968,3,-.0114410949948551,1,2.812529743845201
969,1,.3737162685162149,1,.9802237162686719
969,2,2.417050926645758,1,.9802237162686719
969,3,2.227425023541535,1,.9802237162686719
970,1,-1.560634830191477,0,1.895191573509983
970,2,.4792014163764017,0,1.895191573509983
970,3,.2388838520710384,0,1.895191573509983
971,1,-1.66603062819488,1,-.2769276519527423
971,2,-.8874439597550408,1,-.2769276519527423
971,3,-.6273027677687757,1,-.2769276519527423
972,1,1.466370797708664,0,-.3365451438107765
972,2,.9301092901872638,0,-.3365451438107765
972,3,2.055678266862527,0,-.3365451438107765
973,1,-2.072029442552338,1,.5248742986304785
973,2,-1.727603574346182,1,.5248742986304785
973,3,.7851257240592907,1,.5248742986304785
974,1,.5969616352431469,0,1.187246096693874
974,2,.3384694333285767,0,1.187246096693874
974,3,2.724921957365297,0,1.187246096693874
975,1,1.51569436663945,0,.5332151569734629
975,2,1.010592581580755,0,.5332151569734629
975,3,3.587456907854021,0,.5332151569734629
976,1,1.113018866349812,1,-.0092853314108188
976,2,1.516741648677125,1,-.0092853314108188
976,3,5.203992815668963,1,-.0092853314108188
977,1,-1.566760932922203,1,.2246632714735754
977,2,-.1644373946345022,1,.2246632714735754
977,3,.3824320728990071,1,.2246632714735754
978,1,1.440791320718985,1,-.6807893635450712
978,2,1.470744637800807,1,-.6807893635450712
978,3,1.985647309081285,1,-.6807893635450712
979,1,-2.087142068784742,1,.9788173429057719
979,2,-1.039617689482663,1,.9788173429057719
979,3,-.0544032581266503,1,.9788173429057719
980,1,-1.379435097242155,0,-.3269089650821448
980,2,2.355098593033297,0,-.3269089650821448
980,3,-.2194942749129373,0,-.3269089650821448
981,1,.420306870643275,0,-1.03484737056372
981,2,2.338221393267987,0,-1.03484737056372
981,3,2.527494945418697,0,-1.03484737056372
982,1,.3674762913231712,1,.0123814639081617
982,2,.7825895291248137,1,.0123814639081617
982,3,3.020962411957796,1,.0123814639081617
983,1,-1.375231624345948,1,.824682070567564
983,2,-.4626786637847301,1,.824682070567564
983,3,1.488656719691028,1,.824682070567564
984,1,-1.737653027083395,0,-.7635745362893105
984,2,-2.102267588991639,0,-.7635745362893105
984,3,.4324457451502874,0,-.7635745362893105
985,1,1.533714401966037,0,-1.900803094357073
985,2,2.604102425082759,0,-1.900803094357073
985,3,3.246913094335508,0,-1.900803094357073
986,1,1.830432909704035,1,1.48807518950391
986,2,1.247457226339868,1,1.48807518950391
986,3,3.256523459358745,1,1.48807518950391
987,1,.8410715880549485,0,.0976588251277897
987,2,.7769978962872458,0,.0976588251277897
987,3,1.656312986935555,0,.0976588251277897
988,1,.350814051116042,0,1.654130026947035
988,2,.8161834365282145,0,1.654130026947035
988,3,.4785253067093972,0,1.654130026947035
989,1,.2855796631162208,0,.0467868736965246
989,2,-.3329857316232313,0,.0467868736965246
989,3,1.16205118958168,0,.0467868736965246
990,1,1.660084285324205,0,-1.675602794689152
990,2,-1.837505196768664,0,-1.675602794689152
990,3,.0526761480908622,0,-1.675602794689152
991,1,-.3079937049549915,1,-1.124546547971461
991,2,1.422486182999827,1,-1.124546547971461
991,3,2.67727615450793,1,-1.124546547971461
992,1,-.0331923663956383,0,1.175243540008054
992,2,1.146270068647672,0,1.175243540008054
992,3,-1.130820858307323,0,1.175243540008054
993,1,1.181142340040586,1,1.125732059068476
993,2,.3327590363804021,1,1.125732059068476
993,3,1.995711399001274,1,1.125732059068476
994,1,2.272772138912476,1,-.7862250400522272
994,2,.9015698832573296,1,-.7862250400522272
994,3,3.94584277706522,1,-.7862250400522272
995,1,.8576431160939568,0,.0975178423587452
995,2,.7214907438430219,0,.0975178423587452
995,3,.8737187720594271,0,.0975178423587452
996,1,1.132324734759509,0,-.3881190905737399
996,2,1.789225472389646,0,-.3881190905737399
996,3,1.824377268553081,0,-.3881190905737399
997,1,-.1746235068742334,1,.1689908839923667
997,2,.8789541779273791,1,.1689908839923667
997,3,1.302189953048112,1,.1689908839923667
998,1,-.6553404619433495,1,1.378233975451965
998,2,.8253231110177739,1,1.378233975451965
998,3,1.733142699663509,1,1.378233975451965
999,1,.3220116761205456,0,-1.133943582442704
999,2,.0305700866505473,0,-1.133943582442704
999,3,.952093646456154,0,-1.133943582442704
1000,1,-.1700097092406082,0,-.0051878722369892
1000,2,.7570547077221477,0,-.0051878722369892
1000,3,.0162849731577738,0,-.0051878722369892
1001,1,-2.086182371775746,1,.1706786640320256
1001,2,-.1914509955921095,1,.1706786640320256
1001,3,.510375299061415,1,.1706786640320256
1002,1,.3046653061548383,1,.6194867286169861
1002,2,2.394809056035109,1,.6194867286169861
1002,3,2.079554609935318,1,.6194867286169861
1003,1,1.36215655147,1,.6640563704967671
1003,2,-.3952511306505207,1,.6640563704967671
1003,3,-.1287189235687123,1,.6640563704967671
1004,1,-.4183203801603523,0,-.8756032666121812
1004,2,-2.166499048859365,0,-.8756032666121812
1004,3,-.3199632786307081,0,-.8756032666121812
1005,1,1.370784848000342,1,-.8385900935538518
1005,2,1.444021320085954,1,-.8385900935538518
1005,3,1.402811505431304,1,-.8385900935538518
1006,1,-.3330555029887681,0,1.052495223148605
1006,2,.3623037246943215,0,1.052495223148605
1006,3,-.5880283070711922,0,1.052495223148605
1007,1,1.254072072470992,1,.5353011800918135
1007,2,-.4798361544288171,1,.5353011800918135
1007,3,.1016566258428786,1,.5353011800918135
1008,1,1.55539020861104,1,-1.595636593722433
1008,2,2.795330693858701,1,-1.595636593722433
1008,3,3.033099714405696,1,-1.595636593722433
1009,1,.7529595545798047,1,1.252756591489508
1009,2,.5987310649352041,1,1.252756591489508
1009,3,.8186484073853852,1,1.252756591489508
1010,1,.121679365258478,0,-.7928865920158988
1010,2,-.2686062233233573,0,-.7928865920158988
1010,3,3.309821477481675,0,-.7928865920158988
1011,1,.176087631428314,0,.1473595109668246
1011,2,-1.091639232761406,0,.1473595109668246
1011,3,1.051885316076391,0,.1473595109668246
1012,1,.5407296463313476,0,-.2314106757839147
1012,2,1.398430056767953,0,-.2314106757839147
1012,3,3.879495922807271,0,-.2314106757839147
1013,1,1.170435475499294,0,-.2252470710774787
1013,2,1.228003856659723,0,-.2252470710774787
1013,3,2.657564163898172,0,-.2252470710774787
1014,1,.5193890004338437,1,.813185756992657
1014,2,-1.182866944595005,1,.813185756992657
1014,3,.5601643555564568,1,.813185756992657
1015,1,-1.563534361668759,0,.3197160337389925
1015,2,1.092263664752193,0,.3197160337389925
1015,3,.8050742252332249,0,.3197160337389925
1016,1,2.161566651008785,0,-.8528633781668145
1016,2,-.3962519805003667,0,-.8528633781668145
1016,3,-.8708972337891043,0,-.8528633781668145
1017,1,-1.568313017450806,1,-.9333189411349667
1017,2,-.1166815796206919,1,-.9333189411349667
1017,3,.7764721045039605,1,-.9333189411349667
1018,1,1.07413608243399,0,-.8137314840279698
1018,2,.8305070689278313,0,-.8137314840279698
1018,3,1.312809131192732,0,-.8137314840279698
1019,1,-.626248260398739,1,1.451516153670731
1019,2,2.440879594131801,1,1.451516153670731
1019,3,-1.623546252366276,1,1.451516153670731
1020,1,-.1508403295004539,1,-.6232018686537378
1020,2,-1.544443373918273,1,-.6232018686537378
1020,3,1.132240502866727,1,-.6232018686537378
1021,1,-2.399074991668917,1,-.4405528307069952
1021,2,-.7320967668438214,1,-.4405528307069952
1021,3,-.2651489782195335,1,-.4405528307069952
1022,1,-1.382515058151534,0,.7864407700970816
1022,2,-3.181130160308172,0,.7864407700970816
1022,3,.5829583581582897,0,.7864407700970816
1023,1,-.6253612016357919,0,.4186669967711462
1023,2,-2.177068606458114,0,.4186669967711462
1023,3,-.4963905581704658,0,.4186669967711462
1024,1,1.883324979246099,1,1.461118141336464
1024,2,3.738769739137805,1,1.461118141336464
1024,3,4.78831610173405,1,1.461118141336464
1025,1,-1.272614189275255,1,-.3547803115676376
1025,2,-1.179995361231178,1,-.3547803115676376
1025,3,.5970706187799066,1,-.3547803115676376
1026,1,-.9604213922335696,0,.0876182172788262
1026,2,-.7053914780759877,0,.0876182172788262
1026,3,-.8431234017910268,0,.0876182172788262
1027,1,1.491948119247663,0,-.4278375902297746
1027,2,3.446222889391128,0,-.4278375902297746
1027,3,1.900808827873175,0,-.4278375902297746
1028,1,.7889461376316854,0,.4611888991647843
1028,2,1.865200691792753,0,.4611888991647843
1028,3,-.2616806407703982,0,.4611888991647843
1029,1,-.4242544345633227,0,.4014227264792262
1029,2,.1281132207709916,0,.4014227264792262
1029,3,-.3749076584487667,0,.4014227264792262
1030,1,1.136026438193575,1,-.0155316123399394
1030,2,1.396563643232607,1,-.0155316123399394
1030,3,1.377412967152364,1,-.0155316123399394
1031,1,-1.29077242275563,0,.3190371198533011
1031,2,1.649724814691631,0,.3190371198533011
1031,3,-1.095974697764035,0,.3190371198533011
1032,1,3.49786016938324,0,-.7913507954532477
1032,2,.495410278896752,0,-.7913507954532477
1032,3,3.119138831899464,0,-.7913507954532477
1033,1,-.1506573931635573,0,-.7059936225146255
1033,2,-.8929566150142183,0,-.7059936225146255
1033,3,.0412666310019661,0,-.7059936225146255
1034,1,.8214784788682687,0,.2639724423774363
1034,2,-.3487455390273189,0,.2639724423774363
1034,3,1.189456513369378,0,.2639724423774363
1035,1,.8093211384242387,1,.8151552704886287
1035,2,-1.600881656155245,1,.8151552704886287
1035,3,.7899229672562766,1,.8151552704886287
1036,1,2.198692486222633,0,.0607528055831552
1036,2,-.8266758088097284,0,.0607528055831552
1036,3,.8871318601794563,0,.0607528055831552
1037,1,1.77474995562262,0,-1.120285147964412
1037,2,-.2062179226164575,0,-1.120285147964412
1037,3,.8721974507759198,0,-1.120285147964412
1038,1,-.7182899775337207,1,.1113156030310928
1038,2,-.2856305750425159,1,.1113156030310928
1038,3,.3804467145786954,1,.1113156030310928
1039,1,1.586438928605311,0,.3411371252044416
1039,2,1.009451399106573,0,.3411371252044416
1039,3,-.8753090911414505,0,.3411371252044416
1040,1,1.152104110316972,0,.1490328159090265
1040,2,2.279097727404999,0,.1490328159090265
1040,3,2.505358734122374,0,.1490328159090265
1041,1,.3336327229250584,1,-.4458593247213375
1041,2,.9942550618933046,1,-.4458593247213375
1041,3,3.244948672292489,1,-.4458593247213375
1042,1,-.3346974708262676,0,1.180939062190431
1042,2,-.0252637894299438,0,1.180939062190431
1042,3,-.1306698454371873,0,1.180939062190431
1043,1,-.0338458498591193,0,.7599462320090721
1043,2,1.322212825327905,0,.7599462320090721
1043,3,.637537956926332,0,.7599462320090721
1044,1,1.020909994907198,0,-2.164818227982693
1044,2,1.774697015436106,0,-2.164818227982693
1044,3,.0097765948963573,0,-2.164818227982693
1045,1,1.238781277507812,1,-.3066257204118413
1045,2,1.534536062824774,1,-.3066257204118413
1045,3,3.231232059328264,1,-.3066257204118413
1046,1,-.3531718823002536,1,.3003917284988002
1046,2,.1021663459296551,1,.3003917284988002
1046,3,1.161291815636584,1,.3003917284988002
1047,1,.8219065707819598,1,-.9950217677002331
1047,2,-2.026250573961348,1,-.9950217677002331
1047,3,.9137740265397676,1,-.9950217677002331
1048,1,3.487986322767459,0,.188887755876767
1048,2,1.169497885094869,0,.188887755876767
1048,3,2.461988129121675,0,.188887755876767
1049,1,-1.117138433960057,1,-.2121627522412582
1049,2,-.4931435542529844,1,-.2121627522412582
1049,3,-2.334435600030488,1,-.2121627522412582
1050,1,1.953726138493098,1,1.088309969703463
1050,2,-.4308883314029107,1,1.088309969703463
1050,3,1.620595494800868,1,1.088309969703463
1051,1,.0761712952198422,1,-.6910322745845811
1051,2,.9292780985741602,1,-.6910322745845811
1051,3,.4660992756362847,1,-.6910322745845811
1052,1,.5868126842061852,0,-1.811056918340389
1052,2,2.281749329692295,0,-1.811056918340389
1052,3,-.1383199856055166,0,-1.811056918340389
1053,1,-2.210634763816613,1,.49886618332808
1053,2,-2.878050435899304,1,.49886618332808
1053,3,-.4086946686925357,1,.49886618332808
1054,1,-1.631881129843913,1,.4130459604633446
1054,2,-.4266272106665809,1,.4130459604633446
1054,3,.1373724289958039,1,.4130459604633446
1055,1,-1.38302940297102,0,-.5764773109291779
1055,2,-.5481578199099912,0,-.5764773109291779
1055,3,2.768416062903182,0,-.5764773109291779
1056,1,1.895868988964981,1,-.1236320581327944
1056,2,1.125139095995984,1,-.1236320581327944
1056,3,.9035086695758587,1,-.1236320581327944
1057,1,.8471930700133073,0,-.4336326180385823
1057,2,3.761215434557219,0,-.4336326180385823
1057,3,2.898791658081662,0,-.4336326180385823
1058,1,.0323917217467798,1,.1080498913154246
1058,2,-1.339254339499377,1,.1080498913154246
1058,3,-1.593234408695934,1,.1080498913154246
1059,1,2.803641919633751,1,-.9513868323751442
1059,2,1.675686348248936,1,-.9513868323751442
1059,3,1.315657517302626,1,-.9513868323751442
1060,1,1.918513647479402,1,.6240912422031951
1060,2,2.103788123356978,1,.6240912422031951
1060,3,2.924783149507303,1,.6240912422031951
1061,1,.6419505252240663,0,.2621501309435682
1061,2,-.6098094484458434,0,.2621501309435682
1061,3,.0994392552413246,0,.2621501309435682
1062,1,-.3448990165667168,1,-.3701553190863998
1062,2,-1.737306655239602,1,-.3701553190863998
1062,3,-.5616301351925131,1,-.3701553190863998
1063,1,2.527463791432188,1,-1.236248360076094
1063,2,-1.343792309852876,1,-1.236248360076094
1063,3,2.469774122810409,1,-1.236248360076094
1064,1,-1.567419809496168,1,1.597542983703252
1064,2,-2.871825642281873,1,1.597542983703252
1064,3,-1.430697628907499,1,1.597542983703252
1065,1,3.85985317047548,1,-.7880631965467092
1065,2,1.241730658257572,1,-.7880631965467092
1065,3,1.68485490532654,1,-.7880631965467092
1066,1,-.9453214214915776,1,-.5151625786548408
1066,2,-1.250428383918745,1,-.5151625786548408
1066,3,-.7695214858649785,1,-.5151625786548408
1067,1,.4350974112839224,1,-.0171913158750394
1067,2,-.9675479884511136,1,-.0171913158750394
1067,3,3.179838845035863,1,-.0171913158750394
1068,1,-.9409620028730876,0,1.168290988325522
1068,2,.0868584452361103,0,1.168290988325522
1068,3,.8161542952407634,0,1.168290988325522
1069,1,-.9561130057735269,1,-.3838285879843888
1069,2,-.7316962633762052,1,-.3838285879843888
1069,3,-.0760802772545426,1,-.3838285879843888
1070,1,.5760431251289192,1,-.4422222444102376
1070,2,.7181107201468001,1,-.4422222444102376
1070,3,-.236234526772761,1,-.4422222444102376
1071,1,1.129072040901007,1,1.13222228424581
1071,2,.2013941462919548,1,1.13222228424581
1071,3,3.163314718894673,1,1.13222228424581
1072,1,.83628909322378,1,.4564619213973853
1072,2,-.0599416533878601,1,.4564619213973853
1072,3,2.361650197438794,1,.4564619213973853
1073,1,-3.044156009611174,0,1.774387696246627
1073,2,-1.055675525811678,0,1.774387696246627
1073,3,-1.522567765705912,0,1.774387696246627
1074,1,-.1098460561478067,1,-1.348224063375247
1074,2,1.756613754217689,1,-1.348224063375247
1074,3,1.193023574545216,1,-1.348224063375247
1075,1,1.307850136566571,0,-1.599206319592519
1075,2,.7907307341561598,0,-1.599206319592519
1075,3,1.975644435377435,0,-1.599206319592519
1076,1,1.253077648951043,0,.4460629777333823
1076,2,-2.047610366386392,0,.4460629777333823
1076,3,-.2278970213119864,0,.4460629777333823
1077,1,-.1400722036591817,0,-.5976658770700948
1077,2,-1.657064927862802,0,-.5976658770700948
1077,3,-.6945831880141422,0,-.5976658770700948
1078,1,.691503726447407,1,-.0684274111101086
1078,2,1.642421002708453,1,-.0684274111101086
1078,3,2.05059923215948,1,-.0684274111101086
1079,1,-.4475539010651419,1,-.9066449535608697
1079,2,-1.9753003711373,1,-.9066449535608697
1079,3,-2.30879021684006,1,-.9066449535608697
1080,1,-.553945850377217,0,-1.145125040229295
1080,2,.0880849593810717,0,-1.145125040229295
1080,3,.9247832471647981,0,-1.145125040229295
1081,1,1.700562008984401,1,.5356750527698657
1081,2,1.909221494560007,1,.5356750527698657
1081,3,-1.046446116475021,1,.5356750527698657
1082,1,-.0136087291888241,0,.7600204962607622
1082,2,-.2785677287561252,0,.7600204962607622
1082,3,.1149069707094733,0,.7600204962607622
1083,1,.174300406087017,0,-.8124935153388421
1083,2,1.52972435199388,0,-.8124935153388421
1083,3,3.097357331477717,0,-.8124935153388421
1084,1,-1.062701716225553,0,-.9583610244043579
1084,2,-2.627217727512596,0,-.9583610244043579
1084,3,-.86259035160007,0,-.9583610244043579
1085,1,-.4493121128450264,0,.2881726003077137
1085,2,-1.046876759887259,0,.2881726003077137
1085,3,1.515700916081972,0,.2881726003077137
1086,1,.2086456814974541,1,-1.30536062740767
1086,2,-.2672616512507768,1,-1.30536062740767
1086,3,1.636763502119434,1,-1.30536062740767
1087,1,-.5315753094686347,0,-.8993123002967299
1087,2,-.148266137628125,0,-.8993123002967299
1087,3,-.9486943955072568,0,-.8993123002967299
1088,1,-3.556233634047627,1,.5739076520826921
1088,2,.5703484638724983,1,.5739076520826921
1088,3,.3129906409380617,1,.5739076520826921
1089,1,-1.73565743465176,1,1.387709358973213
1089,2,1.216915075362949,1,1.387709358973213
1089,3,1.344922417641833,1,1.387709358973213
1090,1,1.207529738327122,1,.2027448712274962
1090,2,1.040949346171316,1,.2027448712274962
1090,3,2.415377033315327,1,.2027448712274962
1091,1,2.984551706868856,1,2.777012037274637
1091,2,1.174114723663943,1,2.777012037274637
1091,3,1.810678858005021,1,2.777012037274637
1092,1,.2623721968862207,1,.3225334301147427
1092,2,1.749314297741885,1,.3225334301147427
1092,3,2.20549631410308,1,.3225334301147427
1093,1,2.159082766995055,0,-1.449890132967661
1093,2,-.162675648919419,0,-1.449890132967661
1093,3,1.170048007422337,0,-1.449890132967661
1094,1,1.561469377620184,0,-1.039598885701988
1094,2,1.880964180598708,0,-1.039598885701988
1094,3,.1936507677419133,0,-1.039598885701988
1095,1,-1.108310190518382,0,-.9504106029541866
1095,2,-1.28378275195154,0,-.9504106029541866
1095,3,.4033295448060334,0,-.9504106029541866
1096,1,1.011555720133354,0,-.1394614859336678
1096,2,-.0789652478197364,0,-.1394614859336678
1096,3,1.590230923104122,0,-.1394614859336678
1097,1,1.529120783616219,1,.6869267497585769
1097,2,1.330848097884475,1,.6869267497585769
1097,3,1.447993447051591,1,.6869267497585769
1098,1,-.83223496290178,0,-.5898059414373071
1098,2,-1.675805931615577,0,-.5898059414373071
1098,3,-.6497582671445561,0,-.5898059414373071
1099,1,-.0409435521051618,1,1.356687591893513
1099,2,.3308372985866279,1,1.356687591893513
1099,3,2.321855805349263,1,1.356687591893513
1100,1,-.0027977921295691,0,.8644830299161925
1100,2,2.261692148548621,0,.8644830299161925
1100,3,1.89899355769552,0,.8644830299161925
1101,1,-1.136328614251173,0,-.4582486031851495
1101,2,2.408224236502339,0,-.4582486031851495
1101,3,2.329704001061997,0,-.4582486031851495
1102,1,.9321220509208894,0,.4464183254240145
1102,2,1.191304599774646,0,.4464183254240145
1102,3,1.747285082683615,0,.4464183254240145
1103,1,-2.616294720034087,1,-1.008842135983972
1103,2,-1.613979503668369,1,-1.008842135983972
1103,3,-2.451070103430741,1,-1.008842135983972
1104,1,.1607624474809125,0,-1.32804876410785
1104,2,-.4239215493171872,0,-1.32804876410785
1104,3,1.33490508699885,0,-1.32804876410785
1105,1,-.2782325278896841,0,.0751057013783597
1105,2,1.966256103997967,0,.0751057013783597
1105,3,1.153722587590622,0,.0751057013783597
1106,1,-1.451586088272906,0,.6310951348951863
1106,2,-.9747593047449357,0,.6310951348951863
1106,3,-1.633951929884583,0,.6310951348951863
1107,1,3.194939168776892,1,1.271143225930442
1107,2,1.171105895641946,1,1.271143225930442
1107,3,3.52380786556625,1,1.271143225930442
1108,1,-2.088916038595891,1,.9783288583012383
1108,2,-.1779442341679414,1,.9783288583012383
1108,3,-1.47167677841493,1,.9783288583012383
1109,1,-3.072663483669798,0,.4654574957073179
1109,2,1.475110644584349,0,.4654574957073179
1109,3,1.255311055659758,0,.4654574957073179
1110,1,1.615562888865103,0,-.9457718547804582
1110,2,1.748190646626438,0,-.9457718547804582
1110,3,.8097604781151305,0,-.9457718547804582
1111,1,-.9750551371553422,1,-.034791077488284
1111,2,.0210478182858967,1,-.034791077488284
1111,3,2.059955322397569,1,-.034791077488284
1112,1,-2.249228083807224,1,1.16764898849396
1112,2,.1692768195083012,1,1.16764898849396
1112,3,.4946665647747405,1,1.16764898849396
1113,1,.6790462845432709,1,.6731988927097845
1113,2,1.702827066718572,1,.6731988927097845
1113,3,2.773020605661177,1,.6731988927097845
1114,1,.396106239120297,1,-.1120656194426663
1114,2,-.0657241339325211,1,-.1120656194426663
1114,3,.645091195840902,1,-.1120656194426663
1115,1,-1.128329308897844,1,-.6823119175626691
1115,2,.2598600489501878,1,-.6823119175626691
1115,3,.9489687394721518,1,-.6823119175626691
1116,1,-.0936725650736874,1,.4382301367366567
1116,2,1.370215722688427,1,.4382301367366567
1116,3,1.975406558019928,1,.4382301367366567
1117,1,.738782917542014,0,-.5138035369405064
1117,2,1.247795102337076,0,-.5138035369405064
1117,3,-.2210880581564739,0,-.5138035369405064
1118,1,-2.681838422671146,0,.1060792508066853
1118,2,1.153339299347508,0,.1060792508066853
1118,3,.2149832247011139,0,.1060792508066853
1119,1,.4834992980848469,0,-1.479305806901815
1119,2,.7802813922743446,0,-1.479305806901815
1119,3,1.575753090518919,0,-1.479305806901815
1120,1,-2.0079444651367,1,-.7140116627245923
1120,2,-1.916310053934069,1,-.7140116627245923
1120,3,.4324291100051256,1,-.7140116627245923
1121,1,-1.025977280592618,0,1.087752062930885
1121,2,-.553423217372865,0,1.087752062930885
1121,3,.5117201133958278,0,1.087752062930885
1122,1,3.150948502396013,0,.2814844295764193
1122,2,3.057036179745416,0,.2814844295764193
1122,3,3.47346083584591,0,.2814844295764193
1123,1,-2.211249692911301,0,-.1856698777932393
1123,2,-.9580969151976622,0,-.1856698777932393
1123,3,-2.672748954731746,0,-.1856698777932393
1124,1,3.351101500768506,0,.8187383075876845
1124,2,.0356950191743713,0,.8187383075876845
1124,3,.7238696155990828,0,.8187383075876845
1125,1,-.4445270864530999,0,-.3652308077015505
1125,2,-1.017913333224537,0,-.3652308077015505
1125,3,.2567432671315302,0,-.3652308077015505
1126,1,-.4742540017474823,1,-.9238257123629755
1126,2,-.3967705489044371,1,-.9238257123629755
1126,3,-1.620130548938712,1,-.9238257123629755
1127,1,1.87074585039771,1,.221455381847716
1127,2,.4568555892656905,1,.221455381847716
1127,3,.5637404708148177,1,.221455381847716
1128,1,.4526191426559405,1,.9851656375845096
1128,2,.9069203700097188,1,.9851656375845096
1128,3,.3124828650916407,1,.9851656375845096
1129,1,.1134895050751561,1,1.085569936925754
1129,2,-1.952637432778374,1,1.085569936925754
1129,3,-.1254346240671949,1,1.085569936925754
1130,1,.1384059523344751,1,.6354889595591255
1130,2,-.6113899111894248,1,.6354889595591255
1130,3,.4589746321950453,1,.6354889595591255
1131,1,-1.486863309485874,0,2.512778719072608
1131,2,-.7440661312824246,0,2.512778719072608
1131,3,-1.518637142058761,0,2.512778719072608
1132,1,-1.096491088473386,0,-1.84945701343523
1132,2,-1.239717648232537,0,-1.84945701343523
1132,3,-.5334866563749516,0,-1.84945701343523
1133,1,2.550236649890977,0,-1.723061043460813
1133,2,-.2724345120895153,0,-1.723061043460813
1133,3,1.076196084223038,0,-1.723061043460813
1134,1,2.316630520929964,0,.0357978973901725
1134,2,1.389033065826965,0,.0357978973901725
1134,3,1.85395285877589,0,.0357978973901725
1135,1,-.8188362184700213,0,.0882879399925605
1135,2,-2.333587113047252,0,.0882879399925605
1135,3,.8358737665723667,0,.0882879399925605
1136,1,.9007772136432761,0,-.1554896036904768
1136,2,.9367717589791689,0,-.1554896036904768
1136,3,1.012920155403133,0,-.1554896036904768
1137,1,-1.251248206811714,1,.9479844570586295
1137,2,-1.861043734493584,1,.9479844570586295
1137,3,1.79281331019044,1,.9479844570586295
1138,1,2.92130999356804,1,-1.467821546082741
1138,2,2.287988069325291,1,-1.467821546082741
1138,3,1.862710981063585,1,-1.467821546082741
1139,1,1.659522937861734,0,-.3108690465607187
1139,2,.9770765516750644,0,-.3108690465607187
1139,3,.1967174766880033,0,-.3108690465607187
1140,1,.7836630854981655,1,1.683637716366731
1140,2,2.151561596660434,1,1.683637716366731
1140,3,2.909717915732587,1,1.683637716366731
1141,1,.3501549464340419,0,-1.904387670063017
1141,2,1.038179381973946,0,-1.904387670063017
1141,3,.7625595149964658,0,-1.904387670063017
1142,1,1.610339624147387,0,.2787538524519668
1142,2,1.441826680352359,0,.2787538524519668
1142,3,2.553926955452112,0,.2787538524519668
1143,1,3.651154629424887,1,-.2210135886991542
1143,2,2.373228120425463,1,-.2210135886991542
1143,3,2.308419908776556,1,-.2210135886991542
1144,1,.9811215018905528,0,-.1392830555355545
1144,2,.6133915976859976,0,-.1392830555355545
1144,3,1.863195019467774,0,-.1392830555355545
1145,1,-1.535851569096194,1,.1342765429650305
1145,2,-.1647248068457464,1,.1342765429650305
1145,3,.5228004583344721,1,.1342765429650305
1146,1,-1.125292783871665,0,-2.285513739493954
1146,2,.7967060809880533,0,-2.285513739493954
1146,3,-1.263588051750739,0,-2.285513739493954
1147,1,-.0717321299284231,0,-1.216232940997212
1147,2,.7209502944183086,0,-1.216232940997212
1147,3,1.040691815819489,0,-1.216232940997212
1148,1,-1.383484517186256,1,-.7801218192334782
1148,2,-.3094666607131675,1,-.7801218192334782
1148,3,-.6402870936603916,1,-.7801218192334782
1149,1,-1.876653615570045,0,-1.658926409395925
1149,2,-3.646750815433517,0,-1.658926409395925
1149,3,.5408072840235953,0,-1.658926409395925
1150,1,3.336731853792052,1,.0470859743373675
1150,2,.3511592525091473,1,.0470859743373675
1150,3,1.950765518635448,1,.0470859743373675
1151,1,1.069264354875637,0,-.6699263722111032
1151,2,1.733107390258595,0,-.6699263722111032
1151,3,-.5817042975349724,0,-.6699263722111032
1152,1,-.3490056619427565,0,-.1851498667280972
1152,2,.1610280327022736,0,-.1851498667280972
1152,3,.2357800935370317,0,-.1851498667280972
1153,1,-1.479139655441657,1,1.504732113988394
1153,2,-3.882508251429239,1,1.504732113988394
1153,3,1.319566864726883,1,1.504732113988394
1154,1,-.1495027704388721,0,-2.386562090981007
1154,2,1.736455020091637,0,-2.386562090981007
1154,3,2.80670538732653,0,-2.386562090981007
1155,1,1.457627065078268,0,-.2612644564565378
1155,2,2.075488800520281,0,-.2612644564565378
1155,3,2.562793370004972,0,-.2612644564565378
1156,1,2.368805321030187,0,.6791047384892637
1156,2,.9300983913570734,0,.6791047384892637
1156,3,1.253272380878012,0,.6791047384892637
1157,1,.7779811696704277,1,.3039368057484527
1157,2,.5256587927723634,1,.3039368057484527
1157,3,2.557355659608028,1,.3039368057484527
1158,1,.1367820952542716,0,-1.062563429224346
1158,2,-1.295454528184438,0,-1.062563429224346
1158,3,-.4813526062501631,0,-1.062563429224346
1159,1,-1.27953099104202,0,.16388248419443
1159,2,-2.314495027354027,0,.16388248419443
1159,3,-1.780256783076215,0,.16388248419443
1160,1,.5584214828608454,0,.3863270385963121
1160,2,.9013111521300912,0,.3863270385963121
1160,3,.8896787743558552,0,.3863270385963121
1161,1,-1.772682304320719,0,-.0816449182697662
1161,2,-.6965599741361344,0,-.0816449182697662
1161,3,-1.013943352325225,0,-.0816449182697662
1162,1,-1.627942876594263,1,.1685511148434841
1162,2,-.0835648563965774,1,.1685511148434841
1162,3,2.335066000028567,1,.1685511148434841
1163,1,-2.214605817025682,1,-.7219949821302648
1163,2,-.2367049694642603,1,-.7219949821302648
1163,3,.3622504446369667,1,-.7219949821302648
1164,1,-2.434065735618781,0,1.740818615304503
1164,2,-.3173276753451984,0,1.740818615304503
1164,3,2.097664123444376,0,1.740818615304503
1165,1,1.552504873994464,1,-1.597639975545039
1165,2,1.387766104081744,1,-1.597639975545039
1165,3,2.593455876007754,1,-1.597639975545039
1166,1,.0354804637120238,0,.5250778459369996
1166,2,-.423954375490313,0,.5250778459369996
1166,3,.2527615346590396,0,.5250778459369996
1167,1,.3949490980440712,0,-1.014757517559482
1167,2,-2.313161242699997,0,-1.014757517559482
1167,3,.2212044240797008,0,-1.014757517559482
1168,1,1.25832460403748,1,.5413520691345443
1168,2,.4746363449802604,1,.5413520691345443
1168,3,2.991314982553603,1,.5413520691345443
1169,1,-.5450192958374415,0,-1.690577874872222
1169,2,-.1398117593887068,0,-1.690577874872222
1169,3,-.1152720314436733,0,-1.690577874872222
1170,1,-.1193071188559385,0,-1.326800822401208
1170,2,-.3616875065759034,0,-1.326800822401208
1170,3,-.8719719621528156,0,-1.326800822401208
1171,1,-.4805601065014444,0,.5747707607150717
1171,2,-1.598107097958742,0,.5747707607150717
1171,3,-1.123996787774379,0,.5747707607150717
1172,1,.8017857340977408,1,1.049175606868363
1172,2,1.454393219807753,1,1.049175606868363
1172,3,.9653374842876824,1,1.049175606868363
1173,1,.9799147241327117,1,-.2322133637879438
1173,2,-2.069398219368948,1,-.2322133637879438
1173,3,-.5461704139164072,1,-.2322133637879438
1174,1,3.372772849685041,1,-1.43546652834496
1174,2,2.653534950220503,1,-1.43546652834496
1174,3,1.952093297613517,1,-1.43546652834496
1175,1,1.419140914025502,0,.5162575960736342
1175,2,1.723130015293996,0,.5162575960736342
1175,3,1.954903555842217,0,.5162575960736342
1176,1,.4700451014936917,0,.053530305814253
1176,2,1.2194374997644,0,.053530305814253
1176,3,.1328734565945513,0,.053530305814253
1177,1,-1.194755596988856,0,-1.293605570198756
1177,2,-1.650403042461559,0,-1.293605570198756
1177,3,-.1676182047537536,0,-1.293605570198756
1178,1,-.944110943395302,1,.349207287366547
1178,2,-2.554761614726289,1,.349207287366547
1178,3,-.6527631220105096,1,.349207287366547
1179,1,1.474324320809668,0,-.7099339668493312
1179,2,.9628301354039173,0,-.7099339668493312
1179,3,1.229837857474615,0,-.7099339668493312
1180,1,1.362058660166186,1,.241105648430244
1180,2,1.918983893242336,1,.241105648430244
1180,3,3.614431985761418,1,.241105648430244
1181,1,-1.374610227822875,1,.3811315812823588
1181,2,.7506917827620831,1,.3811315812823588
1181,3,-.0699862791817445,1,.3811315812823588
1182,1,1.751323853877782,0,-.0119078187450027
1182,2,.6476830999256092,0,-.0119078187450027
1182,3,.7098433257784733,0,-.0119078187450027
1183,1,-.5338993145368294,0,-1.033125341902678
1183,2,-.4553965249978474,0,-1.033125341902678
1183,3,.2231005659576695,0,-1.033125341902678
1184,1,-2.562866555015856,1,.8701854369196044
1184,2,-2.243497920981314,1,.8701854369196044
1184,3,.336680518118377,1,.8701854369196044
1185,1,-.8809745152332152,0,1.324852672670513
1185,2,-.8524442527030157,0,1.324852672670513
1185,3,-1.128746121168368,0,1.324852672670513
1186,1,.8542882271146415,1,-.2791706530720754
1186,2,2.243057387531474,1,-.2791706530720754
1186,3,3.578461290958067,1,-.2791706530720754
1187,1,-.7900815110038538,0,1.033759601314185
1187,2,-.5796036327777763,0,1.033759601314185
1187,3,-.5499635580261615,0,1.033759601314185
1188,1,-1.642770869445033,1,-.9184029651419245
1188,2,2.475180547207264,1,-.9184029651419245
1188,3,1.212562209488603,1,-.9184029651419245
1189,1,1.540945648274437,1,.0314495356632171
1189,2,3.405397442035384,1,.0314495356632171
1189,3,4.612396375689181,1,.0314495356632171
1190,1,.0601512115407197,1,2.376416927115937
1190,2,.5462031223555938,1,2.376416927115937
1190,3,1.249689825082289,1,2.376416927115937
1191,1,-1.950402418946017,0,.4719609831693641
1191,2,-1.291886594745839,0,.4719609831693641
1191,3,-3.065298218899186,0,.4719609831693641
1192,1,.6223293384406982,1,.3900892362506033
1192,2,-.8987332302562512,1,.3900892362506033
1192,3,2.350251224265436,1,.3900892362506033
1193,1,.9178697588568938,0,-1.324508241926381
1193,2,2.497700933362583,0,-1.324508241926381
1193,3,2.557376007818409,0,-1.324508241926381
1194,1,.1599329063396819,0,.5591460437543343
1194,2,-1.083559150795242,0,.5591460437543343
1194,3,2.213733094283273,0,.5591460437543343
1195,1,.9991989724932775,0,-.627512863132512
1195,2,2.218910600562506,0,-.627512863132512
1195,3,3.562366334020013,0,-.627512863132512
1196,1,-.5657623048401195,1,.7592988007200724
1196,2,.0480487100817057,1,.7592988007200724
1196,3,.690173881011116,1,.7592988007200724
1197,1,.0661670996641809,1,-.043621711869317
1197,2,2.979645077861782,1,-.043621711869317
1197,3,.7987977273289655,1,-.043621711869317
1198,1,-.5712485185826903,1,.3020345118953566
1198,2,-.7494270978467819,1,.3020345118953566
1198,3,-.9151398649905824,1,.3020345118953566
1199,1,.5190831833647765,1,-.1753847047962797
1199,2,2.594057461346738,1,-.1753847047962797
1199,3,3.749391879076124,1,-.1753847047962797
1200,1,-1.499536223905456,0,-.3026465458344926
1200,2,-1.36943684938541,0,-.3026465458344926
1200,3,.0904478178472998,0,-.3026465458344926
1201,1,.3893079736687206,1,1.164921618404115
1201,2,.3977890733147732,1,1.164921618404115
1201,3,3.048352921443264,1,1.164921618404115
1202,1,.2178817970974646,1,1.034429907101483
1202,2,1.898542169780529,1,1.034429907101483
1202,3,3.382713475790646,1,1.034429907101483
1203,1,-1.865110606399407,1,.8530812281550779
1203,2,-1.295548504285204,1,.8530812281550779
1203,3,.177097394883927,1,.8530812281550779
1204,1,-.3955594275283464,0,.2040213277009503
1204,2,1.392696660664049,0,.2040213277009503
1204,3,.5804223425946953,0,.2040213277009503
1205,1,-1.679832807826276,0,-.4120951143044168
1205,2,-1.632557143985176,0,-.4120951143044168
1205,3,-2.8833050215461,0,-.4120951143044168
1206,1,1.011095004880294,1,.3081946220116051
1206,2,2.022006143214992,1,.3081946220116051
1206,3,2.697018279036921,1,.3081946220116051
1207,1,-.4932590055693125,0,1.200748147693626
1207,2,.0530642189693531,0,1.200748147693626
1207,3,2.19247450551071,0,1.200748147693626
1208,1,.6298304483163037,0,.2877467245160319
1208,2,.3951996288641347,0,.2877467245160319
1208,3,1.457723938904923,0,.2877467245160319
1209,1,-1.399991662653439,0,1.073797823336222
1209,2,-1.049918751417217,0,1.073797823336222
1209,3,-.3874703567708451,0,1.073797823336222
1210,1,1.835176273793886,0,.8375199486072581
1210,2,2.338064080134364,0,.8375199486072581
1210,3,1.25118702290945,0,.8375199486072581
1211,1,.6992504767999335,0,.2492558165359808
1211,2,2.577910625467612,0,.2492558165359808
1211,3,-.4150035998576147,0,.2492558165359808
1212,1,1.254316226891329,0,.4409272522514028
1212,2,.5046946312934559,0,.4409272522514028
1212,3,3.13276197733531,0,.4409272522514028
1213,1,.7770654077874999,1,.5807289119547193
1213,2,2.952420922321239,1,.5807289119547193
1213,3,2.894557671068843,1,.5807289119547193
1214,1,1.397174360736368,0,-.3164072162718916
1214,2,2.763857231292412,0,-.3164072162718916
1214,3,.5699242767449819,0,-.3164072162718916
1215,1,2.464363527702518,0,-.1145562643594649
1215,2,1.432731634906889,0,-.1145562643594649
1215,3,.914501055365704,0,-.1145562643594649
1216,1,-.3201548079477945,0,.517004761464668
1216,2,2.581302830843557,0,.517004761464668
1216,3,3.410407435752914,0,.517004761464668
1217,1,.5151053585765153,0,-.7210920906435193
1217,2,-1.602390710447967,0,-.7210920906435193
1217,3,-.4388011148163975,0,-.7210920906435193
1218,1,.6631428949504976,0,-1.312763244477012
1218,2,-.6407185931781083,0,-1.312763244477012
1218,3,-1.593221963281866,0,-1.312763244477012
1219,1,.4060228865878877,1,.8356032087465031
1219,2,-.0697290312272509,1,.8356032087465031
1219,3,.6554868148998922,1,.8356032087465031
1220,1,.111869692183892,0,-1.285788425254958
1220,2,-1.780445180072594,0,-1.285788425254958
1220,3,-.2718759449366428,0,-1.285788425254958
1221,1,-2.969861965992247,1,.2092885036714612
1221,2,-.7105554367691851,1,.2092885036714612
1221,3,.2527910672101357,1,.2092885036714612
1222,1,2.904039532720089,1,-.8428086656223067
1222,2,1.290668658258973,1,-.8428086656223067
1222,3,2.923393401630618,1,-.8428086656223067
1223,1,1.808611408403238,0,.1971257861576304
1223,2,-.3986786114056484,0,.1971257861576304
1223,3,1.27706566124785,0,.1971257861576304
1224,1,-1.630275258556805,0,1.503790648105305
1224,2,-3.287932103982527,0,1.503790648105305
1224,3,-.141528332500502,0,1.503790648105305
1225,1,1.460166765205671,1,-.7542724507738916
1225,2,.5495750331759585,1,-.7542724507738916
1225,3,1.597969175106311,1,-.7542724507738916
1226,1,-2.597844206481422,0,-.2482641736863199
1226,2,-1.105730223406062,0,-.2482641736863199
1226,3,.0342754638673679,0,-.2482641736863199
1227,1,-1.592832855882163,1,-.8353517633377245
1227,2,.2342144805991493,1,-.8353517633377245
1227,3,.8462329644598887,1,-.8353517633377245
1228,1,2.171225558738089,0,-1.164617745065023
1228,2,1.348310325524992,0,-1.164617745065023
1228,3,1.388431972090563,0,-1.164617745065023
1229,1,-1.16900795944331,0,-.7216398035353567
1229,2,-2.607694973909009,0,-.7216398035353567
1229,3,-1.798155066050018,0,-.7216398035353567
1230,1,-.3832377762758905,0,.2019898263021858
1230,2,.488997160472351,0,.2019898263021858
1230,3,2.302048541707937,0,.2019898263021858
1231,1,1.365284462215925,0,.4012291868906754
1231,2,.1702624869025935,0,.4012291868906754
1231,3,.7256638383813823,0,.4012291868906754
1232,1,-1.822691056319805,0,-.092795729316911
1232,2,-.7867001839432324,0,-.092795729316911
1232,3,-2.619329697685292,0,-.092795729316911
1233,1,.5799977654443027,1,-1.128456907223733
1233,2,.7748784209248825,1,-1.128456907223733
1233,3,1.779749395866198,1,-1.128456907223733
1234,1,-.3298113987000589,1,.5563821336257156
1234,2,-1.56937598554393,1,.5563821336257156
1234,3,2.751614745482281,1,.5563821336257156
1235,1,1.43836120218997,1,-.0824979855114542
1235,2,2.239837157922312,1,-.0824979855114542
1235,3,2.736254626188978,1,-.0824979855114542
1236,1,-1.770543837469024,1,.0713933242921941
1236,2,-1.005286493621617,1,.0713933242921941
1236,3,.5975804455074444,1,.0713933242921941
1237,1,1.028366893728287,0,-.3358902713446497
1237,2,.6245755531598258,0,-.3358902713446497
1237,3,.6519878581909989,0,-.3358902713446497
1238,1,.6915911618677291,0,-1.177226165079091
1238,2,-.1651831366684144,0,-1.177226165079091
1238,3,1.160088207532519,0,-1.177226165079091
1239,1,-.4267609692257719,0,1.737327041031676
1239,2,-.86645727566026,0,1.737327041031676
1239,3,1.553028011176745,0,1.737327041031676
1240,1,.710686033513434,1,1.083699847941662
1240,2,2.098871770148508,1,1.083699847941662
1240,3,1.104958124315508,1,1.083699847941662
1241,1,1.716335247450331,0,.0185063209342393
1241,2,1.827796336709475,0,.0185063209342393
1241,3,1.818715435851828,0,.0185063209342393
1242,1,.9956803066203598,0,-1.973642883923229
1242,2,-1.148751131291146,0,-1.973642883923229
1242,3,.515675031332636,0,-1.973642883923229
1243,1,-2.565547121294365,1,-.4922212608254922
1243,2,-.690851686389002,1,-.4922212608254922
1243,3,.876730827885415,1,-.4922212608254922
1244,1,.1463078592550474,0,-.4757404887181177
1244,2,.5880318441217907,0,-.4757404887181177
1244,3,1.695886692707097,0,-.4757404887181177
1245,1,.3146028404392941,1,1.222005420614185
1245,2,-.9235263169611663,1,1.222005420614185
1245,3,1.892144526172218,1,1.222005420614185
1246,1,1.790101490789534,1,1.079545534915578
1246,2,-.3830840243944789,1,1.079545534915578
1246,3,2.104397433617491,1,1.079545534915578
1247,1,-1.937239821718496,1,-.3192211419676451
1247,2,-.6598362298574091,1,-.3192211419676451
1247,3,.1885603764564804,1,-.3192211419676451
1248,1,-2.170982377550395,0,1.214453467958367
1248,2,-1.990271757282187,0,1.214453467958367
1248,3,-3.245483176909799,0,1.214453467958367
1249,1,-1.982061163611314,1,-.2286726430909046
1249,2,.4298256802013121,1,-.2286726430909046
1249,3,-2.238604592701756,1,-.2286726430909046
1250,1,2.317269002651415,1,1.51649528569675
1250,2,1.151734769951916,1,1.51649528569675
1250,3,3.551753001374589,1,1.51649528569675
1251,1,-1.149069671217156,0,.7414149505135739
1251,2,-.885682544854801,0,.7414149505135739
1251,3,-.748949066310435,0,.7414149505135739
1252,1,-1.146035435085196,1,2.074874121072784
1252,2,-2.922514962085855,1,2.074874121072784
1252,3,-.0793104195633783,1,2.074874121072784
1253,1,.0498825887820236,1,2.090140376820492
1253,2,1.611592898927655,1,2.090140376820492
1253,3,1.536993328686181,1,2.090140376820492
1254,1,1.175199208394621,1,.5434401836857048
1254,2,2.085729563695443,1,.5434401836857048
1254,3,-.5361564634734373,1,.5434401836857048
1255,1,-2.173750831150931,1,-.2617440217065476
1255,2,-1.141751621252444,1,-.2617440217065476
1255,3,-2.139338885390285,1,-.2617440217065476
1256,1,-.3312658155475441,0,.2159373063818371
1256,2,1.499224858123398,0,.2159373063818371
1256,3,1.712022811955623,0,.2159373063818371
1257,1,1.579355933103053,0,.227134172757516
1257,2,-.9050965250169125,0,.227134172757516
1257,3,-1.128143311063743,0,.227134172757516
1258,1,.452152662196076,1,.9617622028442465
1258,2,-.8707929684651662,1,.9617622028442465
1258,3,-.1353117112021963,1,.9617622028442465
1259,1,.3002069670156864,1,.4730141118792402
1259,2,-.7993553151413344,1,.4730141118792402
1259,3,.0537351981348667,1,.4730141118792402
1260,1,-.6388122453285598,0,-1.472641831026883
1260,2,1.564537624491783,0,-1.472641831026883
1260,3,1.174117669720438,0,-1.472641831026883
1261,1,.371723134280794,0,-.7143864352606127
1261,2,.846208323599551,0,-.7143864352606127
1261,3,1.240844389060684,0,-.7143864352606127
1262,1,.009817088131351,0,1.406051458809279
1262,2,-.1158900180369267,0,1.406051458809279
1262,3,-.6775927885554062,0,1.406051458809279
1263,1,-.3889502268794219,0,.1226518566908546
1263,2,2.868059429311448,0,.1226518566908546
1263,3,1.589928067513927,0,.1226518566908546
1264,1,.8173685600627276,1,.5154825665940932
1264,2,-.190544743226578,1,.5154825665940932
1264,3,-1.614476044157769,1,.5154825665940932
1265,1,1.43241348709469,1,-.0377244421758017
1265,2,.9140008895897447,1,-.0377244421758017
1265,3,1.28074127641374,1,-.0377244421758017
1266,1,-1.297600275550016,1,.4760341336429088
1266,2,1.919538671776816,1,.4760341336429088
1266,3,-.2065388167166481,1,.4760341336429088
1267,1,-.4565911485619429,1,-.8580230000492126
1267,2,3.905564491487286,1,-.8580230000492126
1267,3,2.661622108121126,1,-.8580230000492126
1268,1,.8347314362752003,1,.3277496841899007
1268,2,.8548089182011974,1,.3277496841899007
1268,3,-.0615531393238496,1,.3277496841899007
1269,1,.7867680876208655,1,-.8251947868338805
1269,2,2.077254564632227,1,-.8251947868338805
1269,3,1.277383218541465,1,-.8251947868338805
1270,1,.5437911297614685,1,.35162246613697
1270,2,1.8567792646561,1,.35162246613697
1270,3,2.102453797673683,1,.35162246613697
1271,1,-2.65078406177829,0,-.8982948816842709
1271,2,.676708275806761,0,-.8982948816842709
1271,3,1.042945724288697,0,-.8982948816842709
1272,1,1.633235831081582,1,.1707210009579856
1272,2,2.198075850723083,1,.1707210009579856
1272,3,3.006085725984983,1,.1707210009579856
1273,1,1.807509972427896,1,.9713470144709944
1273,2,1.149766493959945,1,.9713470144709944
1273,3,2.484284007961732,1,.9713470144709944
1274,1,-2.536210073197054,0,-.1452996342840401
1274,2,-1.482085856767415,0,-.1452996342840401
1274,3,-.6497463785811854,0,-.1452996342840401
1275,1,.0924881397154054,0,1.162673916665964
1275,2,.6092173825956206,0,1.162673916665964
1275,3,1.335551116261526,0,1.162673916665964
1276,1,-2.459588814438074,1,.1027893583372413
1276,2,-1.063752331262008,1,.1027893583372413
1276,3,.1366585208991492,1,.1027893583372413
1277,1,.476837203180434,0,-.8275211508566268
1277,2,.0128723197611513,0,-.8275211508566268
1277,3,-.4419828027254416,0,-.8275211508566268
1278,1,-.6874706217197719,1,.3682072865271704
1278,2,-.5055283296023204,1,.3682072865271704
1278,3,-.8437313598847901,1,.3682072865271704
1279,1,.2765954850127845,1,1.084787929527157
1279,2,.6212891814082685,1,1.084787929527157
1279,3,4.143992067375946,1,1.084787929527157
1280,1,-1.369237522569681,0,.4747297921274359
1280,2,1.223944488825639,0,.4747297921274359
1280,3,-1.005305130549358,0,.4747297921274359
1281,1,1.081103939444341,0,1.691626954168498
1281,2,.3399551385237103,0,1.691626954168498
1281,3,1.327771332776935,0,1.691626954168498
1282,1,2.096167351107296,1,2.506029463332386
1282,2,.2133975342292599,1,2.506029463332386
1282,3,.5075625632309859,1,2.506029463332386
1283,1,2.038252952713105,1,.9455562900929437
1283,2,.2434611807553949,1,.9455562900929437
1283,3,-.3690046698623241,1,.9455562900929437
1284,1,.9041408315607438,0,.3360873183667138
1284,2,2.514730481822679,0,.3360873183667138
1284,3,1.695072503088149,0,.3360873183667138
1285,1,.3157751391152428,1,-1.741799952140126
1285,2,-1.374489751081931,1,-1.741799952140126
1285,3,1.112081368983431,1,-1.741799952140126
1286,1,-2.71757430343916,1,.4631181120170939
1286,2,-3.786900080172835,1,.4631181120170939
1286,3,-2.287630884613675,1,.4631181120170939
1287,1,-1.504374245718526,0,.5417244301201706
1287,2,-1.622640308508698,0,.5417244301201706
1287,3,.6976175130799952,0,.5417244301201706
1288,1,-.6696043443088578,1,.6286954025446344
1288,2,.6295348741667715,1,.6286954025446344
1288,3,-1.605011631756038,1,.6286954025446344
1289,1,.6857924339312139,0,-1.583812842450223
1289,2,.8196222720688537,0,-1.583812842450223
1289,3,1.022794703239521,0,-1.583812842450223
1290,1,-2.042261574966007,0,2.016189839485068
1290,2,-1.78924444402139,0,2.016189839485068
1290,3,-2.180311179821714,0,2.016189839485068
1291,1,.4745746916580085,1,1.299020558162468
1291,2,-1.888315113004095,1,1.299020558162468
1291,3,.4736121449493849,1,1.299020558162468
1292,1,-.4014854582346625,0,-.9609102388225346
1292,2,-1.125718014302076,0,-.9609102388225346
1292,3,-.571759954504633,0,-.9609102388225346
1293,1,-.3738418912432605,1,.5922617257627085
1293,2,.523110998966072,1,.5922617257627085
1293,3,1.716782626922203,1,.5922617257627085
1294,1,-.6914061155435516,1,.9315809227331792
1294,2,.4163199501297872,1,.9315809227331792
1294,3,.2667948822031501,1,.9315809227331792
1295,1,.5739621667618118,1,1.369352841467398
1295,2,3.307694638455821,1,1.369352841467398
1295,3,3.306478184978963,1,1.369352841467398
1296,1,-.9836850566010051,0,-.6357783869923485
1296,2,.1926589335844558,0,-.6357783869923485
1296,3,1.384942018111987,0,-.6357783869923485
1297,1,1.954082807632906,1,-.6279617429887864
1297,2,-.3133646729897132,1,-.6279617429887864
1297,3,.4502136244700103,1,-.6279617429887864
1298,1,3.012135803668205,0,-1.829518222305675
1298,2,1.350362894424417,0,-1.829518222305675
1298,3,1.86054241522409,0,-1.829518222305675
1299,1,-1.17355689776374,0,.3428726968167151
1299,2,.3242101667167705,0,.3428726968167151
1299,3,.023306825851435,0,.3428726968167151
1300,1,1.122336438254802,0,-1.354525655915487
1300,2,1.146568748587586,0,-1.354525655915487
1300,3,1.389743519065485,0,-1.354525655915487
1301,1,.2723585726763214,1,-.1627042692011694
1301,2,.4721344758131046,1,-.1627042692011694
1301,3,1.562320687648984,1,-.1627042692011694
1302,1,-.4463791174860292,1,.6286125582465685
1302,2,1.330706632848037,1,.6286125582465685
1302,3,1.169470874295565,1,.6286125582465685
1303,1,2.091469660231651,1,-.1257807236257292
1303,2,.562338963626354,1,-.1257807236257292
1303,3,4.402773000820267,1,-.1257807236257292
1304,1,1.807831500604771,1,-.0957933160677794
1304,2,2.660998635396284,1,-.0957933160677794
1304,3,4.094403400890986,1,-.0957933160677794
1305,1,.4390901002028199,1,2.047858147646031
1305,2,.6701019632444567,1,2.047858147646031
1305,3,.0719367086699125,1,2.047858147646031
1306,1,-3.677822764967023,0,-.4864285011741758
1306,2,-2.189351057283875,0,-.4864285011741758
1306,3,.5143564485514898,0,-.4864285011741758
1307,1,-2.089263051552452,0,-.8764345566282967
1307,2,-.1863639953952357,0,-.8764345566282967
1307,3,-1.587930570257184,0,-.8764345566282967
1308,1,.5195375043507843,1,.64368541905548
1308,2,-.8705629889213292,1,.64368541905548
1308,3,1.588793789601511,1,.64368541905548
1309,1,.2165203726395436,0,-.5377850574584433
1309,2,.4761041457919171,0,-.5377850574584433
1309,3,-.6705928714354904,0,-.5377850574584433
1310,1,-1.065822225753221,0,-1.712206114339851
1310,2,.2164220174196245,0,-1.712206114339851
1310,3,1.734420649836284,0,-1.712206114339851
1311,1,-1.717600959773391,0,-.3075511630860061
1311,2,-2.291345696678007,0,-.3075511630860061
1311,3,-1.386691040470897,0,-.3075511630860061
1312,1,-.2360446549242293,0,-.8524268167140401
1312,2,-1.998089443237194,0,-.8524268167140401
1312,3,-1.230533168595269,0,-.8524268167140401
1313,1,-.7026067210133141,0,.9224791288665076
1313,2,-.7477154630702703,0,.9224791288665076
1313,3,-.348700006179118,0,.9224791288665076
1314,1,-2.919547766226773,1,-1.246739036451081
1314,2,-.8815243535635303,1,-1.246739036451081
1314,3,-2.588631404631812,1,-1.246739036451081
1315,1,-.9678608858461948,1,-1.980471753870064
1315,2,.2831837121758271,1,-1.980471753870064
1315,3,.0182460385107501,1,-1.980471753870064
1316,1,-3.70782940387342,1,-.6768804256541822
1316,2,1.105915322717005,1,-.6768804256541822
1316,3,1.680031349688518,1,-.6768804256541822
1317,1,.2344017735960041,1,1.485345506517082
1317,2,-.3385659388669711,1,1.485345506517082
1317,3,1.412642424768269,1,1.485345506517082
1318,1,-1.419867801938305,0,.4569870254159211
1318,2,-2.040851613594982,0,.4569870254159211
1318,3,-2.361338557878053,0,.4569870254159211
1319,1,-2.035004139826294,1,.0580800435019902
1319,2,-1.532474328871055,1,.0580800435019902
1319,3,.5453423986065272,1,.0580800435019902
1320,1,.6210400549954996,0,-1.083893903651975
1320,2,.8252179563408216,0,-1.083893903651975
1320,3,2.642166714714927,0,-1.083893903651975
1321,1,-.9214666042338681,1,1.538992394567323
1321,2,.3746441824801268,1,1.538992394567323
1321,3,.0115208809015749,1,1.538992394567323
1322,1,1.079116961383395,1,-1.79038059510339
1322,2,1.129970742459502,1,-1.79038059510339
1322,3,1.017487188308842,1,-1.79038059510339
1323,1,-1.304567914030852,0,-.4982287283918634
1323,2,.3628286429074028,0,-.4982287283918634
1323,3,.3084284938999006,0,-.4982287283918634
1324,1,-.0534870934701452,0,.3238837387483369
1324,2,2.717855913789294,0,.3238837387483369
1324,3,.1832250204316295,0,.3238837387483369
1325,1,.1179889946620338,0,-.5313314407566567
1325,2,-1.35924501247326,0,-.5313314407566567
1325,3,.1221127509396685,0,-.5313314407566567
1326,1,-3.181380651940513,1,.7054151445515924
1326,2,-1.843455058374995,1,.7054151445515924
1326,3,.1972003369625364,1,.7054151445515924
1327,1,-.5747106748510613,1,.3860989624248599
1327,2,.3060283581766107,1,.3860989624248599
1327,3,1.285360587681751,1,.3860989624248599
1328,1,1.123226740028503,0,.2866904417363418
1328,2,-1.73313917352518,0,.2866904417363418
1328,3,1.184405881556202,0,.2866904417363418
1329,1,.4708092743166922,0,-1.093281905591211
1329,2,.2175901519852393,0,-1.093281905591211
1329,3,-.3675082189779404,0,-1.093281905591211
1330,1,.7894014931634619,1,1.774786770041697
1330,2,1.835086238669502,1,1.774786770041697
1330,3,.7962611642297805,1,1.774786770041697
1331,1,-.1737354700900692,1,.0588624102436205
1331,2,-.6567784786956985,1,.0588624102436205
1331,3,1.061953784376445,1,.0588624102436205
1332,1,.0227217169967106,0,-1.126564950039418
1332,2,.2036280183277407,0,-1.126564950039418
1332,3,.008079852459759,0,-1.126564950039418
1333,1,.9918493527063355,0,-.2244850069240497
1333,2,.5796123183400115,0,-.2244850069240497
1333,3,1.85632410160661,0,-.2244850069240497
1334,1,-.0034354740535343,1,2.217494457335724
1334,2,.5483925711330931,1,2.217494457335724
1334,3,1.335029152598944,1,2.217494457335724
1335,1,1.184783170201753,1,1.274427242544105
1335,2,2.559877397821561,1,1.274427242544105
1335,3,2.885014283890698,1,1.274427242544105
1336,1,1.788032406864082,0,-1.812913485602024
1336,2,1.893545836287965,0,-1.812913485602024
1336,3,.7694187412998469,0,-1.812913485602024
1337,1,-1.335793712567316,0,-.4944179764385143
1337,2,-2.068441240030392,0,-.4944179764385143
1337,3,-1.202927515934336,0,-.4944179764385143
1338,1,.6434080860712788,1,-.3912469058577355
1338,2,.1636329947079923,1,-.3912469058577355
1338,3,1.020391388313957,1,-.3912469058577355
1339,1,.4385756439976323,0,.7349029803591114
1339,2,.8610856824596413,0,.7349029803591114
1339,3,-.2088918002038306,0,.7349029803591114
1340,1,-.1494337585524301,1,-.2762845647317502
1340,2,-.8495189185708488,1,-.2762845647317502
1340,3,.6819616538022248,1,-.2762845647317502
1341,1,1.40126026740891,1,.2060556564188485
1341,2,.276077800008895,1,.2060556564188485
1341,3,1.654652803945142,1,.2060556564188485
1342,1,1.787714536314228,1,-1.606274548962952
1342,2,1.850122204142798,1,-1.606274548962952
1342,3,2.225276867538625,1,-1.606274548962952
1343,1,-.196647865809396,0,.1423162770615967
1343,2,-.6286974848156637,0,.1423162770615967
1343,3,-1.120656653725176,0,.1423162770615967
1344,1,-.6153750993349981,1,-1.302777567072018
1344,2,1.509511347179695,1,-1.302777567072018
1344,3,-.7902358165959484,1,-1.302777567072018
1345,1,.903751322626408,1,.5455321183566302
1345,2,1.237818228733274,1,.5455321183566302
1345,3,-1.096820072757599,1,.5455321183566302
1346,1,.2466763723822514,1,-1.301197489575567
1346,2,3.307202898069034,1,-1.301197489575567
1346,3,1.186923234783933,1,-1.301197489575567
1347,1,.1714107402090476,1,.9317992934034353
1347,2,2.725672637231852,1,.9317992934034353
1347,3,2.703745919837225,1,.9317992934034353
1348,1,-3.229843985875082,0,.6702205074956857
1348,2,-.5805927943585228,0,.6702205074956857
1348,3,-.6450537419789495,0,.6702205074956857
1349,1,-.8980748275909888,0,-.3851920403827579
1349,2,2.219756157453815,0,-.3851920403827579
1349,3,-.337028112822495,0,-.3851920403827579
1350,1,-.0773284243064118,0,-.8897013942164452
1350,2,.4107871620339463,0,-.8897013942164452
1350,3,-.8880192370627691,0,-.8897013942164452
1351,1,-.0354036962226743,0,2.463970525723596
1351,2,.534285170159879,0,2.463970525723596
1351,3,.1667887742733138,0,2.463970525723596
1352,1,3.095026331112567,1,.8713009994772533
1352,2,2.416423447960864,1,.8713009994772533
1352,3,2.24874027183768,1,.8713009994772533
1353,1,.7446422542687721,0,-.6184682672447808
1353,2,.0676407866912565,0,-.6184682672447808
1353,3,1.121569132455975,0,-.6184682672447808
1354,1,-2.066926530109905,0,-.2215110828432835
1354,2,-2.213600971979189,0,-.2215110828432835
1354,3,-.9278741021835077,0,-.2215110828432835
1355,1,-1.008706789144858,1,.2087731153991825
1355,2,-.7330313467065954,1,.2087731153991825
1355,3,2.952676309964881,1,.2087731153991825
1356,1,.7557255901130644,0,-.3499559548021417
1356,2,-1.471185679206082,0,-.3499559548021417
1356,3,-1.14023619297636,0,-.3499559548021417
1357,1,.1948883636904481,1,-.680846976271743
1357,2,-.0975930449763362,1,-.680846976271743
1357,3,.5360249512598555,1,-.680846976271743
1358,1,1.14500484927707,0,-.3136567083623453
1358,2,-.4140406023334851,0,-.3136567083623453
1358,3,-.8787502812653937,0,-.3136567083623453
1359,1,1.385142757379018,1,-.2031875622396428
1359,2,1.10316873258226,1,-.2031875622396428
1359,3,.1931014453801168,1,-.2031875622396428
1360,1,.4652169883664143,0,-.0227628341988328
1360,2,2.895664427840324,0,-.0227628341988328
1360,3,1.356487800950605,0,-.0227628341988328
1361,1,2.823985462786842,1,.6971970792443873
1361,2,.8853223822564578,1,.6971970792443873
1361,3,1.086987509948969,1,.6971970792443873
1362,1,.7038463675108155,1,-.6504466646570319
1362,2,2.013227537009866,1,-.6504466646570319
1362,3,.3187018371867928,1,-.6504466646570319
1363,1,.8060548880474991,1,1.830083152690032
1363,2,1.428766657940997,1,1.830083152690032
1363,3,.7916610720696773,1,1.830083152690032
1364,1,2.742846530463466,0,.4575226040559675
1364,2,1.459179263702413,0,.4575226040559675
1364,3,1.382115072231317,0,.4575226040559675
1365,1,-1.85388779941837,1,2.764016925708893
1365,2,-.5697227970466413,1,2.764016925708893
1365,3,.0878155655933299,1,2.764016925708893
1366,1,1.494286756289959,1,.3026792232465952
1366,2,-.5425062038423341,1,.3026792232465952
1366,3,1.819938708373921,1,.3026792232465952
1367,1,.0921335454212531,1,1.760071241663123
1367,2,-.2093752542098694,1,1.760071241663123
1367,3,-1.916778409875838,1,1.760071241663123
1368,1,-.5676688952481828,0,.0445702647202022
1368,2,.7735755694483744,0,.0445702647202022
1368,3,1.456785764287181,0,.0445702647202022
1369,1,1.143033857820435,0,-1.934283261981415
1369,2,1.400046836809985,0,-1.934283261981415
1369,3,2.1933278312407,0,-1.934283261981415
1370,1,.101078830957178,0,1.171228766104042
1370,2,1.250417545236245,0,1.171228766104042
1370,3,-.83791577340941,0,1.171228766104042
1371,1,.6396487773130094,0,2.604350593682252
1371,2,.3217154734047727,0,2.604350593682252
1371,3,1.467782880248746,0,2.604350593682252
1372,1,-.5140499880266842,0,.0418439166367175
1372,2,-1.499616765091348,0,.0418439166367175
1372,3,2.999601980128904,0,.0418439166367175
1373,1,-.5790550978818864,1,.3306690783713233
1373,2,-.0887933254766017,1,.3306690783713233
1373,3,-.3451812919872956,1,.3306690783713233
1374,1,-.9094096742927082,0,.1277815697595433
1374,2,-.3681799566752242,0,.1277815697595433
1374,3,-.2001671995648108,0,.1277815697595433
1375,1,-.1724769301543675,0,-.3255355573312358
1375,2,2.1782513376956,0,-.3255355573312358
1375,3,2.336039047742179,0,-.3255355573312358
1376,1,4.274389521599213,0,-1.197349001409094
1376,2,3.687788870260384,0,-1.197349001409094
1376,3,-.4605026662866663,0,-1.197349001409094
1377,1,.2111480826009186,0,.8332941163654073
1377,2,-2.703549398474743,0,.8332941163654073
1377,3,-.7626945611171043,0,.8332941163654073
1378,1,1.990367090513642,1,1.225871962232853
1378,2,2.328338416546435,1,1.225871962232853
1378,3,-.665535300663312,1,1.225871962232853
1379,1,-1.544364931301588,0,.3129357222338144
1379,2,-2.078618910665965,0,.3129357222338144
1379,3,-.7535205493662671,0,.3129357222338144
1380,1,-3.658069620410089,0,.0020079515684331
1380,2,-1.997623508853258,0,.0020079515684331
1380,3,-.3122931742549887,0,.0020079515684331
1381,1,-1.501004611353889,1,-.2708707460833134
1381,2,-1.03770870316122,1,-.2708707460833134
1381,3,.4733782047688562,1,-.2708707460833134
1382,1,2.601423231761693,0,.9417025661832279
1382,2,-.0499371019633712,0,.9417025661832279
1382,3,.2286278090012395,0,.9417025661832279
1383,1,-.0892383122790668,1,.6462170538798753
1383,2,.6679724244240284,1,.6462170538798753
1383,3,-1.717257380684734,1,.6462170538798753
1384,1,1.183784929435306,0,-.111919025767496
1384,2,.6744987698853956,0,-.111919025767496
1384,3,.7833050137310825,0,-.111919025767496
1385,1,2.770515212560663,1,-.2481169830549435
1385,2,2.217987224716054,1,-.2481169830549435
1385,3,.6299355042597607,1,-.2481169830549435
1386,1,.2833392802981864,1,1.736655600549283
1386,2,-1.088058645870999,1,1.736655600549283
1386,3,-.2550760847367313,1,1.736655600549283
1387,1,-1.864069531508571,1,-.7116393069337632
1387,2,-1.120519371216119,1,-.7116393069337632
1387,3,-.4402721402032733,1,-.7116393069337632
1388,1,2.028619986196077,1,-.181785705726878
1388,2,-.2876910925945368,1,-.181785705726878
1388,3,1.207388732601764,1,-.181785705726878
1389,1,-1.094093378236713,1,1.461691130592276
1389,2,.2324407072249275,1,1.461691130592276
1389,3,-1.017563148998539,1,1.461691130592276
1390,1,-.8463006710010477,0,.4212983287479878
1390,2,-.425107572558231,0,.4212983287479878
1390,3,-.6444670542164984,0,.4212983287479878
1391,1,-.0001077368499485,1,1.074626995752558
1391,2,-1.059775096843931,1,1.074626995752558
1391,3,.7264260169684216,1,1.074626995752558
1392,1,.0047035811536968,1,.353593842447074
1392,2,-.254849871173685,1,.353593842447074
1392,3,-1.290584161332542,1,.353593842447074
1393,1,.1239423038739992,1,.3236727733907117
1393,2,.66553868050526,1,.3236727733907117
1393,3,3.319691899589605,1,.3236727733907117
1394,1,-2.550353117239833,1,-1.889501338477519
1394,2,-2.001384218037049,1,-1.889501338477519
1394,3,-.3135285213301927,1,-1.889501338477519
1395,1,.6539077070303504,1,1.382053327816724
1395,2,2.287032719009548,1,1.382053327816724
1395,3,.9738293635901004,1,1.382053327816724
1396,1,-.6662663735466783,1,-.4249600606501856
1396,2,-.5285905703911916,1,-.4249600606501856
1396,3,-.5982863610965384,1,-.4249600606501856
1397,1,-.8688137634842451,0,.4815768544016086
1397,2,-1.465162466306039,0,.4815768544016086
1397,3,1.076688457930571,0,.4815768544016086
1398,1,-.6221366196140291,1,1.936948479316288
1398,2,-1.800869265680156,1,1.936948479316288
1398,3,1.428823818958018,1,1.936948479316288
1399,1,.269359740024491,0,.1584847047732807
1399,2,1.632292800810937,0,.1584847047732807
1399,3,.3948213536733404,0,.1584847047732807
1400,1,-1.51055173865096,1,.2956383306858577
1400,2,.2847970423267825,1,.2956383306858577
1400,3,1.270506758701996,1,.2956383306858577
1401,1,.6382946753932327,1,1.675631648803964
1401,2,.0994571885757533,1,1.675631648803964
1401,3,1.453738465818427,1,1.675631648803964
1402,1,-.1514782575038725,1,.1375919570263557
1402,2,-.1897187179928884,1,.1375919570263557
1402,3,-.3946696396849078,1,.1375919570263557
1403,1,-1.233558955782793,0,-.3050594547076068
1403,2,1.06951000286927,0,-.3050594547076068
1403,3,1.946223816786744,0,-.3050594547076068
1404,1,.8832193520075421,0,.5101402566483966
1404,2,.1214415670077236,0,.5101402566483966
1404,3,.6777170551393102,0,.5101402566483966
1405,1,-.2760691666396233,1,-.5278028205614251
1405,2,-.2596839526101419,1,-.5278028205614251
1405,3,1.321899810277609,1,-.5278028205614251
1406,1,.011942011044848,0,.0431705632147307
1406,2,-1.168723674738354,0,.0431705632147307
1406,3,.7504404135338039,0,.0431705632147307
1407,1,-.7524454360045485,1,-.0504692393563232
1407,2,-2.578533154687522,1,-.0504692393563232
1407,3,.3551559856500948,1,-.0504692393563232
1408,1,-.4120298529562234,1,-1.2183981767825
1408,2,-2.891858099730422,1,-1.2183981767825
1408,3,.0961101617538752,1,-1.2183981767825
1409,1,-1.166467042559914,0,-.3292115231684748
1409,2,.0224444108274108,0,-.3292115231684748
1409,3,-.3059107244524102,0,-.3292115231684748
1410,1,-.0281664400018829,1,.9916493994012212
1410,2,.1017291387883069,1,.9916493994012212
1410,3,1.724160675763821,1,.9916493994012212
1411,1,.3171386591722705,1,.50773378288199
1411,2,.6934449315751423,1,.50773378288199
1411,3,2.118742093991033,1,.50773378288199
1412,1,-.612559133697229,1,.2864892199199651
1412,2,-.6634034216326073,1,.2864892199199651
1412,3,.5846344241973893,1,.2864892199199651
1413,1,.9646091403513134,1,-.9148883944821402
1413,2,.470168973550103,1,-.9148883944821402
1413,3,2.246833204211184,1,-.9148883944821402
1414,1,1.948549291832427,0,2.595521186768879
1414,2,-.7432475533149899,0,2.595521186768879
1414,3,.6144550942644451,0,2.595521186768879
1415,1,.8164562441767903,1,.07933936309727
1415,2,.5401677392556655,1,.07933936309727
1415,3,-.2953987666216593,1,.07933936309727
1416,1,.5601259188097769,0,-1.398639395404537
1416,2,.4935132780299555,0,-1.398639395404537
1416,3,-1.388408671527996,0,-1.398639395404537
1417,1,1.351518999821027,0,1.399680566059439
1417,2,.7541436254041163,0,1.399680566059439
1417,3,1.176957421713117,0,1.399680566059439
1418,1,1.353628050392905,1,.2643250556395424
1418,2,.6421684381199109,1,.2643250556395424
1418,3,2.983471366757977,1,.2643250556395424
1419,1,-.4881260080366602,0,-.5817442877935431
1419,2,.5567471770994614,0,-.5817442877935431
1419,3,2.776420302024181,0,-.5817442877935431
1420,1,.6907599582863841,1,.3218125326515078
1420,2,.6274616424937474,1,.3218125326515078
1420,3,.5150871299431553,1,.3218125326515078
1421,1,1.633991942887984,1,2.101574382937126
1421,2,2.352983397229172,1,2.101574382937126
1421,3,1.835801291549413,1,2.101574382937126
1422,1,-.0226783345246859,1,.0692828859964272
1422,2,-.2469812970348435,1,.0692828859964272
1422,3,.5898789115301695,1,.0692828859964272
1423,1,1.35974330540948,0,.3972715234800035
1423,2,1.344909647961417,0,.3972715234800035
1423,3,.8923123954935872,0,.3972715234800035
1424,1,-.5542888976027859,0,-1.061279402609401
1424,2,1.487870228963766,0,-1.061279402609401
1424,3,1.492639670661283,0,-1.061279402609401
1425,1,-2.234113299309771,1,.9068281106921701
1425,2,-2.96692470010282,1,.9068281106921701
1425,3,-1.912776390066164,1,.9068281106921701
1426,1,.4612711251569494,1,.7450713004836812
1426,2,.0137784994210512,1,.7450713004836812
1426,3,.9619527203150265,1,.7450713004836812
1427,1,.34184391392185,1,1.433205597193591
1427,2,-.5684154368033479,1,1.433205597193591
1427,3,-2.215469408765129,1,1.433205597193591
1428,1,.6557830064806186,0,.6988406129131024
1428,2,1.29795311735109,0,.6988406129131024
1428,3,.7766576364962331,0,.6988406129131024
1429,1,-2.718964378887625,1,.323415699689752
1429,2,.0857374357529188,1,.323415699689752
1429,3,-1.315906703001823,1,.323415699689752
1430,1,.5832840695587134,0,.3626467342781684
1430,2,.0942032179751749,0,.3626467342781684
1430,3,1.424139664664332,0,.3626467342781684
1431,1,-1.390513363002495,1,-2.169799526117038
1431,2,-.6249335843580863,1,-2.169799526117038
1431,3,-.8243200341660397,1,-2.169799526117038
1432,1,-1.253914412333929,1,-1.775868252947656
1432,2,-1.448449020154371,1,-1.775868252947656
1432,3,.2877476321947029,1,-1.775868252947656
1433,1,-.8622094182482056,1,-1.473511794321405
1433,2,-.1063472146190569,1,-1.473511794321405
1433,3,-1.731370540799338,1,-1.473511794321405
1434,1,.929718806701062,0,-.3475695341133826
1434,2,.8222452002587848,0,-.3475695341133826
1434,3,1.294272199131388,0,-.3475695341133826
1435,1,-.0870510888827222,0,-2.797819577251721
1435,2,.598933514232141,0,-2.797819577251721
1435,3,.9573566509039468,0,-2.797819577251721
1436,1,-1.727556176022737,1,1.235686372054082
1436,2,.4152260125404572,1,1.235686372054082
1436,3,.3996891700273302,1,1.235686372054082
1437,1,-.0650584223670808,0,.8450592532622807
1437,2,-.0720715686770178,0,.8450592532622807
1437,3,-1.359135314726702,0,.8450592532622807
1438,1,2.17204653714874,0,-1.297422476116484
1438,2,1.50104962260187,0,-1.297422476116484
1438,3,1.24528424973793,0,-1.297422476116484
1439,1,-.8674445782908793,0,.618754317289428
1439,2,.2860816635055446,0,.618754317289428
1439,3,-.7801415335951832,0,.618754317289428
1440,1,-.0994323163300564,1,-.9046095098079097
1440,2,1.323917404717593,1,-.9046095098079097
1440,3,3.532395171160022,1,-.9046095098079097
1441,1,-1.135568135465379,1,1.266856292469992
1441,2,-1.454769237501522,1,1.266856292469992
1441,3,-.562564070507662,1,1.266856292469992
1442,1,2.947553698488294,1,2.070940486662665
1442,2,4.081466034085123,1,2.070940486662665
1442,3,4.703357574380686,1,2.070940486662665
1443,1,.5100517402567761,0,-.3278289091802561
1443,2,-2.772808072625573,0,-.3278289091802561
1443,3,-.7804177110926239,0,-.3278289091802561
1444,1,-.8301547272786506,0,.9755929558473172
1444,2,-1.744709125213772,0,.9755929558473172
1444,3,-2.358233485006807,0,.9755929558473172
1445,1,.3266027851673783,1,.3441863258465723
1445,2,.4309124895115925,1,.3441863258465723
1445,3,3.092890332104979,1,.3441863258465723
1446,1,1.445477418399013,1,.160490740956566
1446,2,.5172486711305211,1,.160490740956566
1446,3,.9669235789077226,1,.160490740956566
1447,1,1.020372514470672,1,.3216799835455507
1447,2,-.7628528012216637,1,.3216799835455507
1447,3,1.457172401804985,1,.3216799835455507
1448,1,1.09817966037349,0,-.2018083364275412
1448,2,-.2630890973003557,0,-.2018083364275412
1448,3,.5763081269567126,0,-.2018083364275412
1449,1,1.646427337131268,0,-.0593195730698748
1449,2,.5620025087688116,0,-.0593195730698748
1449,3,1.440741029406811,0,-.0593195730698748
1450,1,.0210978736765391,0,.140471614986063
1450,2,1.03857743786916,0,.140471614986063
1450,3,-.2076342674951224,0,.140471614986063
1451,1,-2.11329166482024,1,-1.07583323786774
1451,2,-1.036647690451826,1,-1.07583323786774
1451,3,.3462687574387224,1,-1.07583323786774
1452,1,-.7946085897649984,1,.4203961232350554
1452,2,-.3258129798304682,1,.4203961232350554
1452,3,.037510935407621,1,.4203961232350554
1453,1,-.5623020439653784,1,2.101600160630583
1453,2,.2695331016857221,1,2.101600160630583
1453,3,.0128186633369614,1,2.101600160630583
1454,1,.8074694055446781,0,-.3084618960363124
1454,2,-.184399459524318,0,-.3084618960363124
1454,3,-.0648325639718097,0,-.3084618960363124
1455,1,1.047555352428247,1,2.712236602879718
1455,2,-1.530137182421662,1,2.712236602879718
1455,3,.1794285906885995,1,2.712236602879718
1456,1,1.101960684654673,1,-1.154951238450569
1456,2,1.679862347497633,1,-1.154951238450569
1456,3,3.974016568538681,1,-1.154951238450569
1457,1,-2.718628467816488,1,.3263216307826082
1457,2,-.9408705629600078,1,.3263216307826082
1457,3,.550491691211773,1,.3263216307826082
1458,1,-.7189682587214944,1,-.4581113737460474
1458,2,.166803268794028,1,-.4581113737460474
1458,3,.2628544143887418,1,-.4581113737460474
1459,1,1.471044370554892,0,.2354806445259586
1459,2,1.318723906777469,0,.2354806445259586
1459,3,-.5820093748856414,0,.2354806445259586
1460,1,-.4780541113909693,1,.6293218296490308
1460,2,-.0017846923253188,1,.6293218296490308
1460,3,-.0192687694326054,1,.6293218296490308
1461,1,.5561857075825405,1,1.171529551266501
1461,2,1.171344462133546,1,1.171529551266501
1461,3,1.902985823114538,1,1.171529551266501
1462,1,-1.11333791702211,0,-.2342082771571112
1462,2,.3637949230818031,0,-.2342082771571112
1462,3,-.5473650533627381,0,-.2342082771571112
1463,1,-.5404068929885295,0,.600953372059826
1463,2,-.8396295071950264,0,.600953372059826
1463,3,-1.408547756805482,0,.600953372059826
1464,1,-.0063738501343413,1,.8039713671720559
1464,2,-.1690141117148945,1,.8039713671720559
1464,3,.2172945571840466,1,.8039713671720559
1465,1,-1.090966496902853,0,-2.290743934546411
1465,2,2.459084996492298,0,-2.290743934546411
1465,3,-.5462523907971943,0,-2.290743934546411
1466,1,.3590428757027173,1,1.799210732423946
1466,2,1.435658819059309,1,1.799210732423946
1466,3,.3371258562776863,1,1.799210732423946
1467,1,.2363060756622057,0,.0964995193797571
1467,2,-.2832261273053566,0,.0964995193797571
1467,3,.3224152619217397,0,.0964995193797571
1468,1,1.324639716695456,0,-1.975360061847774
1468,2,.9321384123477131,0,-1.975360061847774
1468,3,-1.058214193939826,0,-1.975360061847774
1469,1,-1.937529962549917,1,-.5661845107759178
1469,2,-1.061102444508216,1,-.5661845107759178
1469,3,-1.766493902837912,1,-.5661845107759178
1470,1,.7561769311350353,0,-1.161590871038181
1470,2,.5742798467039092,0,-1.161590871038181
1470,3,1.21240307004622,0,-1.161590871038181
1471,1,-.4455524718348594,0,-.1626485382751212
1471,2,-.1215072263884027,0,-.1626485382751212
1471,3,-.6542866766424105,0,-.1626485382751212
1472,1,3.157397327986285,0,2.458402818796717
1472,2,3.024504013120895,0,2.458402818796717
1472,3,2.415486479586988,0,2.458402818796717
1473,1,.5982430680228277,1,.4329503896425009
1473,2,-2.807915343310458,1,.4329503896425009
1473,3,-.4409465541305229,1,.4329503896425009
1474,1,-.0690676673039915,0,-.7959849896826441
1474,2,-.7400599056030353,0,-.7959849896826441
1474,3,.7374807480220316,0,-.7959849896826441
1475,1,-.6331617408178116,0,.1677659898964813
1475,2,.6394955735159125,0,.1677659898964813
1475,3,2.442126935733035,0,.1677659898964813
1476,1,.3717262885185498,0,.993471150962979
1476,2,.0642231570972654,0,.993471150962979
1476,3,1.134676459595067,0,.993471150962979
1477,1,.8475645098001918,1,-.1179745352344507
1477,2,2.58767050970355,1,-.1179745352344507
1477,3,3.129828236703704,1,-.1179745352344507
1478,1,-.786817150786484,1,.0579751717501657
1478,2,1.256532374171027,1,.0579751717501657
1478,3,.3289037538086874,1,.0579751717501657
1479,1,-.8796644094524904,1,1.022777000568019
1479,2,-1.289307328669579,1,1.022777000568019
1479,3,-1.077976909996329,1,1.022777000568019
1480,1,.873669454615294,1,.6740868423597151
1480,2,-.6655279070789151,1,.6740868423597151
1480,3,.9617035560487593,1,.6740868423597151
1481,1,-.9497311023954185,0,.4184366823658384
1481,2,-.6983076607895735,0,.4184366823658384
1481,3,-.4284280024224341,0,.4184366823658384
1482,1,-2.491702368002529,0,.622757338773931
1482,2,-.7515634016510666,0,.622757338773931
1482,3,-.5624284779750499,0,.622757338773931
1483,1,1.706376043139677,0,2.23905141303887
1483,2,.946131077738908,0,2.23905141303887
1483,3,1.410630557492627,0,2.23905141303887
1484,1,-.9706495133189759,1,-.1913759187022669
1484,2,1.18337865743473,1,-.1913759187022669
1484,3,.3541123151397845,1,-.1913759187022669
1485,1,-3.855635396725114,1,.1914178189521373
1485,2,-.7809285358162368,1,.1914178189521373
1485,3,-.1398588111169287,1,.1914178189521373
1486,1,-1.032173180286663,1,.5055526449366166
1486,2,-2.021928956461096,1,.5055526449366166
1486,3,1.462779952262516,1,.5055526449366166
1487,1,1.905998713881382,1,.233075239534008
1487,2,1.942093620523834,1,.233075239534008
1487,3,4.06997519546877,1,.233075239534008
1488,1,-2.766333653931035,1,-.3277369170772482
1488,2,-2.175750630515246,1,-.3277369170772482
1488,3,-3.180521869760692,1,-.3277369170772482
1489,1,-3.569460201508812,1,1.155969265426392
1489,2,-2.00284242517905,1,1.155969265426392
1489,3,-1.137373539087819,1,1.155969265426392
1490,1,1.239131320582345,0,-.1932683943923827
1490,2,-1.896211598071712,0,-.1932683943923827
1490,3,.1954724815027124,0,-.1932683943923827
1491,1,-.4381667286937148,0,-2.064571564331841
1491,2,-.3856608263244589,0,-2.064571564331841
1491,3,.2559923948238209,0,-2.064571564331841
1492,1,-1.903437765007617,1,-.8915890676612055
1492,2,.6662090061356367,1,-.8915890676612055
1492,3,.6705053355799733,1,-.8915890676612055
1493,1,-.1667056044239196,1,1.11738407098159
1493,2,-.6700129531575234,1,1.11738407098159
1493,3,.4306854852384031,1,1.11738407098159
1494,1,-3.656569661721184,1,1.237331138253062
1494,2,-1.549415943100127,1,1.237331138253062
1494,3,-.6124747245022251,1,1.237331138253062
1495,1,1.065001229297529,0,-1.995893912060839
1495,2,1.142337679767093,0,-1.995893912060839
1495,3,.4589955923694031,0,-1.995893912060839
1496,1,-.5283952955977135,1,1.261070491623417
1496,2,-.0966136213584107,1,1.261070491623417
1496,3,-1.288269902696012,1,1.261070491623417
1497,1,.4079285297546307,1,.0747666808543556
1497,2,-.3076941668898588,1,.0747666808543556
1497,3,.7556913896250022,1,.0747666808543556
1498,1,.6988338497913471,1,.888432019055182
1498,2,1.281405926435003,1,.888432019055182
1498,3,.9529970510857304,1,.888432019055182
1499,1,2.918956990181438,0,-.2571470744211396
1499,2,1.42843439036073,0,-.2571470744211396
1499,3,2.662743787886109,0,-.2571470744211396
1500,1,-2.004418435199416,1,1.144397934169982
1500,2,.9624787424631083,1,1.144397934169982
1500,3,-.1898820068265944,1,1.144397934169982
1501,1,1.871515842874831,0,-1.034443781505313
1501,2,3.091748846793809,0,-1.034443781505313
1501,3,3.894268266899976,0,-1.034443781505313
1502,1,-.180344756160921,0,-2.541484961906114
1502,2,.0780271121100693,0,-2.541484961906114
1502,3,1.135048728139622,0,-2.541484961906114
1503,1,-1.436200283263142,1,.2082253693567103
1503,2,-.2992226344922571,1,.2082253693567103
1503,3,-.1709876861105337,1,.2082253693567103
1504,1,-.3066707293523463,0,-1.169129950935164
1504,2,-.9188633369403392,0,-1.169129950935164
1504,3,.3602287453975892,0,-1.169129950935164
1505,1,-1.414868991223931,0,-1.05422265813173
1505,2,-.762733576697702,0,-1.05422265813173
1505,3,-.4670129850894682,0,-1.05422265813173
1506,1,-1.132075929577596,1,.8028112178250255
1506,2,-.71808752693083,1,.8028112178250255
1506,3,-.5499700640666083,1,.8028112178250255
1507,1,-.7127026745902473,0,-1.068856088331264
1507,2,.4009789092931476,0,-1.068856088331264
1507,3,.7344141128170207,0,-1.068856088331264
1508,1,-1.556965599053683,0,.5850997916436218
1508,2,-1.850687006997739,0,.5850997916436218
1508,3,-.0722935048924436,0,.5850997916436218
1509,1,.7124460416942109,0,.2205236183720092
1509,2,-.2641330810764984,0,.2205236183720092
1509,3,2.90212290789735,0,.2205236183720092
1510,1,1.491695862400651,1,.6310206112168301
1510,2,.1847770343757373,1,.6310206112168301
1510,3,4.784901638553815,1,.6310206112168301
1511,1,-.5497317049562158,1,1.336023350526514
1511,2,1.119307850717452,1,1.336023350526514
1511,3,.1433879677776198,1,1.336023350526514
1512,1,-.3739262829865014,0,.2666405949761682
1512,2,-1.716541261308678,0,.2666405949761682
1512,3,1.336829199760768,0,.2666405949761682
1513,1,-.9894269930434841,0,1.603307820799767
1513,2,.5917821123390697,0,1.603307820799767
1513,3,-1.088476755106447,0,1.603307820799767
1514,1,-2.802234166533403,1,1.057427505275478
1514,2,-2.196640858187935,1,1.057427505275478
1514,3,-1.526102720440877,1,1.057427505275478
1515,1,-.5755751361722274,1,-1.062337097877788
1515,2,-1.405703854569163,1,-1.062337097877788
1515,3,-.9056676415887837,1,-1.062337097877788
1516,1,-2.749163405752036,1,.0475832080677345
1516,2,-1.368130800061296,1,.0475832080677345
1516,3,-2.058548242661573,1,.0475832080677345
1517,1,.5750107352710662,0,.3707212698397828
1517,2,-.590744095052252,0,.3707212698397828
1517,3,.9368964363195664,0,.3707212698397828
1518,1,2.120189822427776,0,-.300515852674117
1518,2,-.6821872056117032,0,-.300515852674117
1518,3,-.9171431233528193,0,-.300515852674117
1519,1,.6084882694162064,0,-1.583098581580275
1519,2,.3640835638544207,0,-1.583098581580275
1519,3,-.9860032167306754,0,-1.583098581580275
1520,1,-1.052689772584403,0,.4792951823789617
1520,2,-1.344936455249223,0,.4792951823789617
1520,3,.6582958488402164,0,.4792951823789617
1521,1,2.881278648153256,0,.6295810809626109
1521,2,1.419520771089955,0,.6295810809626109
1521,3,2.367926232519637,0,.6295810809626109
1522,1,-1.018223356407679,0,-.5461894964824743
1522,2,-1.433704304926898,0,-.5461894964824743
1522,3,-2.163860673915788,0,-.5461894964824743
1523,1,-1.816077014213978,0,.5785379138196809
1523,2,-1.577037432779206,0,.5785379138196809
1523,3,-2.151228816210701,0,.5785379138196809
1524,1,.9517501150804237,1,.5254184085932265
1524,2,-.0545038699310918,1,.5254184085932265
1524,3,3.344692742716075,1,.5254184085932265
1525,1,.4155749657684017,0,1.577837112465377
1525,2,.2415283180659553,0,1.577837112465377
1525,3,.5272316568434832,0,1.577837112465377
1526,1,-.4873365955489111,1,.4542755245440989
1526,2,-.3509269047207801,1,.4542755245440989
1526,3,-.3404214494097644,1,.4542755245440989
1527,1,3.02822868565421,0,-.3381730812788229
1527,2,-.7106836021720946,0,-.3381730812788229
1527,3,2.157609855783034,0,-.3381730812788229
1528,1,.3563309133386676,0,-.6382660066760976
1528,2,2.374357047594622,0,-.6382660066760976
1528,3,1.531141756753849,0,-.6382660066760976
1529,1,-.9069360776498698,1,.135328900804387
1529,2,-.0481966929561331,1,.135328900804387
1529,3,.2103823535826791,1,.135328900804387
1530,1,.3519617822807215,1,-.6020701430884252
1530,2,-.0950192741182242,1,-.6020701430884252
1530,3,-.3966704475397878,1,-.6020701430884252
1531,1,-.3003887394934315,1,.5724784738056847
1531,2,1.260054410530755,1,.5724784738056847
1531,3,1.429724732569302,1,.5724784738056847
1532,1,-1.284129848530437,0,-.1986682723396448
1532,2,-2.529839618291156,0,-.1986682723396448
1532,3,-.7004060705452276,0,-.1986682723396448
1533,1,-.1657586889126845,1,1.02931983685821
1533,2,.2881179547029863,1,1.02931983685821
1533,3,-.9279187325476471,1,1.02931983685821
1534,1,-1.13340393719089,0,-.3971097521350895
1534,2,1.905065923534756,0,-.3971097521350895
1534,3,3.037093854522878,0,-.3971097521350895
1535,1,-2.812975623014721,1,-.5935141601126332
1535,2,-.6554940735799407,1,-.5935141601126332
1535,3,1.355168764347415,1,-.5935141601126332
1536,1,.7616114198933905,0,.8302816224037533
1536,2,.4197907029598518,0,.8302816224037533
1536,3,-.8030020148262289,0,.8302816224037533
1537,1,-1.478969195290492,1,-.6487155547053092
1537,2,-.4287987387275405,1,-.6487155547053092
1537,3,2.500208608136941,1,-.6487155547053092
1538,1,.3892541729620266,1,1.904822950637055
1538,2,-.4186196726444498,1,1.904822950637055
1538,3,.1138541204673557,1,1.904822950637055
1539,1,.0096522408304912,0,-.5020409518877759
1539,2,1.333376560648253,0,-.5020409518877759
1539,3,2.312856849751789,0,-.5020409518877759
1540,1,-1.184373561000628,0,-.4239607460562193
1540,2,-2.350324132308021,0,-.4239607460562193
1540,3,.4352881988483949,0,-.4239607460562193
1541,1,-.9584781906581219,0,.2968053402406981
1541,2,-.8556839377427369,0,.2968053402406981
1541,3,.0725963452588949,0,.2968053402406981
1542,1,-1.261142519333021,0,-1.153295904564263
1542,2,.6046718639696719,0,-1.153295904564263
1542,3,3.2617633696713,0,-1.153295904564263
1543,1,1.013437340174572,1,1.404507385202874
1543,2,.2339837818166279,1,1.404507385202874
1543,3,.2738823996461328,1,1.404507385202874
1544,1,-.0576437038941132,1,1.212979337113723
1544,2,-.3879030566316993,1,1.212979337113723
1544,3,.2961458795570752,1,1.212979337113723
1545,1,.4074821994731324,1,-1.114572272234203
1545,2,-.6557056514908197,1,-1.114572272234203
1545,3,.0851096751019104,1,-1.114572272234203
1546,1,1.306827599475235,0,-.6970089065323167
1546,2,2.115547543615418,0,-.6970089065323167
1546,3,1.024165137450895,0,-.6970089065323167
1547,1,-1.255729950329352,0,.2791595374559398
1547,2,-.8259671447219231,0,.2791595374559398
1547,3,.0167044861345649,0,.2791595374559398
1548,1,2.266115691110668,0,1.780587901136322
1548,2,1.195385845752688,0,1.780587901136322
1548,3,2.740314700975194,0,1.780587901136322
1549,1,2.05642636059599,0,-.4350575059148233
1549,2,2.222026389193606,0,-.4350575059148233
1549,3,.8063996149362853,0,-.4350575059148233
1550,1,.5838184528135197,1,.5147123337913317
1550,2,.5616359239584197,1,.5147123337913317
1550,3,-1.143974964788397,1,.5147123337913317
1551,1,-.8622562550720376,1,.4517457722572381
1551,2,-.8409878533977955,1,.4517457722572381
1551,3,1.104985179848675,1,.4517457722572381
1552,1,-2.638317933225145,0,-.1376313029717178
1552,2,-2.45627022501863,0,-.1376313029717178
1552,3,-3.476556237626549,0,-.1376313029717178
1553,1,.5551259285961073,1,1.917189422228311
1553,2,.4032654184099999,1,1.917189422228311
1553,3,1.526449317774103,1,1.917189422228311
1554,1,-.1834828629764984,0,-1.788350325196035
1554,2,2.037667650955745,0,-1.788350325196035
1554,3,1.76685084507478,0,-1.788350325196035
1555,1,1.03349696309425,1,.5588578669633234
1555,2,1.2983569245826,1,.5588578669633234
1555,3,1.196007081193594,1,.5588578669633234
1556,1,-1.464403871721281,0,-.6159006307978889
1556,2,.1448162241631534,0,-.6159006307978889
1556,3,.5622814026630861,0,-.6159006307978889
1557,1,-1.238908853682909,1,-.2724227475897621
1557,2,-2.650477971258056,1,-.2724227475897621
1557,3,-2.153792223392013,1,-.2724227475897621
1558,1,-2.264418740101702,0,.7529021319408062
1558,2,1.25482774726706,0,.7529021319408062
1558,3,.1980978801217696,0,.7529021319408062
1559,1,.4383943662283229,1,-1.832281289092612
1559,2,.3780047065274423,1,-1.832281289092612
1559,3,2.917190499692464,1,-1.832281289092612
1560,1,1.960755191783472,0,-.3635465268482947
1560,2,1.02112604905131,0,-.3635465268482947
1560,3,2.023655748727375,0,-.3635465268482947
1561,1,1.654819116015067,0,1.440299610643839
1561,2,-1.422033781735173,0,1.440299610643839
1561,3,-1.052190601905282,0,1.440299610643839
1562,1,1.155411106911098,1,.7769135927870543
1562,2,1.500647650326895,1,.7769135927870543
1562,3,.9615109499852901,1,.7769135927870543
1563,1,1.207258428025321,1,-2.06233826026762
1563,2,2.451561672390785,1,-2.06233826026762
1563,3,.0731208801068124,1,-2.06233826026762
1564,1,-.8391368401542172,1,-.4105279114870238
1564,2,.0891623709262108,1,-.4105279114870238
1564,3,1.526485504642823,1,-.4105279114870238
1565,1,.0875849170040727,0,-.6534366177968413
1565,2,.0922458227184987,0,-.6534366177968413
1565,3,-1.381296853780855,0,-.6534366177968413
1566,1,.3088935232217674,1,-.0981519023865298
1566,2,-.674973319878938,1,-.0981519023865298
1566,3,-2.021902981225938,1,-.0981519023865298
1567,1,1.04604688548548,1,-.8819046027065769
1567,2,1.271917127967745,1,-.8819046027065769
1567,3,2.595066552897747,1,-.8819046027065769
1568,1,.0677215410391678,0,-1.271211010497213
1568,2,2.264934311775019,0,-1.271211010497213
1568,3,-.2678251406060089,0,-1.271211010497213
1569,1,.6056148083530217,1,.2343327285284398
1569,2,-.3762821676715353,1,.2343327285284398
1569,3,1.219385395929343,1,.2343327285284398
1570,1,1.606305602943267,0,-2.018142329540336
1570,2,1.283901205496698,0,-2.018142329540336
1570,3,1.66691077750705,0,-2.018142329540336
1571,1,-1.292971963752316,0,2.041853495038815
1571,2,.2141919806557342,0,2.041853495038815
1571,3,.9592367095206706,0,2.041853495038815
1572,1,1.457591628840148,0,-.7642534378049488
1572,2,.6256440271263144,0,-.7642534378049488
1572,3,-.8651283716073215,0,-.7642534378049488
1573,1,-2.285443923233927,1,-.8146524775164781
1573,2,-1.466021079095019,1,-.8146524775164781
1573,3,-.8809956092998181,1,-.8146524775164781
1574,1,-.5664667584660338,1,.0934139614727975
1574,2,-.1084741136230453,1,.0934139614727975
1574,3,2.369986230811622,1,.0934139614727975
1575,1,-1.595475211595471,1,-.2065224769646654
1575,2,-1.53622876535544,1,-.2065224769646654
1575,3,1.927057412737328,1,-.2065224769646654
1576,1,.8632283937547213,0,-.8481841185760619
1576,2,1.279734147072563,0,-.8481841185760619
1576,3,.0223989239492211,0,-.8481841185760619
1577,1,.6516874242090666,0,.38633813814471
1577,2,1.314981275807828,0,.38633813814471
1577,3,2.039520767578492,0,.38633813814471
1578,1,-.7722213710477908,0,-.2007171640073996
1578,2,-.1928762221645128,0,-.2007171640073996
1578,3,.4275734436476275,0,-.2007171640073996
1579,1,-.3321628567790886,1,.6334041304346852
1579,2,-.4405201019059709,1,.6334041304346852
1579,3,.5994458388326004,1,.6334041304346852
1580,1,-.8754650425232646,0,.8805706355540164
1580,2,.3685522243868947,0,.8805706355540164
1580,3,2.154671470430702,0,.8805706355540164
1581,1,3.414477091087461,1,-1.865343727745289
1581,2,1.07346185207538,1,-1.865343727745289
1581,3,4.107429681960701,1,-1.865343727745289
1582,1,-.5756357472751952,1,.7870136880557508
1582,2,.3193266970442666,1,.7870136880557508
1582,3,.8614984399687882,1,.7870136880557508
1583,1,1.242843551295148,1,.1082102491046001
1583,2,4.529956765568394,1,.1082102491046001
1583,3,2.919446079708666,1,.1082102491046001
1584,1,2.014820855390303,1,.4208515996283188
1584,2,-1.198259483871175,1,.4208515996283188
1584,3,2.275730057327624,1,.4208515996283188
1585,1,-1.577566179482219,0,1.032599096099815
1585,2,-1.139903473235611,0,1.032599096099815
1585,3,1.174409486465251,0,1.032599096099815
1586,1,1.3639744129727,1,.6066048274743533
1586,2,.6122837459506009,1,.6066048274743533
1586,3,1.45369867398212,1,.6066048274743533
1587,1,.357674435506163,1,.0951986726297779
1587,2,1.150010802604117,1,.0951986726297779
1587,3,2.23235628393959,1,.0951986726297779
1588,1,1.476761900966422,0,.6434560778973736
1588,2,4.109756527830267,0,.6434560778973736
1588,3,2.531043371463578,0,.6434560778973736
1589,1,-2.708620365126292,0,-.7337514630080472
1589,2,-1.015687017366585,0,-.7337514630080472
1589,3,-.4772146523723684,0,-.7337514630080472
1590,1,1.119441039706324,1,-.0586901210856537
1590,2,2.872418775399185,1,-.0586901210856537
1590,3,2.84295787857937,1,-.0586901210856537
1591,1,-2.008651758549319,1,.0425421647616559
1591,2,.8192697348091016,1,.0425421647616559
1591,3,2.093245349732224,1,.0425421647616559
1592,1,.1133935622191297,1,-.4665291498450839
1592,2,1.639830231707481,1,-.4665291498450839
1592,3,.0441850416789036,1,-.4665291498450839
1593,1,-2.140378427260471,0,.0333005709542968
1593,2,-.9888800358578588,0,.0333005709542968
1593,3,-1.520974913626681,0,.0333005709542968
1594,1,1.62708787991135,0,-1.206805565685077
1594,2,1.323403766980903,0,-1.206805565685077
1594,3,1.378888571259925,0,-1.206805565685077
1595,1,-.8499561507719877,0,-1.130417619946549
1595,2,-1.206518801066505,0,-1.130417619946549
1595,3,-.5272336947734051,0,-1.130417619946549
1596,1,-.8357128895637989,0,-2.503969880781787
1596,2,1.301767327322483,0,-2.503969880781787
1596,3,.6662383172003461,0,-2.503969880781787
1597,1,.9217112788798232,0,.9687373539255638
1597,2,-1.281594101753103,0,.9687373539255638
1597,3,-.3067597690052165,0,.9687373539255638
1598,1,-1.730943321411894,0,.3725576741910966
1598,2,-.0814834005949849,0,.3725576741910966
1598,3,.6684445601016442,0,.3725576741910966
1599,1,.3975181592288488,0,-.5736995981316524
1599,2,.0793142804631143,0,-.5736995981316524
1599,3,.002429551420228,0,-.5736995981316524
1600,1,1.439985671840351,0,-.87032657408882
1600,2,1.50461156622091,0,-.87032657408882
1600,3,.2880108402213135,0,-.87032657408882
1601,1,-1.757355217024394,1,-1.251139359000263
1601,2,-1.817961161053965,1,-1.251139359000263
1601,3,-1.179502709659701,1,-1.251139359000263
1602,1,-1.984874272886652,1,.4398863224465948
1602,2,-2.005395135647517,1,.4398863224465948
1602,3,-1.496511772167132,1,.4398863224465948
1603,1,2.199259438791457,1,2.012011163044577
1603,2,1.579462598976515,1,2.012011163044577
1603,3,1.620395286767657,1,2.012011163044577
1604,1,-1.743861828660616,0,-1.828498491479598
1604,2,-2.393304163927463,0,-1.828498491479598
1604,3,-.933424737322611,0,-1.828498491479598
1605,1,-.4577110092576799,1,2.057572971374016
1605,2,-.4244570621616381,1,2.057572971374016
1605,3,-.1596976375764755,1,2.057572971374016
1606,1,-.4877880690045666,1,2.681445094210211
1606,2,2.21096544698801,1,2.681445094210211
1606,3,2.773645387972113,1,2.681445094210211
1607,1,-.4368902353232753,1,.5921993038007072
1607,2,-.49555320189561,1,.5921993038007072
1607,3,2.201939865338084,1,.5921993038007072
1608,1,1.843754623426355,0,1.505440185177096
1608,2,-1.511738414624031,0,1.505440185177096
1608,3,-.3186969488188844,0,1.505440185177096
1609,1,2.56823303703354,0,-.9463823860845821
1609,2,2.097498361756079,0,-.9463823860845821
1609,3,1.327165454100733,0,-.9463823860845821
1610,1,-.0160474904890741,1,-.3111417294781665
1610,2,.0479542072549455,1,-.3111417294781665
1610,3,1.324383944425783,1,-.3111417294781665
1611,1,-2.534041204339083,1,-.3836585952719596
1611,2,-.7497037663380999,1,-.3836585952719596
1611,3,-.3202698883315538,1,-.3836585952719596
1612,1,.0867066993853647,1,.8026489966640156
1612,2,.2339763505574396,1,.8026489966640156
1612,3,2.842652995339036,1,.8026489966640156
1613,1,-.7439867357076033,1,.8161123928584298
1613,2,.7447993264598185,1,.8161123928584298
1613,3,-.3696338639506691,1,.8161123928584298
1614,1,2.529548349829772,0,-1.933536870000011
1614,2,-2.311634834075028,0,-1.933536870000011
1614,3,-1.778573611236497,0,-1.933536870000011
1615,1,1.152526851384887,0,-.8156974327029149
1615,2,1.060614936332816,0,-.8156974327029149
1615,3,1.628149430404481,0,-.8156974327029149
1616,1,1.150209625912301,0,.0061478991043672
1616,2,.2079847086595945,0,.0061478991043672
1616,3,1.090385180387999,0,.0061478991043672
1617,1,-.2201744017440872,1,-.8690430858668321
1617,2,-1.95729138509038,1,-.8690430858668321
1617,3,1.458850772624598,1,-.8690430858668321
1618,1,.026329864085249,1,-.7631195932469613
1618,2,-.9609445350276284,1,-.7631195932469613
1618,3,-1.220440421259949,1,-.7631195932469613
1619,1,-1.084068273705429,1,.0653927379570332
1619,2,-.5921235874700406,1,.0653927379570332
1619,3,-.8624182256198614,1,.0653927379570332
1620,1,1.248545603462992,1,-.0742218307649418
1620,2,.2240414756583694,1,-.0742218307649418
1620,3,1.191019369044031,1,-.0742218307649418
1621,1,-1.29787481044291,1,.6498541831133808
1621,2,.1516925854793068,1,.6498541831133808
1621,3,-.3670358193220897,1,.6498541831133808
1622,1,-.0214465186133017,0,-.0792601108072572
1622,2,-.0658575740273931,0,-.0792601108072572
1622,3,.3917599119221302,0,-.0792601108072572
1623,1,.5681755911401487,0,-.965934370240784
1623,2,.3336232782594597,0,-.965934370240784
1623,3,-.8315150363741693,0,-.965934370240784
1624,1,.1203155851665469,1,-.326956426042206
1624,2,1.336898947198294,1,-.326956426042206
1624,3,.3991816160045551,1,-.326956426042206
1625,1,-.2214631980104773,0,.6818604689754748
1625,2,.6228422674633373,0,.6818604689754748
1625,3,.78124023818505,0,.6818604689754748
1626,1,-.8631323745024908,0,-.1657499854675403
1626,2,-.0524924852665224,0,-.1657499854675403
1626,3,-.3058587958133521,0,-.1657499854675403
1627,1,.9577785320752524,0,-1.491589936744695
1627,2,1.344073098585301,0,-1.491589936744695
1627,3,1.955981487120996,0,-1.491589936744695
1628,1,-2.186035803929271,0,.369296018680318
1628,2,.767471232170986,0,.369296018680318
1628,3,3.220400088239726,0,.369296018680318
1629,1,.2542317854439847,1,.4732106849282607
1629,2,1.897368033119276,1,.4732106849282607
1629,3,.948314965681724,1,.4732106849282607
1630,1,.1540054414551311,0,-1.725782255003857
1630,2,.8691042395580839,0,-1.725782255003857
1630,3,3.696387926510779,0,-1.725782255003857
1631,1,.2906524362819771,0,.5691168738107574
1631,2,.9072699463764503,0,.5691168738107574
1631,3,1.46308702225326,0,.5691168738107574
1632,1,-1.023209267060956,1,.2524304287153219
1632,2,.6746884614809563,1,.2524304287153219
1632,3,2.603528565522482,1,.2524304287153219
1633,1,1.120505667156752,1,-1.432279230213289
1633,2,-1.398508765501494,1,-1.432279230213289
1633,3,2.531400215912174,1,-1.432279230213289
1634,1,4.134945340499729,0,.2779041359066233
1634,2,2.086151062627082,0,.2779041359066233
1634,3,.0026665238310108,0,.2779041359066233
1635,1,-.2954879715688876,1,-.4445213889276407
1635,2,-2.184328033777275,1,-.4445213889276407
1635,3,-.5228306315466147,1,-.4445213889276407
1636,1,-.7863471138860734,0,-.9228218912514989
1636,2,-.874320149576174,0,-.9228218912514989
1636,3,-1.398677798264577,0,-.9228218912514989
1637,1,-1.604132784063229,0,-1.213782628512647
1637,2,-.094892178656482,0,-1.213782628512647
1637,3,-1.12686044690601,0,-1.213782628512647
1638,1,-.3017214740385914,1,.3807863122437973
1638,2,2.403852129093097,1,.3807863122437973
1638,3,1.458551792298324,1,.3807863122437973
1639,1,-2.755025995087537,1,-.4076941158176435
1639,2,-1.114587347263083,1,-.4076941158176435
1639,3,.3995925743599524,1,-.4076941158176435
1640,1,1.388424023155424,0,-.9642349127455746
1640,2,-.2085840462446098,0,-.9642349127455746
1640,3,-.2426306547286555,0,-.9642349127455746
1641,1,.7658526183755481,0,1.690128524488486
1641,2,-.6239470585135788,0,1.690128524488486
1641,3,-.7198106849100225,0,1.690128524488486
1642,1,-1.589216819327323,1,-.3167037499773249
1642,2,.102776904605817,1,-.3167037499773249
1642,3,.9469191719680466,1,-.3167037499773249
1643,1,-1.662387132666996,1,-.8542518357984893
1643,2,-1.29984498080876,1,-.8542518357984893
1643,3,.3018931001606959,1,-.8542518357984893
1644,1,.3091505396079292,0,.0274681342931241
1644,2,-.7109849684874621,0,.0274681342931241
1644,3,3.395252169357263,0,.0274681342931241
1645,1,-1.872097384347339,0,-.496102206509832
1645,2,-1.002063982610778,0,-.496102206509832
1645,3,-1.231750611277607,0,-.496102206509832
1646,1,-.4101384050751322,1,.6551820173583658
1646,2,.8134003059052104,1,.6551820173583658
1646,3,-1.03406985068085,1,.6551820173583658
1647,1,1.225108569469568,0,-.1435704667086429
1647,2,-.2485766061829474,0,-.1435704667086429
1647,3,-.9345599628690331,0,-.1435704667086429
1648,1,-.528139615310806,1,.9436880084453355
1648,2,-.2955169646684433,1,.9436880084453355
1648,3,1.195534587091796,1,.9436880084453355
1649,1,1.00975025349293,0,-1.80926337318004
1649,2,1.039069521832253,0,-1.80926337318004
1649,3,-.5085370847339559,0,-1.80926337318004
1650,1,.5222155219889224,1,.9736245140649166
1650,2,.225605776728295,1,.9736245140649166
1650,3,1.885748364358226,1,.9736245140649166
1651,1,1.889928133635007,1,-1.825693652823756
1651,2,2.494631973207587,1,-1.825693652823756
1651,3,.3486443358435621,1,-1.825693652823756
1652,1,-2.417155750684423,1,-.3598360505638042
1652,2,-2.261185634239565,1,-.3598360505638042
1652,3,-.8181011427349477,1,-.3598360505638042
1653,1,-1.750518956859326,0,.8291319748040398
1653,2,-.4140786629278265,0,.8291319748040398
1653,3,-1.069889432689234,0,.8291319748040398
1654,1,-2.337906027675369,0,-1.873533085787269
1654,2,-1.491817038596478,0,-1.873533085787269
1654,3,1.106013674642978,0,-1.873533085787269
1655,1,.3834015081782696,1,.2089593875863771
1655,2,1.89789997006194,1,.2089593875863771
1655,3,1.256299053483537,1,.2089593875863771
1656,1,.6169640932536414,1,-.0483888849339997
1656,2,1.960772477370861,1,-.0483888849339997
1656,3,.5597725165717332,1,-.0483888849339997
1657,1,-.7892918485473381,0,-.4255928919672043
1657,2,.1202012495403181,0,-.4255928919672043
1657,3,2.177684279622644,0,-.4255928919672043
1658,1,1.501877488245317,1,.8833223790104383
1658,2,2.51652162626953,1,.8833223790104383
1658,3,1.406720541380877,1,.8833223790104383
1659,1,.0402918191385606,1,1.522577934443926
1659,2,-2.81067076670376,1,1.522577934443926
1659,3,.6922259152801344,1,1.522577934443926
1660,1,-.4877906322508785,1,.2423787831602252
1660,2,-.6030634896777923,1,.2423787831602252
1660,3,-.3825923311231981,1,.2423787831602252
1661,1,.7197742826800207,1,-.9589810813544893
1661,2,1.541120319486158,1,-.9589810813544893
1661,3,2.339316421848794,1,-.9589810813544893
1662,1,.5119680216845044,0,-.3966469288831166
1662,2,.9138853403289753,0,-.3966469288831166
1662,3,1.08688771126083,0,-.3966469288831166
1663,1,-.0795266597561142,1,-.9084022024353231
1663,2,2.416050636782606,1,-.9084022024353231
1663,3,1.923534597720197,1,-.9084022024353231
1664,1,-1.305245136367111,0,.3738804300100121
1664,2,.4276475907160721,0,.3738804300100121
1664,3,-.2647953244619528,0,.3738804300100121
1665,1,.5231963017420831,1,1.616111126722491
1665,2,2.199174864904769,1,1.616111126722491
1665,3,.1045462571563451,1,1.616111126722491
1666,1,-1.640524939459682,0,2.240915243995879
1666,2,.8472700974425015,0,2.240915243995879
1666,3,-1.903576709116725,0,2.240915243995879
1667,1,2.357493837568712,1,.9150553299605231
1667,2,1.325953580570202,1,.9150553299605231
1667,3,3.756212221367443,1,.9150553299605231
1668,1,-1.538910354647613,0,.0988698084053985
1668,2,-.4398217890776464,0,.0988698084053985
1668,3,-.8301826495168139,0,.0988698084053985
1669,1,-2.477785969598101,0,.4331632980592641
1669,2,-1.668301028884658,0,.4331632980592641
1669,3,-2.035649872618448,0,.4331632980592641
1670,1,1.138480309331557,0,1.54875777940786
1670,2,-.4884130298970055,0,1.54875777940786
1670,3,-.3920318161972238,0,1.54875777940786
1671,1,-.1640428455142747,0,.5470145047900455
1671,2,-.8116639569243576,0,.5470145047900455
1671,3,1.287540785006628,0,.5470145047900455
1672,1,-1.601182284248736,1,-.6605073299000194
1672,2,-1.186643066569172,1,-.6605073299000194
1672,3,.8275387983299591,1,-.6605073299000194
1673,1,-.285636773325784,0,.8923479985979764
1673,2,-1.677995419064008,0,.8923479985979764
1673,3,-1.008340146900899,0,.8923479985979764
1674,1,1.43274854478241,1,.5495730682094604
1674,2,.4832946787547204,1,.5495730682094604
1674,3,1.419160256551818,1,.5495730682094604
1675,1,2.207234354050988,1,.8550891643958396
1675,2,1.530058129219281,1,.8550891643958396
1675,3,.5766416294243552,1,.8550891643958396
1676,1,1.197397310670369,1,.8320932032652852
1676,2,.6635185509356282,1,.8320932032652852
1676,3,.4335801651117713,1,.8320932032652852
1677,1,.8577543476229019,1,.0879433945295273
1677,2,1.615263188612498,1,.0879433945295273
1677,3,.2859826966938148,1,.0879433945295273
1678,1,2.518683896034223,0,-1.440985310321418
1678,2,1.439062338625514,0,-1.440985310321418
1678,3,.1005361146600714,0,-1.440985310321418
1679,1,1.929286516900896,0,-.5283627354806372
1679,2,1.787989189433848,0,-.5283627354806372
1679,3,2.3356338214647,0,-.5283627354806372
1680,1,.7704249962370646,1,-.6741211086043543
1680,2,1.050824241672688,1,-.6741211086043543
1680,3,3.069841782242115,1,-.6741211086043543
1681,1,-1.683170830062951,0,.1251478902886572
1681,2,.1009431556310657,0,.1251478902886572
1681,3,-1.008416402365654,0,.1251478902886572
1682,1,1.452046515949953,0,-.6406693964060066
1682,2,.671811124935505,0,-.6406693964060066
1682,3,1.216929889591813,0,-.6406693964060066
1683,1,.5162072189209773,1,-.6641187455929093
1683,2,1.833356022505834,1,-.6641187455929093
1683,3,-.0894957064332465,1,-.6641187455929093
1684,1,1.673532926258313,1,.3427553468464343
1684,2,.2470112032403028,1,.3427553468464343
1684,3,.6976095383417295,1,.3427553468464343
1685,1,-.2404879453953019,0,-.2870435421081657
1685,2,1.067144432821557,0,-.2870435421081657
1685,3,-1.763893040783244,0,-.2870435421081657
1686,1,.2196886787858856,1,.6482672870835138
1686,2,-.0227217490153206,1,.6482672870835138
1686,3,.7608895660527195,1,.6482672870835138
1687,1,1.08138579035821,1,.0708159312346664
1687,2,2.47910625745977,1,.0708159312346664
1687,3,2.144769708768999,1,.0708159312346664
1688,1,.3778334552371304,0,-.3643674090799738
1688,2,.5434351453273267,0,-.3643674090799738
1688,3,1.409696520471818,0,-.3643674090799738
1689,1,-1.62310185314801,0,.5721946700126879
1689,2,-.1076971489101844,0,.5721946700126879
1689,3,-.4081235824419056,0,.5721946700126879
1690,1,1.259535554457089,0,-.7142600961717325
1690,2,-.3150043732387857,0,-.7142600961717325
1690,3,-.6384676887829795,0,-.7142600961717325
1691,1,-.6855358315625685,0,-.7743408506183636
1691,2,1.690236742039101,0,-.7743408506183636
1691,3,.9169708246309238,0,-.7743408506183636
1692,1,1.72462129627708,0,-.7531451147387189
1692,2,-1.357835778693903,0,-.7531451147387189
1692,3,.9191479795513924,0,-.7531451147387189
1693,1,2.013488390221714,1,1.885050319592892
1693,2,.0568629846731249,1,1.885050319592892
1693,3,-.6182378816483736,1,1.885050319592892
1694,1,1.622734650595563,1,1.52479917785005
1694,2,.8361657006367744,1,1.52479917785005
1694,3,3.269091762866412,1,1.52479917785005
1695,1,-1.126442743005836,1,-.5462707264098836
1695,2,-3.735743811213723,1,-.5462707264098836
1695,3,-1.683570012578963,1,-.5462707264098836
1696,1,3.206423139681801,1,1.077650282547047
1696,2,-1.176326226320217,1,1.077650282547047
1696,3,.1481579085678834,1,1.077650282547047
1697,1,.2087964263007293,0,-1.484605159731349
1697,2,.9373605118046184,0,-1.484605159731349
1697,3,-.317464070035861,0,-1.484605159731349
1698,1,.4638913923576972,1,-.0280861921000971
1698,2,1.512321495792796,1,-.0280861921000971
1698,3,.1769472327963117,1,-.0280861921000971
1699,1,1.301512898199871,1,.2283567577143447
1699,2,1.819515229377521,1,.2283567577143447
1699,3,1.101685531914176,1,.2283567577143447
1700,1,-2.225058986957462,1,-.646246322523471
1700,2,-1.366025225083567,1,-.646246322523471
1700,3,-.9799103304745811,1,-.646246322523471
1701,1,-.6320464203877004,1,.6117563788978887
1701,2,.8827490281217435,1,.6117563788978887
1701,3,.4458667920779019,1,.6117563788978887
1702,1,-.4489330142829154,0,-.4293115713458435
1702,2,1.61727141996476,0,-.4293115713458435
1702,3,1.662204886802014,0,-.4293115713458435
1703,1,1.299770326170184,1,-.0791363859735172
1703,2,2.737424648350586,1,-.0791363859735172
1703,3,1.59565918771762,1,-.0791363859735172
1704,1,-.0729860993387124,0,.1448303394218037
1704,2,-1.591409821557758,0,.1448303394218037
1704,3,.250477800857102,0,.1448303394218037
1705,1,-.6021281055615403,0,-1.707846028660844
1705,2,-1.509998538821346,0,-1.707846028660844
1705,3,1.006532561520869,0,-1.707846028660844
1706,1,-1.193985104248277,1,1.122878041489606
1706,2,.3067189693859558,1,1.122878041489606
1706,3,-.8887043662333354,1,1.122878041489606
1707,1,.2084993117753351,1,1.093524414545305
1707,2,.9833656010141596,1,1.093524414545305
1707,3,1.571871572064944,1,1.093524414545305
1708,1,-2.274247263341067,1,.7488137412012912
1708,2,2.342982565981501,1,.7488137412012912
1708,3,1.270155004057586,1,.7488137412012912
1709,1,4.037839893129643,1,.6334492505397435
1709,2,1.285171569303518,1,.6334492505397435
1709,3,2.184915246631228,1,.6334492505397435
1710,1,.0705325274236622,0,-.1745937073668933
1710,2,.7230067498507561,0,-.1745937073668933
1710,3,1.180807200142536,0,-.1745937073668933
1711,1,-2.466032105023746,0,-.1927205509411126
1711,2,-1.712429175562828,0,-.1927205509411126
1711,3,-.8743729519786353,0,-.1927205509411126
1712,1,2.532814387747622,0,1.021226064189616
1712,2,1.437422766488509,0,1.021226064189616
1712,3,1.213823878003754,0,1.021226064189616
1713,1,-.6684251675917191,0,1.120974921971937
1713,2,1.658304307440862,0,1.120974921971937
1713,3,-.5382086794474452,0,1.120974921971937
1714,1,-1.708504877967099,0,1.083010315390394
1714,2,-2.064076218751368,0,1.083010315390394
1714,3,-.7719871069921844,0,1.083010315390394
1715,1,.3044528729542115,1,1.745717647115771
1715,2,1.459626706759781,1,1.745717647115771
1715,3,2.99970685971577,1,1.745717647115771
1716,1,2.674917989302562,0,-.3399894997024435
1716,2,1.121062663784215,0,-.3399894997024435
1716,3,1.842438526105494,0,-.3399894997024435
1717,1,-1.201865945324303,1,1.226401469996764
1717,2,-1.678794030474305,1,1.226401469996764
1717,3,-2.205356942894608,1,1.226401469996764
1718,1,-.3527317689750354,1,.5021549612504663
1718,2,2.003312918252059,1,.5021549612504663
1718,3,.8302538478538888,1,.5021549612504663
1719,1,-.4665409841233161,0,-1.505264318036534
1719,2,-2.669558261176771,0,-1.505264318036534
1719,3,-.9192684941653391,0,-1.505264318036534
1720,1,-.3263789787861523,1,-.872675094968226
1720,2,-1.443406604470879,1,-.872675094968226
1720,3,-.2593678646081886,1,-.872675094968226
1721,1,-.7895025885573363,0,-.7118657786341109
1721,2,-.2198215635718577,0,-.7118657786341109
1721,3,.9606570074677319,0,-.7118657786341109
1722,1,-1.646190231348692,0,-.8471594754599165
1722,2,-2.667064154284181,0,-.8471594754599165
1722,3,-1.10900553295346,0,-.8471594754599165
1723,1,2.199936920479141,1,.7112936495313535
1723,2,2.415784278915269,1,.7112936495313535
1723,3,3.900097044541947,1,.7112936495313535
1724,1,-.3486201104923679,1,-.5450862026628743
1724,2,-.6264757513697813,1,-.5450862026628743
1724,3,2.770324378092721,1,-.5450862026628743
1725,1,.637489572244077,1,.5033809071032646
1725,2,-1.030774754069081,1,.5033809071032646
1725,3,.8750563775069363,1,.5033809071032646
1726,1,-.37269863393293,1,.042626686569742
1726,2,.7838860526259762,1,.042626686569742
1726,3,2.318227472741412,1,.042626686569742
1727,1,.9908554919475719,1,-.6698781800899876
1727,2,.5069372355655508,1,-.6698781800899876
1727,3,.0390970452715352,1,-.6698781800899876
1728,1,-1.790953432764412,0,-1.551898140548616
1728,2,-1.263844529026786,0,-1.551898140548616
1728,3,-2.431782279837957,0,-1.551898140548616
1729,1,2.170815472728906,0,.3381343400032425
1729,2,3.30558347834842,0,.3381343400032425
1729,3,-.4554764383391503,0,.3381343400032425
1730,1,-3.105212013546586,0,-1.027986841250354
1730,2,-3.04431991323524,0,-1.027986841250354
1730,3,-1.185267425859526,0,-1.027986841250354
1731,1,-.0005006595097166,0,.8831531433084402
1731,2,1.061153343556304,0,.8831531433084402
1731,3,-.8449546254066638,0,.8831531433084402
1732,1,-.4326888575092084,1,-.4655212155476219
1732,2,.1186816243217144,1,-.4655212155476219
1732,3,2.692497212934103,1,-.4655212155476219
1733,1,.6856409647926371,1,.7892296223204813
1733,2,.6173469573001965,1,.7892296223204813
1733,3,1.450823704915024,1,.7892296223204813
1734,1,-.2265050139022051,1,.8853883019706591
1734,2,.9201508927868109,1,.8853883019706591
1734,3,.3728423363109151,1,.8853883019706591
1735,1,-1.281913781207784,0,-.2330974335183978
1735,2,-.9027377703988078,0,-.2330974335183978
1735,3,-1.02182738010858,0,-.2330974335183978
1736,1,-1.476472439362639,1,.1995331898931915
1736,2,-2.325451978416468,1,.1995331898931915
1736,3,-.2697836187804181,1,.1995331898931915
1737,1,.3732166338010929,0,-1.56270368130802
1737,2,-.2768206685163641,0,-1.56270368130802
1737,3,.765656597188268,0,-1.56270368130802
1738,1,-1.525600905451709,0,.6769030818186073
1738,2,-.7502275895515358,0,.6769030818186073
1738,3,.3655982809057174,0,.6769030818186073
1739,1,-.6445928701348556,0,-.6017902419043009
1739,2,.2759018666007241,0,-.6017902419043009
1739,3,-.5325091299228948,0,-.6017902419043009
1740,1,-1.804458599129309,0,-.3825806889396207
1740,2,.3224494992449805,0,-.3825806889396207
1740,3,-1.188968704834031,0,-.3825806889396207
1741,1,-1.851190118752752,1,1.662575178056906
1741,2,-.8790956039257394,1,1.662575178056906
1741,3,-.5529333661559026,1,1.662575178056906
1742,1,-2.397253159161144,1,-.4250231586095464
1742,2,.5011996009053667,1,-.4250231586095464
1742,3,.9134213844386553,1,-.4250231586095464
1743,1,-1.98812627545496,0,.7777148361270508
1743,2,1.090490308359207,0,.7777148361270508
1743,3,.5457895772595485,0,.7777148361270508
1744,1,1.001482940524123,1,.0653160200428191
1744,2,.2212132032618363,1,.0653160200428191
1744,3,2.079254575807469,1,.0653160200428191
1745,1,-1.90886814507454,0,-1.293070403620529
1745,2,-1.554674407038812,0,-1.293070403620529
1745,3,-2.967222360087622,0,-1.293070403620529
1746,1,.1628750647075361,1,-.4814282014329676
1746,2,2.306072987594642,1,-.4814282014329676
1746,3,-1.1681252981166,1,-.4814282014329676
1747,1,.1844365144969489,0,.6978544199953364
1747,2,-1.613165495212469,0,.6978544199953364
1747,3,-2.004751727214565,0,.6978544199953364
1748,1,2.450975166301733,0,.1600979137448115
1748,2,1.886492580067984,0,.1600979137448115
1748,3,1.16706737601704,0,.1600979137448115
1749,1,-3.196934894919362,0,.4364430948767795
1749,2,-2.689938023563991,0,.4364430948767795
1749,3,-2.466565890689775,0,.4364430948767795
1750,1,1.003629474059904,0,-.8799178347332188
1750,2,1.717314486314479,0,-.8799178347332188
1750,3,1.527135070291048,0,-.8799178347332188
1751,1,-1.775594488633486,1,-.2579206911773856
1751,2,-2.164995387500007,1,-.2579206911773856
1751,3,1.061094389622954,1,-.2579206911773856
1752,1,-.3809021700863744,0,.3760064751614403
1752,2,.2086030772168787,0,.3760064751614403
1752,3,.327808835168551,0,.3760064751614403
1753,1,1.300176488654946,1,2.018151792533425
1753,2,.3329140307652416,1,2.018151792533425
1753,3,2.945092244250645,1,2.018151792533425
1754,1,-1.467340140555169,0,-.5491413488296433
1754,2,-1.09686461407353,0,-.5491413488296433
1754,3,.4612916134828601,0,-.5491413488296433
1755,1,-1.80332298426298,1,.578686775382397
1755,2,.3577459818731472,1,.578686775382397
1755,3,-.7745980133430496,1,.578686775382397
1756,1,-.7630634443986201,1,1.423570588262074
1756,2,-.7174521321015161,1,1.423570588262074
1756,3,-1.151982039684179,1,1.423570588262074
1757,1,.7250037822971056,0,.4009212664561945
1757,2,.4789873138067985,0,.4009212664561945
1757,3,1.803847464752103,0,.4009212664561945
1758,1,-.6633082973563941,0,-1.404069328229474
1758,2,1.397755540217349,0,-1.404069328229474
1758,3,.6803480821142197,0,-1.404069328229474
1759,1,-.7225684360019082,1,-.6254267308830501
1759,2,-2.179517190275621,1,-.6254267308830501
1759,3,.1255702614160166,1,-.6254267308830501
1760,1,.2753705007590719,1,.2909853395206636
1760,2,-1.348374496156902,1,.2909853395206636
1760,3,-1.582025729166042,1,.2909853395206636
1761,1,.2706270068184823,0,-1.201183054425617
1761,2,-1.282377128353066,0,-1.201183054425617
1761,3,.9370903068659733,0,-1.201183054425617
1762,1,2.069163765838384,1,1.174090869107671
1762,2,1.248815322650836,1,1.174090869107671
1762,3,2.542692173785641,1,1.174090869107671
1763,1,-.4198814657459373,0,.6971620007777033
1763,2,-1.113803396232852,0,.6971620007777033
1763,3,.7799275249056419,0,.6971620007777033
1764,1,-1.418675264471275,0,.4126573071734787
1764,2,.3293969442573774,0,.4126573071734787
1764,3,.6838519910381354,0,.4126573071734787
1765,1,2.155233162138491,0,-.2909589746211139
1765,2,3.245081007527713,0,-.2909589746211139
1765,3,.9919419228078503,0,-.2909589746211139
1766,1,.7525520644637937,1,.7367639266402478
1766,2,3.029268303852314,1,.7367639266402478
1766,3,2.659895909386178,1,.7367639266402478
1767,1,.3782000941662459,0,.1927565149608164
1767,2,-1.106958457750066,0,.1927565149608164
1767,3,-.8670347229325124,0,.1927565149608164
1768,1,.9153623513326866,0,-.6879883757655253
1768,2,.9811856035062725,0,-.6879883757655253
1768,3,2.018184498288976,0,-.6879883757655253
1769,1,-.2760335501308417,0,.0873367164830733
1769,2,-1.041648077550881,0,.0873367164830733
1769,3,.6709092683792076,0,.0873367164830733
1770,1,.821489371896608,0,.8705927273888412
1770,2,1.176430033471078,0,.8705927273888412
1770,3,.7611330915694392,0,.8705927273888412
1771,1,-.1930608129788671,0,-3.412552960945439
1771,2,.6270586944315428,0,-3.412552960945439
1771,3,.1017359926357694,0,-3.412552960945439
1772,1,.6274182853216981,0,-1.124358993128836
1772,2,1.382930005185384,0,-1.124358993128836
1772,3,1.6215623051439,0,-1.124358993128836
1773,1,1.995490307062603,0,-1.960069186652716
1773,2,2.33208145418592,0,-1.960069186652716
1773,3,-.059318922358287,0,-1.960069186652716
1774,1,.423382200152383,1,-.0355229691912314
1774,2,2.642074757191641,1,-.0355229691912314
1774,3,2.44848460417676,1,-.0355229691912314
1775,1,-.8828846468643304,0,.2559990209113519
1775,2,-.402668666119145,0,.2559990209113519
1775,3,-1.267034530550545,0,.2559990209113519
1776,1,.7283850667549694,1,.6022966322578094
1776,2,.2619628105048256,1,.6022966322578094
1776,3,-.6396949119843204,1,.6022966322578094
1777,1,1.634860129309738,1,1.187474509660648
1777,2,2.011043041015785,1,1.187474509660648
1777,3,1.544498724592255,1,1.187474509660648
1778,1,1.235900394968096,1,1.590797062371444
1778,2,3.241504463261977,1,1.590797062371444
1778,3,2.742390678464369,1,1.590797062371444
1779,1,.8565212285892529,0,-1.945597609277195
1779,2,2.112536238712151,0,-1.945597609277195
1779,3,-1.094392986960485,0,-1.945597609277195
1780,1,.3076424361945777,0,-.0858135012963227
1780,2,-.9333647119659558,0,-.0858135012963227
1780,3,1.649464892213559,0,-.0858135012963227
1781,1,-.0604262783650147,0,-.523429124400181
1781,2,-.8702105577404675,0,-.523429124400181
1781,3,-1.496362795096691,0,-.523429124400181
1782,1,2.942640381852236,0,.6435227587370147
1782,2,2.597018453822602,0,.6435227587370147
1782,3,2.459218567059291,0,.6435227587370147
1783,1,-.2607759528009911,1,1.015177107557911
1783,2,-.2000353753591952,1,1.015177107557911
1783,3,1.474266109546232,1,1.015177107557911
1784,1,1.087123747220311,0,-.0324626591033746
1784,2,-.8009158546041583,0,-.0324626591033746
1784,3,.5581838515766233,0,-.0324626591033746
1785,1,-2.974012535802317,0,-.1478761540114101
1785,2,-2.659971931402537,0,-.1478761540114101
1785,3,-.6479905095744993,0,-.1478761540114101
1786,1,-1.386889507379542,1,-.8156289282023391
1786,2,-1.667551272311276,1,-.8156289282023391
1786,3,-1.062944715523871,1,-.8156289282023391
1787,1,-1.055467737022178,0,-1.173126019111849
1787,2,.5154904640301001,0,-1.173126019111849
1787,3,.8513020677061185,0,-1.173126019111849
1788,1,.0864586849898723,0,.2698458399322342
1788,2,-.0261563875572025,0,.2698458399322342
1788,3,-.2385460683060575,0,.2698458399322342
1789,1,-.9657667410077495,1,.3190449730654288
1789,2,-.1216026267526295,1,.3190449730654288
1789,3,-1.186640531450624,1,.3190449730654288
1790,1,.3687185858935386,0,.5051984333748831
1790,2,1.941883181270975,0,.5051984333748831
1790,3,1.208133569822772,0,.5051984333748831
1791,1,-.5434873829345195,0,-.7996573785281613
1791,2,-.0624816947092828,0,-.7996573785281613
1791,3,.0554129267592436,0,-.7996573785281613
1792,1,.5018446666983085,0,-.8339719004445354
1792,2,-1.039823974229198,0,-.8339719004445354
1792,3,.6014214837305554,0,-.8339719004445354
1793,1,-2.212150610927524,1,-.1481816622042183
1793,2,1.527704588643858,1,-.1481816622042183
1793,3,-.1332124328472315,1,-.1481816622042183
1794,1,.6689139414501528,0,.2789551937879577
1794,2,-.9885925510617091,0,.2789551937879577
1794,3,-1.471209059493205,0,.2789551937879577
1795,1,-.012194093337818,1,-1.170145254818118
1795,2,.8286476061149065,1,-1.170145254818118
1795,3,1.151388193013484,1,-1.170145254818118
1796,1,-1.347857419104015,1,.8382384581746778
1796,2,-.4067291954131501,1,.8382384581746778
1796,3,.2768085475436416,1,.8382384581746778
1797,1,2.949097521922202,1,.0938603397340085
1797,2,1.379021486188186,1,.0938603397340085
1797,3,3.279318634610657,1,.0938603397340085
1798,1,-3.684039352553229,1,.2031124314118958
1798,2,-2.705840127225839,1,.2031124314118958
1798,3,-2.960882307587892,1,.2031124314118958
1799,1,.4936045101912666,0,1.268748928254557
1799,2,.799313393050177,0,1.268748928254557
1799,3,3.12044565346226,0,1.268748928254557
1800,1,1.099314482644814,0,-1.962099841742506
1800,2,-1.470875073264778,0,-1.962099841742506
1800,3,-1.191734886677004,0,-1.962099841742506
1801,1,1.372458478182254,1,-.7223110307734205
1801,2,2.007953667473408,1,-.7223110307734205
1801,3,.998246312751195,1,-.7223110307734205
1802,1,2.403594271743529,1,-.4910642551783409
1802,2,-.3533929962802683,1,-.4910642551783409
1802,3,.2086451124153673,1,-.4910642551783409
1803,1,-.7066538244575333,1,1.61804097433365
1803,2,-1.751104431201268,1,1.61804097433365
1803,3,-2.067110362475785,1,1.61804097433365
1804,1,1.569262755502767,1,-1.314332727008033
1804,2,.4989203766060118,1,-1.314332727008033
1804,3,1.477456795150218,1,-1.314332727008033
1805,1,-1.035455959583329,1,-.1256980163552578
1805,2,.2883704172065522,1,-.1256980163552578
1805,3,1.692152575136304,1,-.1256980163552578
1806,1,-1.129870120061133,0,-.7350084058209568
1806,2,-2.194617947113938,0,-.7350084058209568
1806,3,-.6122625605363932,0,-.7350084058209568
1807,1,.342500680884133,1,.1978870760585132
1807,2,-.0251696589855428,1,.1978870760585132
1807,3,1.987745596517833,1,.1978870760585132
1808,1,1.505437934599873,1,2.573019065667793
1808,2,1.195229674910521,1,2.573019065667793
1808,3,1.206568231493348,1,2.573019065667793
1809,1,-1.631173510989426,0,.1512245867590135
1809,2,-1.335764857692004,0,.1512245867590135
1809,3,1.085250961927872,0,.1512245867590135
1810,1,.6735557114671086,1,2.095404622152303
1810,2,-.7708454178729296,1,2.095404622152303
1810,3,2.677015209823084,1,2.095404622152303
1811,1,-1.033211030136431,1,.950553360578536
1811,2,-.1625753838092306,1,.950553360578536
1811,3,.9885165169567812,1,.950553360578536
1812,1,-1.767435032532433,0,-.2008227766720806
1812,2,-.5621560824975448,0,-.2008227766720806
1812,3,.0114452554696141,0,-.2008227766720806
1813,1,-1.597007551916306,0,-.3056311181202768
1813,2,.3099634871225022,0,-.3056311181202768
1813,3,-.589497969746675,0,-.3056311181202768
1814,1,.0174372504717721,0,1.246594672297176
1814,2,1.162648205248765,0,1.246594672297176
1814,3,.6867607671568821,0,1.246594672297176
1815,1,.7435571520762557,1,-.950023673008807
1815,2,-.7853534138571043,1,-.950023673008807
1815,3,.3481165972878596,1,-.950023673008807
1816,1,.0991583180620929,0,-.6838072673937591
1816,2,.5320608513547399,0,-.6838072673937591
1816,3,.5530361426911294,0,-.6838072673937591
1817,1,-.5653766397644946,1,-.3961660150175393
1817,2,.119264709259896,1,-.3961660150175393
1817,3,1.743248365335285,1,-.3961660150175393
1818,1,1.50870283461254,1,2.212942144876336
1818,2,.7042463485867387,1,2.212942144876336
1818,3,2.476776790089459,1,2.212942144876336
1819,1,1.141940601374065,0,-.4582704411459586
1819,2,1.359217786440986,0,-.4582704411459586
1819,3,1.780527031879711,0,-.4582704411459586
1820,1,1.093260481406146,0,.0575270747550322
1820,2,.223335450269989,0,.0575270747550322
1820,3,.9854759499942882,0,.0575270747550322
1821,1,.9848215290842848,0,-.1446216593234704
1821,2,.9578400766981904,0,-.1446216593234704
1821,3,3.870285673447972,0,-.1446216593234704
1822,1,.5804052190321786,0,.0065152148976783
1822,2,-.4388314878443809,0,.0065152148976783
1822,3,2.289360828458447,0,.0065152148976783
1823,1,2.693480109155424,1,1.851411120239005
1823,2,-2.507537364634135,1,1.851411120239005
1823,3,-.133007561832991,1,1.851411120239005
1824,1,.7146024554295224,1,.6807682954007194
1824,2,-.1332355294724856,1,.6807682954007194
1824,3,-1.068811813129451,1,.6807682954007194
1825,1,.8017877758972443,1,1.208911128145597
1825,2,.5524573682457976,1,1.208911128145597
1825,3,4.004266671747093,1,1.208911128145597
1826,1,-.6381005777368798,1,-1.356036089017694
1826,2,1.151051230372298,1,-1.356036089017694
1826,3,1.054576221787747,1,-1.356036089017694
1827,1,-.2629797574177526,0,-.4306813971510092
1827,2,2.378184930855138,0,-.4306813971510092
1827,3,.9112720345190263,0,-.4306813971510092
1828,1,2.59110898350597,0,-.8569154261584571
1828,2,1.768595017455821,0,-.8569154261584571
1828,3,3.919673267652882,0,-.8569154261584571
1829,1,-2.161973672728256,1,.7720323617130621
1829,2,.0205939448494546,1,.7720323617130621
1829,3,1.400446869652249,1,.7720323617130621
1830,1,1.300548411860291,1,-.7294920961252733
1830,2,1.920746928424273,1,-.7294920961252733
1830,3,3.231913807315558,1,-.7294920961252733
1831,1,.2071296554850919,1,-.5409546937282146
1831,2,-.8886304383905783,1,-.5409546937282146
1831,3,3.900527457808249,1,-.5409546937282146
1832,1,-.0231419023964381,0,.490922293025159
1832,2,.1960831787911617,0,.490922293025159
1832,3,-2.201671581027897,0,.490922293025159
1833,1,-.2026426419281583,0,-.0756727536681704
1833,2,.7618147421047933,0,-.0756727536681704
1833,3,-.7690325393635262,0,-.0756727536681704
1834,1,-.8257052638397093,1,-.4329667677213154
1834,2,-.6772286048471485,1,-.4329667677213154
1834,3,2.023220362117957,1,-.4329667677213154
1835,1,-.4401479447730973,0,-1.405657623654362
1835,2,1.18159001272309,0,-1.405657623654362
1835,3,.961670255666868,0,-1.405657623654362
1836,1,-.528374711710595,1,.4257734415883008
1836,2,-1.839332984900521,1,.4257734415883008
1836,3,-1.433572780347978,1,.4257734415883008
1837,1,2.878290385953357,0,-2.140687395418052
1837,2,2.00387230666513,0,-2.140687395418052
1837,3,2.639592733894403,0,-2.140687395418052
1838,1,-2.318907267756731,0,.5018967497663415
1838,2,-.7471098928054671,0,.5018967497663415
1838,3,-1.150284061627536,0,.5018967497663415
1839,1,1.270472653745754,0,-.5517257083427132
1839,2,.5123200665071854,0,-.5517257083427132
1839,3,.6279801479379057,0,-.5517257083427132
1840,1,.315257284045548,1,1.506617184554067
1840,2,-1.147171818412686,1,1.506617184554067
1840,3,2.473579985671365,1,1.506617184554067
1841,1,-.9604889333836741,0,.8029921005251128
1841,2,-1.859992703548837,0,.8029921005251128
1841,3,-2.187944456837167,0,.8029921005251128
1842,1,-.8494799922742211,1,.7079780948563813
1842,2,-.0930438707636666,1,.7079780948563813
1842,3,1.012672862698197,1,.7079780948563813
1843,1,-3.201306809814753,0,-1.051736689512945
1843,2,.1307105067283784,0,-1.051736689512945
1843,3,.0775246897935585,0,-1.051736689512945
1844,1,-.3219118509878406,0,-1.012174042133811
1844,2,-.0166903702590069,0,-1.012174042133811
1844,3,1.008836343051921,0,-1.012174042133811
1845,1,-1.460039484500058,1,-.4044247768262088
1845,2,1.612475357414193,1,-.4044247768262088
1845,3,1.817332834216263,1,-.4044247768262088
1846,1,-.5011591726025669,1,2.502269956502197
1846,2,-.2617014035616484,1,2.502269956502197
1846,3,-1.740395571974529,1,2.502269956502197
1847,1,3.044173547801255,0,.9424326442066807
1847,2,2.582701613595201,0,.9424326442066807
1847,3,.7007834977373887,0,.9424326442066807
1848,1,.1482492766344316,1,2.327222206117348
1848,2,-2.066980184242216,1,2.327222206117348
1848,3,1.040399357621147,1,2.327222206117348
1849,1,-.8843393173937354,1,.9389859385036735
1849,2,.5865808497030433,1,.9389859385036735
1849,3,-.1161646385111753,1,.9389859385036735
1850,1,-1.279756208030968,0,-1.716936772302478
1850,2,-.1417467442606594,0,-1.716936772302478
1850,3,1.02851694286983,0,-1.716936772302478
1851,1,-1.332464392504832,0,-.4565704949517578
1851,2,-.1611695207305566,0,-.4565704949517578
1851,3,-.3528371615121553,0,-.4565704949517578
1852,1,2.593473132260477,0,.8415817189164704
1852,2,1.060016661849347,0,.8415817189164704
1852,3,.935481953780554,0,.8415817189164704
1853,1,.2093657438327468,0,.8610644072568742
1853,2,2.459747929672767,0,.8610644072568742
1853,3,2.786070116008375,0,.8610644072568742
1854,1,-.0139366887489001,1,.4849703030966507
1854,2,.1604657868768062,1,.4849703030966507
1854,3,.5645274162544959,1,.4849703030966507
1855,1,.531753198216669,1,-.6558459496630996
1855,2,.4029489713786872,1,-.6558459496630996
1855,3,2.683206879525232,1,-.6558459496630996
1856,1,.3627587769382484,0,-.521723300105475
1856,2,.2671963350644893,0,-.521723300105475
1856,3,.2172591238910918,0,-.521723300105475
1857,1,1.480807363149082,0,-.0453860754786722
1857,2,.1639133814178002,0,-.0453860754786722
1857,3,2.139871198722931,0,-.0453860754786722
1858,1,-.3847583053170264,0,-1.625515518700061
1858,2,.3069343067149158,0,-1.625515518700061
1858,3,.439022795681835,0,-1.625515518700061
1859,1,-1.689111740212959,0,-.6542742106948226
1859,2,-2.088617712027018,0,-.6542742106948226
1859,3,-1.034188854494416,0,-.6542742106948226
1860,1,-2.09815263795158,0,1.395927620053944
1860,2,.0031069820436502,0,1.395927620053944
1860,3,-2.523124764057087,0,1.395927620053944
1861,1,1.445090263760467,1,-1.502271445020988
1861,2,2.444232522072563,1,-1.502271445020988
1861,3,2.811958869203278,1,-1.502271445020988
1862,1,-1.271591610739383,1,-2.087293013562709
1862,2,.5455911355337805,1,-2.087293013562709
1862,3,.7114095124502807,1,-2.087293013562709
1863,1,2.466528391579444,1,1.442587307078584
1863,2,2.194936958379936,1,1.442587307078584
1863,3,1.805186928549455,1,1.442587307078584
1864,1,-.6905226157909624,0,-3.054143898244355
1864,2,.3911484576685404,0,-3.054143898244355
1864,3,-1.44716782256243,0,-3.054143898244355
1865,1,-1.945063191113439,1,-.7380334784660657
1865,2,-.395298137487041,1,-.7380334784660657
1865,3,-1.62972994099066,1,-.7380334784660657
1866,1,-.3994918010016364,1,2.016891572045197
1866,2,-2.588344332289099,1,2.016891572045197
1866,3,.465405102656679,1,2.016891572045197
1867,1,1.257054982286547,1,-1.071369284829225
1867,2,2.029157390694949,1,-1.071369284829225
1867,3,2.402912823665625,1,-1.071369284829225
1868,1,-3.404355789379583,1,-.3539883982518082
1868,2,.0791779437495091,1,-.3539883982518082
1868,3,-.2015926542589808,1,-.3539883982518082
1869,1,2.987295243649411,1,-.7247934953597895
1869,2,1.973883642754466,1,-.7247934953597895
1869,3,2.116096373960517,1,-.7247934953597895
1870,1,2.09041130805309,1,.076520794540092
1870,2,.4770923481959007,1,.076520794540092
1870,3,2.27164774435272,1,.076520794540092
1871,1,1.092503087735618,0,-.3352704904763073
1871,2,1.024686088293408,0,-.3352704904763073
1871,3,1.458978708550197,0,-.3352704904763073
1872,1,1.387541597755415,1,.5447644447157516
1872,2,.9521142164230203,1,.5447644447157516
1872,3,.7472584363635375,1,.5447644447157516
1873,1,1.020849310305407,0,.1639752042011905
1873,2,.6291722460146593,0,.1639752042011905
1873,3,-.0742242527241049,0,.1639752042011905
1874,1,1.717286397276549,0,-.1961255184319302
1874,2,.3494972301922187,0,-.1961255184319302
1874,3,-1.788179164679166,0,-.1961255184319302
1875,1,.041494831757235,1,.1693019830485555
1875,2,1.046029051848498,1,.1693019830485555
1875,3,-.703172218414343,1,.1693019830485555
1876,1,.3541715137765786,0,-.2365043860431205
1876,2,.2851933530520797,0,-.2365043860431205
1876,3,1.621193052467558,0,-.2365043860431205
1877,1,.6865512514218756,1,-.6539310690285882
1877,2,2.017111516940086,1,-.6539310690285882
1877,3,1.274745118678494,1,-.6539310690285882
1878,1,1.369959477481809,0,.0371536081752399
1878,2,.7235635525940941,0,.0371536081752399
1878,3,.9119776389869769,0,.0371536081752399
1879,1,-.4326301481867528,1,.8694028372551124
1879,2,-.1957806894543876,1,.8694028372551124
1879,3,.5460384518287881,1,.8694028372551124
1880,1,.5640058403493047,0,.0329452608910603
1880,2,2.038882692017674,0,.0329452608910603
1880,3,1.432311544322101,0,.0329452608910603
1881,1,.5408896539806276,0,-.086245735598955
1881,2,-.0012604261846836,0,-.086245735598955
1881,3,.2125464457164408,0,-.086245735598955
1882,1,1.118533289756619,1,.3006291831753358
1882,2,.3545583824667749,1,.3006291831753358
1882,3,2.317845612348731,1,.3006291831753358
1883,1,-2.001348289660959,0,1.711966996559244
1883,2,-1.688272490116901,0,1.711966996559244
1883,3,-1.423832600421675,0,1.711966996559244
1884,1,-3.189886817515484,0,-1.938371094880491
1884,2,-1.666019375101698,0,-1.938371094880491
1884,3,1.133506611927936,0,-1.938371094880491
1885,1,.1168859980150931,0,-.8423492316525166
1885,2,-1.094857166192154,0,-.8423492316525166
1885,3,.7011839801338032,0,-.8423492316525166
1886,1,.3107230785714402,1,.8068991782725541
1886,2,-.0338434431999235,1,.8068991782725541
1886,3,.9286782608529922,1,.8068991782725541
1887,1,-1.570285206572133,1,-.32552431448184
1887,2,-.1881311702438193,1,-.32552431448184
1887,3,.9416604600430722,1,-.32552431448184
1888,1,1.737073629280933,1,1.409885491935817
1888,2,-.2392378774715536,1,1.409885491935817
1888,3,.4680878563212573,1,1.409885491935817
1889,1,.9006273424875695,0,1.409976647189606
1889,2,-.0311034916828574,0,1.409976647189606
1889,3,-.1873657518140409,0,1.409976647189606
1890,1,1.039169022656444,0,-.9847934190061501
1890,2,1.833424408095879,0,-.9847934190061501
1890,3,1.408961774573578,0,-.9847934190061501
1891,1,-.2041906292947137,0,1.251080542242389
1891,2,.1746317404614851,0,1.251080542242389
1891,3,1.3804017257172,0,1.251080542242389
1892,1,.1305161761524353,1,.2414779039612733
1892,2,-.2604274555330884,1,.2414779039612733
1892,3,1.961777238107324,1,.2414779039612733
1893,1,.4594459245862319,1,.5950591074767204
1893,2,.8419812416054422,1,.5950591074767204
1893,3,.4151095171934931,1,.5950591074767204
1894,1,-.0380193284966506,0,-.730293203904539
1894,2,-1.771278331600622,0,-.730293203904539
1894,3,-.1385476866370217,0,-.730293203904539
1895,1,3.783762295698304,1,.2076750004749271
1895,2,2.892050417139065,1,.2076750004749271
1895,3,3.09449349803279,1,.2076750004749271
1896,1,1.973210649524062,1,-1.130613737480824
1896,2,.0653236945390276,1,-1.130613737480824
1896,3,2.379390619810171,1,-1.130613737480824
1897,1,.9112574760637281,0,.1281012817354397
1897,2,.2070371085598078,0,.1281012817354397
1897,3,-1.221675076381382,0,.1281012817354397
1898,1,2.579264843360633,1,-.7075684709414422
1898,2,2.491309526867413,1,-.7075684709414422
1898,3,2.41976094619616,1,-.7075684709414422
1899,1,1.12440190095578,1,-.0184371057574306
1899,2,.0085047859244919,1,-.0184371057574306
1899,3,.7070721174588415,1,-.0184371057574306
1900,1,1.908561761418106,1,-1.418444669163909
1900,2,.7988279483174943,1,-1.418444669163909
1900,3,.1323884572751531,1,-1.418444669163909
1901,1,-1.152518126320324,0,.3618275617363857
1901,2,1.732125728278597,0,.3618275617363857
1901,3,3.810488020314964,0,.3618275617363857
1902,1,.6833610417029885,1,1.134306049546877
1902,2,-2.378666896926628,1,1.134306049546877
1902,3,.1840071569603141,1,1.134306049546877
1903,1,1.798539190393993,1,.7154215692465934
1903,2,3.709687725188837,1,.7154215692465934
1903,3,2.529818380106247,1,.7154215692465934
1904,1,-.5998196516911289,1,-.1203426926996327
1904,2,.8141067254663142,1,-.1203426926996327
1904,3,-.3621895943128927,1,-.1203426926996327
1905,1,2.232118141553259,0,-1.880908740361096
1905,2,.9693657567826104,0,-1.880908740361096
1905,3,.7723046992417795,0,-1.880908740361096
1906,1,.2814422583400742,1,-.450433435390131
1906,2,1.14711746292271,1,-.450433435390131
1906,3,2.07836619069598,1,-.450433435390131
1907,1,.2423690402894809,1,.2392238650139218
1907,2,.3914356892927231,1,.2392238650139218
1907,3,3.164686931860742,1,.2392238650139218
1908,1,2.261610042372176,0,.8461621144230815
1908,2,1.263026930985927,0,.8461621144230815
1908,3,.4729026188758053,0,.8461621144230815
1909,1,-.5404309036438326,1,1.415230715064341
1909,2,1.593805605162071,1,1.415230715064341
1909,3,2.399443983095658,1,1.415230715064341
1910,1,-2.86457902692264,1,-.3572026408253099
1910,2,-1.647820834903302,1,-.3572026408253099
1910,3,-2.16648479743101,1,-.3572026408253099
1911,1,1.015068807968974,1,.0806526056148903
1911,2,1.728126869065055,1,.0806526056148903
1911,3,-.622603925032412,1,.0806526056148903
1912,1,-.4458377590029785,0,-.7430244632065398
1912,2,-1.229522498667638,0,-.7430244632065398
1912,3,-.3596421497042179,0,-.7430244632065398
1913,1,.225355268229523,1,-.8939680890814176
1913,2,-.4002352089400433,1,-.8939680890814176
1913,3,1.048534630445496,1,-.8939680890814176
1914,1,-.0434950459008073,0,1.394963456116054
1914,2,-1.93491244032955,0,1.394963456116054
1914,3,.677945876463249,0,1.394963456116054
1915,1,-1.226037702026739,1,-.9880625807770502
1915,2,-.7650048315795264,1,-.9880625807770502
1915,3,1.145687659912637,1,-.9880625807770502
1916,1,.9425826895931555,0,.0099832448980647
1916,2,.5789913031405028,0,.0099832448980647
1916,3,.7536714449574792,0,.0099832448980647
1917,1,-1.21360792783593,0,.8321947794815809
1917,2,-1.687334554590128,0,.8321947794815809
1917,3,-1.307291647521593,0,.8321947794815809
1918,1,-.519498153789969,1,-.6439466548169385
1918,2,-.1149295488012652,1,-.6439466548169385
1918,3,-.1694934051960507,1,-.6439466548169385
1919,1,-.6449825480142533,1,.7303638096346236
1919,2,.0817873244152325,1,.7303638096346236
1919,3,2.455664255636938,1,.7303638096346236
1920,1,-.8987096976054574,0,-.4385251270994079
1920,2,.6139449237040477,0,-.4385251270994079
1920,3,-2.668281224969084,0,-.4385251270994079
1921,1,.4887862373788137,0,-.7160547049326419
1921,2,3.874920856235141,0,-.7160547049326419
1921,3,.8216528144410716,0,-.7160547049326419
1922,1,.6713565461433538,1,-.789357771997145
1922,2,.7697937410059768,1,-.789357771997145
1922,3,3.031791982192987,1,-.789357771997145
1923,1,-.3722386198120414,1,.9182262814906651
1923,2,-.9000378523678616,1,.9182262814906651
1923,3,.1597923292259361,1,.9182262814906651
1924,1,.7491760275048702,1,.392377907605292
1924,2,.5251395729545162,1,.392377907605292
1924,3,1.380220590869659,1,.392377907605292
1925,1,-2.285390324947691,0,.0665700752792864
1925,2,-2.097559804026135,0,.0665700752792864
1925,3,.4390526853316896,0,.0665700752792864
1926,1,-1.733412215127254,1,-.0688264687169224
1926,2,-.2213352933107897,1,-.0688264687169224
1926,3,-.6601064226535127,1,-.0688264687169224
1927,1,-.7769612741290258,0,1.038736647834604
1927,2,-.202731047149052,0,1.038736647834604
1927,3,-.3462651588373394,0,1.038736647834604
1928,1,-.4794037533742126,0,-.9181018242111224
1928,2,-.9684975198368516,0,-.9181018242111224
1928,3,-.9492734111176249,0,-.9181018242111224
1929,1,.7543475077398019,0,1.332921518401469
1929,2,-.043888272227667,0,1.332921518401469
1929,3,1.864192788991155,0,1.332921518401469
1930,1,-.5461788335194462,0,1.685308842070725
1930,2,-.7450494261147262,0,1.685308842070725
1930,3,-.2289651910455805,0,1.685308842070725
1931,1,1.197095656778385,0,-.4350836987673542
1931,2,-.7787675684770589,0,-.4350836987673542
1931,3,.6721819654822916,0,-.4350836987673542
1932,1,1.722257872972794,1,.4508926545769874
1932,2,.4954085282455609,1,.4508926545769874
1932,3,1.740139126585787,1,.4508926545769874
1933,1,-1.243451736523935,1,-1.095836682484224
1933,2,3.021301646904574,1,-1.095836682484224
1933,3,.4611971833504847,1,-1.095836682484224
1934,1,1.185586116927312,0,-1.484748843026071
1934,2,.2015198710291271,0,-1.484748843026071
1934,3,.1776509972225719,0,-1.484748843026071
1935,1,-.8537495137836901,0,-.7214340776257124
1935,2,.9591230849135182,0,-.7214340776257124
1935,3,-.2602209159648291,0,-.7214340776257124
1936,1,-.0120091489644858,1,-.2075899385757028
1936,2,-1.214686785963642,1,-.2075899385757028
1936,3,.4541808589631156,1,-.2075899385757028
1937,1,1.694243629422912,0,.0078197181655851
1937,2,-.4410027322793046,0,.0078197181655851
1937,3,1.087139203185632,0,.0078197181655851
1938,1,-.3827385517078477,0,-1.348973095084765
1938,2,-.3180088096872306,0,-1.348973095084765
1938,3,.2447933757089034,0,-1.348973095084765
1939,1,-.0877797873921588,0,.0526906636698532
1939,2,-.8226782574913102,0,.0526906636698532
1939,3,.5403076098153416,0,.0526906636698532
1940,1,1.255190353646172,0,-.730384788600548
1940,2,2.060250941863381,0,-.730384788600548
1940,3,-.141618888206227,0,-.730384788600548
1941,1,.3222982302771888,1,-.43862728955577
1941,2,1.05855724103821,1,-.43862728955577
1941,3,-1.462076402612436,1,-.43862728955577
1942,1,1.510999824393085,1,-.0273799466244022
1942,2,.5256199344051302,1,-.0273799466244022
1942,3,1.364234635276728,1,-.0273799466244022
1943,1,-.6015748267496511,1,-1.36155645988519
1943,2,-.3696801751450903,1,-1.36155645988519
1943,3,.0721316541900859,1,-1.36155645988519
1944,1,.5694315698269913,1,-.530877371779261
1944,2,-.2896347886362095,1,-.530877371779261
1944,3,-.2938740204440584,1,-.530877371779261
1945,1,.8509863479661072,1,-.100921308751619
1945,2,4.319399260872126,1,-.100921308751619
1945,3,3.287156909289814,1,-.100921308751619
1946,1,2.891452026141833,0,-2.082016983910109
1946,2,2.534489961379887,0,-2.082016983910109
1946,3,.4528255965166088,0,-2.082016983910109
1947,1,-1.141878750647279,1,-1.141465613098382
1947,2,2.054083164962144,1,-1.141465613098382
1947,3,2.845557541880617,1,-1.141465613098382
1948,1,-.5783970213637885,1,-1.165050183870721
1948,2,1.512342101146074,1,-1.165050183870721
1948,3,1.481774232894504,1,-1.165050183870721
1949,1,2.764671048104762,0,-.5918679379344725
1949,2,.9887511304231641,0,-.5918679379344725
1949,3,1.911600717730563,0,-.5918679379344725
1950,1,-.0792684318148277,0,.3095663825380892
1950,2,1.382276031249682,0,.3095663825380892
1950,3,-2.087366643070102,0,.3095663825380892
1951,1,-.8185512882990419,1,.5593595426483763
1951,2,-1.834157511832899,1,.5593595426483763
1951,3,.8811550531867751,1,.5593595426483763
1952,1,1.629660510176115,1,-.1668160447629512
1952,2,1.687267103794044,1,-.1668160447629512
1952,3,1.123384260003442,1,-.1668160447629512
1953,1,-2.333153975388835,1,-.742822640352548
1953,2,-.7748714994847858,1,-.742822640352548
1953,3,-.797654255962826,1,-.742822640352548
1954,1,1.580593100822382,0,-.1524033437934679
1954,2,-2.370183754406358,0,-.1524033437934679
1954,3,-1.022406589560539,0,-.1524033437934679
1955,1,-.9447254967018081,0,1.101686186745309
1955,2,.6773627606679977,0,1.101686186745309
1955,3,-.455173039384094,0,1.101686186745309
1956,1,.2412740384926095,1,-.6429865057084539
1956,2,-1.968052306545005,1,-.6429865057084539
1956,3,.1085100194784646,1,-.6429865057084539
1957,1,-2.11939484737567,0,-.789370779535433
1957,2,-.5346512735968116,0,-.789370779535433
1957,3,-.1189741865734867,0,-.789370779535433
1958,1,2.673706788920004,1,.910879417658486
1958,2,2.465100537900981,1,.910879417658486
1958,3,1.779442496278994,1,.910879417658486
1959,1,.449329845815913,0,1.174703595100481
1959,2,.3704375461782612,0,1.174703595100481
1959,3,-.7517340696456705,0,1.174703595100481
1960,1,1.38353664104874,1,.8936819826953316
1960,2,2.096876675119366,1,.8936819826953316
1960,3,1.212888553125672,1,.8936819826953316
1961,1,.167378557264544,1,-.2974459053208466
1961,2,2.223999222427849,1,-.2974459053208466
1961,3,1.807940754368665,1,-.2974459053208466
1962,1,-.1536370269565397,0,-.4263361628331013
1962,2,.0627680057705196,0,-.4263361628331013
1962,3,1.229934420485918,0,-.4263361628331013
1963,1,-1.806956132655374,0,-.4247689370899859
1963,2,-.62182403997658,0,-.4247689370899859
1963,3,-.5462666852385113,0,-.4247689370899859
1964,1,1.944608874037961,0,-.8411230813789387
1964,2,.4520439888753687,0,-.8411230813789387
1964,3,3.971472554270785,0,-.8411230813789387
1965,1,1.634039337275091,1,2.263553017577328
1965,2,-.4645135034848721,1,2.263553017577328
1965,3,.8504629146908782,1,2.263553017577328
1966,1,-.3938626068906051,1,-.2420452405050279
1966,2,-.7904518291937167,1,-.2420452405050279
1966,3,.6979603972742167,1,-.2420452405050279
1967,1,.0313945189191457,0,-.5327682129334667
1967,2,.1181368682674128,0,-.5327682129334667
1967,3,1.374198831510082,0,-.5327682129334667
1968,1,-1.106643787469526,0,.3544482275860117
1968,2,-1.341407515517132,0,.3544482275860117
1968,3,-.1206375799412316,0,.3544482275860117
1969,1,-2.016825101258059,0,.5484666726138988
1969,2,1.201747311169854,0,.5484666726138988
1969,3,1.099362910798216,0,.5484666726138988
1970,1,.5201986951469759,1,-.8200873042488959
1970,2,1.814416595352756,1,-.8200873042488959
1970,3,.6879392060686417,1,-.8200873042488959
1971,1,1.170654645694461,0,-1.956085753327634
1971,2,.6552557371357134,0,-1.956085753327634
1971,3,-1.02491547089776,0,-1.956085753327634
1972,1,-1.009488871983588,0,-.9132999949022423
1972,2,-.7555088136027444,0,-.9132999949022423
1972,3,2.185700679241157,0,-.9132999949022423
1973,1,.2044864858322301,1,-.8012688294945287
1973,2,1.423812086122998,1,-.8012688294945287
1973,3,2.837256910484699,1,-.8012688294945287
1974,1,-1.324220463736734,1,-1.203792480215623
1974,2,-1.248832338901749,1,-1.203792480215623
1974,3,-.4105558388608357,1,-1.203792480215623
1975,1,.4925265238792346,1,1.274087374200089
1975,2,1.806507425776258,1,1.274087374200089
1975,3,.919676945651383,1,1.274087374200089
1976,1,2.100096930571802,0,.1959347673836568
1976,2,1.567028900076405,0,.1959347673836568
1976,3,.5734404500477041,0,.1959347673836568
1977,1,-.8654799920351071,0,-.8909896930644375
1977,2,-.8505835565109053,0,-.8909896930644375
1977,3,-.3213259766439486,0,-.8909896930644375
1978,1,.1758601645477492,0,1.164008473994829
1978,2,.93652624245704,0,1.164008473994829
1978,3,1.339436979963284,0,1.164008473994829
1979,1,-1.521800320887087,0,-.9522698189286259
1979,2,-2.120841907796161,0,-.9522698189286259
1979,3,-1.789190862295806,0,-.9522698189286259
1980,1,-.0769566752201688,0,-.2899833325666415
1980,2,.6786969882052277,0,-.2899833325666415
1980,3,1.649567509937766,0,-.2899833325666415
1981,1,2.072350642000095,0,.0420855792593286
1981,2,1.986952802926143,0,.0420855792593286
1981,3,3.513551887885055,0,.0420855792593286
1982,1,.96612607961052,0,-.9680501202781664
1982,2,-.1023084576328879,0,-.9680501202781664
1982,3,1.563179025456595,0,-.9680501202781664
1983,1,.2435097165961551,0,1.217102010798901
1983,2,-.1159439868406879,0,1.217102010798901
1983,3,-.4468372107418453,0,1.217102010798901
1984,1,-1.121272288468603,0,-1.303077202178978
1984,2,-.3724565030360113,0,-1.303077202178978
1984,3,-.711774471471196,0,-1.303077202178978
1985,1,-.1694174671246405,0,-1.421464402859046
1985,2,-.4760297029399869,0,-1.421464402859046
1985,3,-1.48791877773332,0,-1.421464402859046
1986,1,.2932934811412883,0,-1.218685032766172
1986,2,1.054083210774867,0,-1.218685032766172
1986,3,2.740108819502618,0,-1.218685032766172
1987,1,-1.085203950870625,0,-1.182534523914033
1987,2,-.3360521584554888,0,-1.182534523914033
1987,3,-.861637364400631,0,-1.182534523914033
1988,1,-.193579642416981,1,1.800758050760107
1988,2,-.485834626627225,1,1.800758050760107
1988,3,-1.610741574267565,1,1.800758050760107
1989,1,-1.117758742021404,1,1.664564707765183
1989,2,-2.300999513534355,1,1.664564707765183
1989,3,-.0891325336913573,1,1.664564707765183
1990,1,-2.475211055730684,0,.5163914942472916
1990,2,-2.225123643712655,0,.5163914942472916
1990,3,-.9285364407460862,0,.5163914942472916
1991,1,.2488819780816969,1,-.8949495803256562
1991,2,.5368838336634445,1,-.8949495803256562
1991,3,2.035581490117774,1,-.8949495803256562
1992,1,-.2453063056001115,0,-1.696056476957278
1992,2,1.113759817888022,0,-1.696056476957278
1992,3,1.873231032740597,0,-1.696056476957278
1993,1,-.525968759494391,1,.2101366674231748
1993,2,-.3557078391963275,1,.2101366674231748
1993,3,1.321948036432532,1,.2101366674231748
1994,1,4.907148938823775,1,1.347141391699422
1994,2,.1337988184933678,1,1.347141391699422
1994,3,1.223734242282477,1,1.347141391699422
1995,1,-.4180004474148288,1,1.538333648319856
1995,2,-.2400115297668238,1,1.538333648319856
1995,3,.6442567781004972,1,1.538333648319856
1996,1,.2169927042505913,1,.8428162036501362
1996,2,-.0464364773468373,1,.8428162036501362
1996,3,.1884490005305322,1,.8428162036501362
1997,1,-.3497043896974366,0,-2.512137447856332
1997,2,-.4542873099328084,0,-2.512137447856332
1997,3,.11139701618311,0,-2.512137447856332
1998,1,.8524601431906854,0,-1.277873830375466
1998,2,-1.442168787306936,0,-1.277873830375466
1998,3,.5699490698124051,0,-1.277873830375466
1999,1,1.366272789719567,0,-.6041017074324617
1999,2,.3021051271559038,0,-.6041017074324617
1999,3,2.036792926430858,0,-.6041017074324617
2000,1,-.6873486360533488,0,-1.598609343848798
2000,2,-1.930784272107087,0,-1.598609343848798
2000,3,-.0436055429970352,0,-1.598609343848798
